Channel,Distance_(um),Y0,Y1,Y2,Y3,Y4,Y5,Y6,Y7,Y8,Y9,Y10,Y11,Y12,Y13,Y14,Y15,Y16,Y17,Y18,Y19,Y20,Y21,Y22,Y23,Y24,Y25,Y26,Y27,Y28,Y29,Y30,Y31,Y32,Y33,Y34,Y35,Y36,Y37,Y38
FM,0,7040,10070,8422,6868.336,7831.324,8330.586,8214.418,6514,7785.105,8499.638,7856,6736,7671,7487.25,6995.5,7618,7990,8623,7144.75,6716.5,5724,6165,6253.25,7426.25,6603.75,10503,7063.375,5346.375,6366,5921,5697.25,6550,6074.5,5812,5664.688,4370.562,6358,7200.375,6061
FM,0.0645,8916.16,12460.249,10074.027,8123.718,10152.287,9670.296,9950.188,7536.68,10139.864,10392.436,9607.767,7822.206,8990.566,8786.923,8642.24,9310.208,9290.205,10400.87,8200.16,7703,6671.35,7759.684,6948.8,8840.346,7926.787,10677.164,7912.961,6069.535,7166.958,7188.879,6665.95,8056.243,7132.622,6774.568,6248.99,4913.294,7246.442,8382.652,7258.024
FM,0.129,11895.2,16238.401,13201.304,10206.831,13877.663,12297.032,13186.351,9396.32,13817.007,13594.728,12751.634,10248.527,11038.298,11188.473,11437.94,12120.997,12512.346,13392.48,10113.21,9615.38,8501.54,9984.364,8280.606,11185.506,9540.968,12562.83,9452.189,6930.504,8904.702,9324.903,8134.596,10734.686,8684.227,8213.88,7455.665,5758.88,8809.069,10256.825,9051.409
FM,0.1935,16064.16,20255.928,16802.5,13352.496,18246.262,16211.253,17065.336,12653.4,18390.295,17326.498,16996.307,13984.086,14495.224,14509.55,15255.72,15649.944,16906.137,17511.07,13286.41,12279.8,11111.324,12826.031,10788,14723.522,12059.974,15426.095,11898.759,8185.944,11649.322,12379.629,10713.715,13908.271,11662.606,11005.092,9404.583,6941.36,11690.041,13328.983,11698.284
FM,0.258,20629.279,23050.494,20433.232,17728.24,22767.539,20090.561,20744.066,17473.859,22120.982,20625.979,21129.061,18440.057,18747.789,17917.084,18373.74,18474.66,21145.488,22510.92,16431.57,15184.47,14247.386,15399.144,13963.364,18136.875,15026.676,18411.016,15606.582,10440.021,15066.651,15069.679,13735.69,16882.238,14742.494,14530.32,12399.297,9154.451,14939.947,16172.933,14983.024
FM,0.3225,23806,23049.855,22867.092,21757.201,24701.924,22424.363,22823.549,21793.6,23595.52,22115.008,23220.785,21651.277,21485.721,20473.051,19361.6,19440.16,23847.613,27138.5,18638.65,17301.6,16423.92,16095.275,17392.699,19898.721,17241.1,20105.664,19093.34,13598.985,17970.529,16481.4,16380.5,18374.35,17286.75,17230.199,16063.64,12325.35,17371.25,18391.75,16917.17
FM,0.387,24330.119,21063.365,22734.297,24038.355,23873.463,22985.115,22397.859,24492.619,22563.158,21004.238,22522.051,22016.758,21750.287,20842.828,18453.92,17843.9,24170.773,29090.721,17805.199,17636.119,16615.447,14863.62,18912.547,19498.973,17490.225,19905.646,20688.215,17211.006,18567.094,16302.78,16207.175,17777.34,17860.861,17828.721,18893.674,15000.689,18119.754,18905.201,17667.777
FM,0.4515,22426,18657.57,20163.332,23538.922,21428.57,21567.656,20385.076,23642.199,20027.299,18469.158,20022.807,20097.818,20201.846,19589.168,16085.88,15646.95,21951.531,28568.779,15944.75,16341.68,15297.666,12463.63,18833.004,17596.18,16288.163,17453.342,20055.965,19317.955,17241.105,14036.403,14901.848,15870.953,16361.931,16673.355,19909.287,16411.369,16911.711,17764.137,16137.799
FM,0.516,19311.439,16559.406,17991.084,21157.344,18449.484,18973.184,17584.191,20891.76,17167.512,16153.498,16990.637,17397.672,17272.359,16753.332,13878.86,13433.313,18816.176,26064.76,13842.81,14366.61,12747.128,10800.232,17364.762,15245.803,14464.182,14736.136,17855.381,19417.287,14757.67,11938.03,12851.226,13554.035,14268.994,14235,19219.057,15783.368,14559.045,15616.578,13588.05
FM,0.5805,16636.561,15354.81,15892.95,17992.26,15990.48,16892.633,15673.707,17671.561,15234.7,14384.061,14851.656,14641.307,14866.346,14554.32,12295.16,12064.905,16127.886,22855.57,12308.68,12664.12,10987.074,9733.232,15328.424,13721.08,12699.073,12958.381,15334.961,17440.494,12806.94,10393.275,11332.63,11685.405,12493.594,11984.988,17600.182,13682.044,12556.494,13838.024,11452.179
FM,0.645,14753,14377.443,14525.376,15812.438,14799.604,15682.398,14376.368,15452.7,14103.503,13448.9,13652.707,12964.39,13400.65,13221.28,11213,11327.2,14531.25,20885.301,11842.3,11428,10074.68,9165.1,13941.6,12804.79,11586.17,11916.72,12957.15,14843.777,11484.98,9574.48,10247.5,11094.53,11272.875,10629.8,16345.742,11336.65,11335.76,12874.275,10593.36
FM,0.7095,14292.32,13961.987,13632.849,14735.109,13946.219,15111.222,13736.316,14018.36,13453.3,13122.904,13027.201,12294.091,13178.54,12837.963,11337.68,11229.143,13892.737,19421.41,11301.91,10923.33,9469.605,8792.802,13443.87,12732.563,10994.776,11528.827,12374.316,12630.387,11185.113,9374.886,9470.247,10710.095,10787.738,10509.324,15780.432,9740.104,10789.465,12393.234,10082.869
FM,0.774,14100.6,13932.368,13853.033,14319.606,14156.659,15070.191,13907.73,13933.7,13278.718,13220.12,12810.826,11985.038,12943.796,12806.514,11338.04,11191.985,13454.856,18781.961,11301.03,10975.75,9276.949,8770.68,13204.248,12696.332,11286.124,11357.944,12072.317,11675.144,10788.502,9531.144,9490.18,10314.31,10755.008,10330.44,14838.899,9115.668,10574.007,12690.478,9951.128
FM,0.8385,14321.96,14097.522,13738.216,14263.036,13808.403,14980.295,14325.904,13637.2,13351.593,13177.411,12886.654,11912.567,12828.229,12772.501,11701.76,11313.985,13381.716,19105.58,11618.55,11042.1,9233.692,8694.562,13335.688,12912.878,11564.024,11576,11979.967,11636.766,10739.078,9402.743,9335.962,10543.037,10551.69,10328.692,13949.936,9112.502,10585.808,12793.678,9901.61
FM,0.903,14437.96,14347.211,13829.511,14424.584,14125.427,15428.155,14562.242,13391.48,13636.47,13511.992,12909.45,12225.989,12924.252,13413.742,11771.9,11419.29,13462.61,19602.08,11734.37,11373.165,9235.066,8971.188,13860.908,13699.35,11956.982,11592.533,12126.934,11680.077,10853.362,9559.053,9278.093,10743.244,10504.223,10375.288,12683.767,8917.462,10701.661,12931.499,10016.78
FM,0.9675,15149,14987.104,14186.719,14737.277,14665.834,16301.668,15829.596,14068.6,14536.248,14995.244,13360.073,12284.585,13340.28,14432.175,12893.8,11676.6,13699.037,21686.9,12450.75,11762.15,9525.51,9233.45,15149,15407.98,12593.61,12198.98,12351.44,11754.022,11311.13,9887.8,9485.325,11117.88,10735.5,11095.3,12001.32,8900.1,11139.06,13660.325,10498.36
FM,1.032,16030.8,16618.609,15287.084,15924.751,16686.561,18286.326,18570.77,14488.86,16469.738,17386.295,14464.916,13345.369,14171.995,16633.209,14450.02,12560.168,14488.264,23938.881,13636.94,12559.925,10286.055,9926.48,17459.219,17788.904,13915.358,13682.646,12894.578,11940.969,12492.341,10656.581,10117.02,12304.94,11678.95,12671.784,12301.938,9397.69,11947.984,14840.748,11507.688
FM,1.0965,18102.961,19119.078,16880.92,18145.172,18659.99,21514.943,22011.631,16172.16,19098.973,20215.34,16479.934,14739.523,15638.345,19648.43,17018.92,14501.539,16283.83,27452.711,15769.73,14284.1,11481.688,11212.759,19028.168,20326.205,15913.239,15785.62,14805.038,12676.149,14596.746,12865.133,11765.26,13909.137,13339.754,14887.256,13287.312,10051.708,13598.851,16973.035,13024.055
FM,1.161,20345.84,22056.932,20295.045,20636.795,21122.332,24147.363,24194.52,18795.301,21422.818,22516.662,18954.748,17386.135,18665.504,21944.859,19632.881,17087.607,19471.682,28493.92,17740,16340.25,13478.675,12928.172,19241.115,21266.281,17728.316,17735.541,16926.34,14199.67,17093.721,15397.622,13277.729,16227.493,15290.384,16762.199,15268.782,11200.276,15823.805,19397.113,15056.038
FM,1.2255,21931.48,23625.732,23098.562,22054.895,21561.824,25382.268,24191.098,21228.48,21951.031,22483.445,21180.883,19969.475,20999.133,21812.9,20559.6,19322.863,22657.318,27527.211,18953.77,17854.4,15556.113,14675.844,17959.689,20131.299,18220.738,18744.766,18758.418,16162.656,17831.441,16259.226,15341.464,17994.494,17253.641,17217.451,17038.955,13555.309,18183.326,20979.018,16791.691
FM,1.29,22016,22850.768,24167.17,21889.371,20683.922,23985.191,21392.307,22638.699,19977.703,20133.611,21600.688,20810.039,22213,19278.225,18562.6,19916.801,24153.4,23649.4,18447.949,17909.699,16241.08,15578.2,15175.45,17199.07,17253.59,18092.119,18808.43,18586.051,16803.039,15821.4,15806.3,17727.16,17579.801,15555.2,18034.512,15509.8,18862.641,20856.801,17100.84
FM,1.3545,19259,19895.176,22804.381,19916.762,17818.156,19361.49,17090.682,21262.92,16979.953,16040.199,19729.877,19343.607,21524.736,15702.916,15272.28,18439.766,22980.742,18560.16,15330.28,16107.98,15325.509,14296.977,12278.016,13558.201,14614.998,15249.902,16779.014,20160.256,14207.543,13663.348,14805.472,15948.577,15781.912,12643.844,16973.906,16364.204,17594.154,18567.969,15352.655
FM,1.419,15926.8,15529.759,19144.727,16104.992,14393.129,14760.191,12522.532,18279.5,13464.675,12099.412,16000.49,16293.002,18877.469,11915.682,12030.66,15097.293,18690.254,14000.72,12157.18,13230.01,13275.205,11992.564,9744.85,10396.997,11820.697,11934.696,13864.779,19626.961,11304.949,10684.082,12579.46,12970.563,12760.102,10037.76,14256.146,15312.712,14849.461,15905.106,12549.328
FM,1.4835,12421.08,11622.258,14381.854,12664.871,11204.141,11181.477,9516.593,13975.24,10777.689,9364.911,12260.907,12780.762,15129.864,9305.946,8843.36,11768.84,14506.965,10559.04,9655.26,10419.43,10073.368,9431.973,8034.52,8397.557,9899.65,9429.537,10881.813,16827.527,8910.43,8354.218,9980.672,10131.995,10105.758,8003.124,11330.562,12905.278,11633.334,12935.559,9630.573
FM,1.548,9800.84,9092.903,10606.55,10100.618,9226.939,8591.894,7540.399,10713.68,9176.65,7580.792,9516.75,10022.341,11490.765,7740.299,7226.06,8929.461,11059.048,8933.32,7866.05,8402.075,7922.203,7517.824,6921.848,7346.88,8605.644,7870.718,8749.641,13704.54,7757.581,7241.687,8008.636,8446.886,8223.65,6827.016,8947.701,10089.993,9035.92,11358.087,7835.882
FM,1.6125,8394,7606.161,8664.508,8673.34,8414,7215.329,6350.214,9238,8088.282,6725.232,8083.505,8272.375,9523.75,7041.5,6391,7625,8972.562,7663.5,7044.5,7172,6717.25,6532.875,6044.5,6312,7925.5,7035.875,7685.75,11205,6992,6440,6898.75,7445.5,7425,6073.5,7751,8109,7531.5,10282,6944
Phase,0,1942,1965,1882,1967.667,1590.332,2050.584,2053.762,1857,1658.984,2203.439,1756,1986,1755,2081.5,2069,2185,2033,2104,1942.5,1879.75,2142,2153,1908.5,2060.5,1919.5,2968,2402.375,1944.062,2182,2104,2032,2030.5,1897.75,2006,2100.75,1941.688,1849,2031.125,2313
Phase,0.0645,1838.04,1953.052,2036.258,1880.737,1490.963,2060.528,2084.039,1701,1506.493,2322.031,1802.503,1781.872,1807.272,2175.9,2129.24,2185.675,2169.975,1995.22,2029.95,1981.34,2225.292,2188.027,1873.476,2036.88,2014.53,2989.028,2555.979,1987.209,2224.273,2003.382,2001.784,1959.57,1836.902,1945.544,2160.298,1968.79,1947.188,2124.198,2358.474
Phase,0.129,1674.96,1855.832,1963.269,1826.496,1335.813,2045.155,2105.186,1585.22,1314.715,2144.552,1582.391,1593.378,1811.674,2176.158,2066.86,2120.838,2101.46,1853.8,2004.96,1960.385,2129.986,1964.76,1882.34,1932.384,1995.796,2840.622,2546.838,2088.009,2063.889,1873.304,1765.072,1744.948,1739.403,1976.648,2229.518,2026.027,2009.143,2057.502,2349.346
Phase,0.1935,1510.64,1672.052,1852.777,1713.449,1192.772,1895.736,1930.683,1345.2,1119.251,1909.765,1286.257,1380.725,1691.923,2125.388,1860.4,1771.59,1818.665,1810.46,1918.13,1867.14,1887.492,1554.839,1761.754,1650.004,1874.93,2394.513,2313.578,2104.454,1774.119,1538.377,1514.125,1433.856,1446.222,1722.372,2130.779,2014.294,1910.37,2023.132,2024.529
Phase,0.258,1385.6,1372.57,1581.546,1444.836,1042.882,1624.175,1594.05,1138.54,963.227,1601.905,1038.134,1170.118,1418.798,1835.698,1546.4,1564.306,1389.144,1485.92,1469.93,1659.985,1549.038,1199.776,1519.494,1471.856,1691.004,1903.189,1861.38,1997.616,1516.861,1171.035,1164.46,1189.959,1219.404,1457.264,1924.061,1836.398,1666.118,1882.521,1690.226
Phase,0.3225,1295,1246.244,1375.707,1236.128,995.693,1349.565,1350.602,979,869.925,1271.471,900.493,951.667,1210.19,1518.18,1262.8,1151.24,1114.688,1173.4,1255.45,1326.7,1206.01,1039,1338.4,1243.84,1431.1,1448.495,1475.92,1855.287,1222.715,1026.99,1017.75,1019.17,1041.85,1155.6,1610.08,1504.75,1492.83,1508.05,1359.5
Phase,0.387,1174.6,1201.56,1176.642,1132.367,1008.82,1173.42,1102.041,845.34,880.698,1057.439,833.504,888.572,966.11,1231.679,995.4,992.086,957.184,952.38,967.77,1063.99,957.688,937.624,1120.164,1084.036,1154.772,1141.078,1125.359,1529.662,982.131,899.529,923.228,919.451,930.249,994.416,1257.977,1242.307,1134.526,1212.321,1067.54
Phase,0.4515,1099.6,1137.465,1077.216,1058.783,1008.317,945.193,928.552,803.32,834.187,928.105,804.762,834.283,854.152,917.399,892.8,880.368,892.487,901.76,887.14,905.85,910.512,806.531,995.82,966.288,965.925,1001.761,924.968,1197.009,882.499,836.713,816.743,863.014,850.619,851.456,1020.078,970.651,923.397,1066.637,964.575
Phase,0.516,1094,1110.368,918.348,1049.983,988.971,879.849,792.731,810,824.566,860.987,838.407,843.562,823.804,886.389,856.88,903.939,861.56,815.32,809.95,820.11,864.078,860.504,871.076,862.457,917.555,877.685,841.396,1004.88,812.392,827.842,835.12,856.914,822.612,841.216,978.109,859.415,901.694,987.244,947.074
Phase,0.5805,1111.88,1137.72,832.919,1052.929,1052.384,889.684,848.007,911.08,875.741,865.64,908.801,869.354,779.775,768.445,901.64,938.206,880.987,800.25,812.74,807.9,810.206,883.416,787.148,820.714,902.131,917.996,803.395,901.07,840.105,892.142,846.178,873.306,822.228,798.736,873.92,828.572,876.018,927.088,912.704
Phase,0.645,1048,1109.333,926.227,1038.24,1010.04,938.567,865.167,878.3,890.962,879.643,933.227,870.07,868.45,805.12,864.8,1004.48,933.95,825.7,880.1,800.075,789.38,843.2,784.1,862.7,873.59,946.66,838.285,882.28,826.22,903.04,865.45,883.08,824.7,814.2,851.15,823.588,876.42,874.8,851.36
Phase,0.7095,1145.76,1088.246,1016.364,1026.309,989.479,994.992,891.755,866.56,854.41,912.16,962.07,898.196,866.526,861.732,867.32,995.09,945.453,857.73,875.01,825.9,886.37,880.082,802.61,881.56,881.56,955.621,837.406,862.102,860.274,911.471,855.79,850.653,789.039,835.916,856.682,842.532,892.119,953.269,814.511
Phase,0.774,1109,1076.368,976.501,987.786,951.256,957.297,951.233,850.18,853.272,873.305,905.474,893.992,930.753,883.046,1020.98,941.838,962.512,852.52,817.66,860.53,904.059,910.288,833.156,1052.2,918.654,932.045,818.81,892.799,850.592,911.651,926.036,854.173,840.548,814.632,842.565,893.93,892.787,971.794,871.104
Phase,0.8385,1114.84,1089.946,985.851,944.156,912.182,934.264,930.969,847.84,811.44,813.416,850.61,855.321,918.939,890.28,923.68,957.44,1005.727,916.02,884.82,842.88,845.145,880.638,785.476,925.53,883.775,882.045,854.259,848.275,839.204,829.514,864.71,865.92,855.696,840.52,866.419,868.024,838.062,904.244,901.723
Phase,0.903,1086.6,1012.52,1032.321,931.683,927.909,929.179,949.584,900.02,799.031,849.108,808.671,841.416,908.372,893.996,879.56,932.768,1017.296,912.8,924.1,847.535,885.477,805.872,805.906,941.86,899.283,899.596,855.109,885.5,778.136,815.152,771.224,863.629,795.734,822.616,832.324,866.844,864.206,944.302,860.429
Phase,0.9675,1036,971,959,954.993,879.147,954.4,909.897,745.6,774.03,799.6,722.841,823.972,845.72,911.61,918.8,872.36,932.388,854.25,872.2,852.95,860.83,815.825,804.2,868.76,919.07,868.525,836.78,877.638,806.075,793.44,776.8,850.17,763.7,805.1,856.86,882.6,880.31,942.35,864.24
Phase,1.032,1029,1002.511,944.343,950.512,884.586,880.586,879.64,695,812.953,793.16,751.962,758.603,881.265,906.891,834.12,865.549,856.208,879.28,963.3,865.975,851.134,827.68,849.2,856.984,828.009,902.323,864.4,860.06,819.31,773.922,771.658,854.434,824.258,840.304,834.056,874.32,853.629,889.171,877.55
Phase,1.0965,1069.08,1025.276,941.858,945.96,961.459,871.714,980.661,753.44,809.999,801.614,752.214,797.455,884.968,900.87,855.6,879.006,906.802,877,858.12,848.72,801.734,820.249,879.512,929.448,934.1,936.249,777.552,826.369,843.15,822.846,819.868,885.151,770.152,864.896,811.933,837.322,853.873,917.548,905.532
Phase,1.161,1128.92,1050.92,899.655,1016.801,1160.566,930.483,1001.751,790.72,1046.059,864.175,810.528,834.219,873.347,964.302,897.66,886.611,888.008,797.26,967.52,876.705,825.819,845.876,938.732,1015.855,988.615,995.85,852.053,881.612,974.873,931.421,861.997,1042.703,901.858,929.848,814.615,794.898,885.066,973.688,888.142
Phase,1.2255,1361.96,1133.479,996.165,1238.297,1351.336,1036.823,1087.545,998.16,1322.169,1044.93,1010.58,886.974,1049.809,1086.94,989.24,923.645,880.182,940.27,1057.66,945.17,862.879,929.447,1192.558,1191.232,1134.247,1141.141,985.18,905.817,1176.529,1255.783,1196.899,1217.368,1174.765,1147.008,897.47,852.136,905.216,1047.638,1020.917
Phase,1.29,1619,1354.668,1196.132,1448.506,1684.226,1175.066,1200.455,1320,1756.248,1226.329,1335.331,1166.96,1189.82,1291.325,1215.2,1105.44,1007.6,1251.8,1376.3,1047.625,1075.08,1127.2,1326.4,1507.23,1327.33,1441.16,1178.415,1032.065,1393.8,1581.04,1399.8,1513.3,1365.1,1468.2,1093.243,906.138,1072.72,1224.975,1186.52
Phase,1.3545,1869.8,1603.485,1192.846,1630.964,1984.544,1454.718,1446.923,1680.72,2029.08,1492.985,1773.744,1583.44,1450.274,1513.03,1521.48,1414.142,1262.198,1522.64,1672.27,1296.5,1473.119,1420.375,1587.264,1834.723,1630.479,1866.13,1531.174,1239.673,1698.87,1917.279,1697.362,1804.303,1633.468,1769.892,1313.353,1134.152,1298.402,1502.214,1519.408
Phase,1.419,2157.64,1878.171,1509.502,1727.246,2266.896,1854.182,1720.698,2124.52,2209.582,1796.657,2105.385,1986.709,1834.81,1742.443,1734.44,1740.325,1544.736,1931.22,1953.75,1588.045,1771.313,1825.08,1863.852,2069.729,1992.705,2221.319,1807.039,1688.156,2003.948,2250.798,1904.26,2032.952,1837.356,1992.184,1685.802,1482.214,1679.254,1979.615,1795.626
Phase,1.4835,2196.8,2102.311,1848.571,1893.129,2179.596,2043.265,1824.944,2198,2240.449,1921.8,2199.125,2260.174,2240.751,2041.181,2060.08,2212.366,1948.484,2130.28,2267.05,1937.47,2174.382,2172.82,2038.932,2244.854,2264.369,2301.316,2117.044,2004.811,2116.264,2435.354,2058.424,2214.714,2059.061,2091.564,1907.09,1994.372,1966.372,2564.49,2100.278
Phase,1.548,2158.04,2197.512,2037.351,1995.333,2070.373,2181.381,1906.512,2381.22,2246.887,1965.439,2403.562,2288.773,2528.808,2096.768,2068.74,2357.547,2318.808,2183.52,2203.07,2080.96,2238.042,2223.824,2056.238,2233.942,2373.559,2263.083,2257.163,2307.342,2098.837,2475.48,2133.112,2234.553,2068.584,2033.408,2100.628,2211.656,2119.878,2789.066,2134.526
Phase,1.6125,2217,2136.167,2119.333,1933.833,1986,2050.166,1910.056,2300,2219.741,1869.004,2348.003,2314.062,2621,2118.75,1987,2522,2449.688,2219.75,2241,2005,2198,2212.375,1951.5,2083,2292,2186.75,2198,2565.688,2138.25,2519.5,2264.5,2187.75,2185,2053,2188,2279.5,2187,2913,2067.5