Method,area_convex
FM2FM,2.815807002
FM2FM,3.327393799
FM2FM,2.844921698
FM2FM,3.231731227
FM2FM,3.265005165
FM2FM,3.597744545
FM2FM,6.613195175
FM2FM,4.433752237
FM2FM,3.676770148
FM2FM,7.074871065
FM2FM,3.64349621
FM2FM,4.42127451
FM2FM,10.97624029
FM2FM,10.92217014
FM2FM,3.888891502
FM2FM,2.295901721
FM2FM,3.485445004
FM2FM,3.489604247
FM2FM,4.354726634
FM2FM,3.585266818
FM2FM,3.393941675
FM2FM,1.031492078
FM2FM,3.360667737
FM2FM,3.972076347
FM2FM,3.797388173
FM2FM,4.134286795
FM2FM,3.734999539
FM2FM,5.540110675
FM2FM,4.363045119
FM2FM,4.358885876
FM2FM,7.981585875
FM2FM,3.863936049
FM2FM,4.259064063
FM2FM,4.125968311
FM2FM,4.687466014
FM2FM,8.326802982
FM2FM,3.710044086
FM2FM,0.216280597
FM2FM,0.307783926
FM2FM,4.200834671
FM2FM,5.527632948
FM2FM,3.140227898
FM2FM,2.562093225
FM2FM,5.581703098
FM2FM,2.81164776
FM2FM,3.123590929
FM2FM,2.18360218
FM2FM,5.935238689
FM2FM,3.352349252
FM2FM,4.18003846
FM2FM,3.601903787
FM2FM,3.456330309
FM2FM,3.123590929
FM2FM,5.211530537
FM2FM,3.285801376
FM2FM,3.918006198
FM2FM,0.216280597
FM2FM,2.212716876
FM2FM,0.915033295
FM2FM,0.141414236
FM2FM,3.356508495
FM2FM,2.84908094
FM2FM,1.642900688
FM2FM,3.277482892
FM2FM,0.066547876
FM2FM,2.994654419
FM2FM,3.131909413
FM2FM,3.947120894
FM2FM,5.764709756
FM2FM,3.165183351
FM2FM,3.664292421
FM2FM,4.354726634
FM2FM,3.822343626
FM2FM,5.140823419
FM2FM,6.563284268
FM2FM,2.557933983
FM2FM,2.23767233
FM2FM,2.990495177
FM2FM,5.452766588
FM2FM,2.703507462
FM2FM,6.633991386
FM2FM,3.830662111
FM2FM,4.504459355
FM2FM,2.187761423
FM2FM,9.025555679
FM2FM,5.506836737
FM2FM,2.316697932
FM2FM,4.916224338
FM2FM,4.367204361
FM2FM,7.923356483
FM2FM,4.030305739
FM2FM,9.104581282
FM2FM,6.95425304
FM2FM,5.427811134
FM2FM,4.184197702
FM2FM,4.167560733
FM2FM,3.92216544
FM2FM,3.826502869
FM2FM,4.870472673
FM2FM,4.125968311
FM2FM,3.489604247
FM2FM,4.005350285
FM2FM,4.533574051
FM2FM,4.491981628
FM2FM,4.724899194
FM2FM,4.184197702
FM2FM,4.820561766
FM2FM,3.64349621
FM2FM,1.019014351
FM2FM,6.513373361
FM2FM,3.676770148
FM2FM,3.822343626
FM2FM,3.223412743
FM2FM,3.289960619
FM2FM,4.071898161
FM2FM,7.411769687
FM2FM,4.046942708
FM2FM,8.613790697
FM2FM,1.414142365
FM2FM,3.655973936
FM2FM,3.389782433
FM2FM,3.368986221
FM2FM,3.43969334
FM2FM,2.911469574
FM2FM,3.431374855
FM2FM,3.572789091
FM2FM,2.986335934
FM2FM,4.171719975
FM2FM,2.624481859
FM2FM,4.787287828
FM2FM,4.246586336
FM2FM,5.673206427
FM2FM,3.71836257
FM2FM,2.562093225
FM2FM,3.319075314
FM2FM,4.820561766
FM2FM,2.300060963
FM2FM,2.067143398
FM2FM,4.446229964
FM2FM,2.911469574
FM2FM,0.374331802
FM2FM,4.991090698
FM2FM,7.960789664
FM2FM,5.224008264
FM2FM,8.584676001
FM2FM,8.106363142
FM2FM,6.650628355
FM2FM,7.494954532
FM2FM,6.746290927
FM2FM,3.260845923
FM2FM,3.402260159
FM2FM,3.456330309
FM2FM,4.982772214
FM2FM,7.806897701
FM2FM,3.240049712
FM2FM,3.136068655
FM2FM,5.120027208
FM2FM,8.501491156
FM2FM,3.75579575
FM2FM,6.467621696
FM2FM,4.313134212
FM2FM,7.677961191
FM2FM,4.146764522
FM2FM,5.685684154
FM2FM,8.813434325
FM2FM,10.01545533
FM2FM,4.288178758
FM2FM,5.598340067
FM2FM,4.71658071
FM2FM,5.652410216
FM2FM,4.412956026
FM2FM,10.01545533
FM2FM,8.135477838
FM2FM,7.311947873
FM2FM,5.515155222
FM2FM,10.82650757
FM2FM,7.619731799
FM2FM,4.05110195
FM2FM,7.644687253
FM2FM,10.10695866
FM2FM,4.591803442
FM2FM,4.067738919
FM2FM,4.304815727
FM2FM,3.302438345
FM2FM,3.980394832
FM2FM,4.404637541
FM2FM,3.18182032
FM2FM,2.270946268
FM2FM,3.522878185
FM2FM,3.38562319
FM2FM,3.289960619
FM2FM,3.664292421
FM2FM,3.427215613
FM2FM,3.289960619
FM2FM,9.004759468
FM2FM,3.227571985
FM2FM,3.215094258
FM2FM,6.554965784
FM2FM,3.535355911
FM2FM,3.676770148
FM2FM,3.714203328
FM2FM,4.833039493
FM2FM,7.203807574
FM2FM,5.82709839
FM2FM,2.412360504
FM2FM,4.758173132
FM2FM,2.042187944
FM2FM,3.086157748
FM2FM,5.398696439
FM2FM,5.814620663
FM2FM,2.770055338
FM2FM,2.487226865
FM2FM,13.7629326
FM2FM,3.165183351
FM2FM,3.05288381
FM2FM,9.017237195
FM2FM,6.026742018
FM2FM,5.910283235
FM2FM,6.130723074
FM2FM,3.223412743
FM2FM,1.526441905
FM2FM,0.582293915
FM2FM,3.360667737
FM2FM,5.199052811
FM2FM,1.963162341
FM2FM,0.952466475
FM2FM,0.781937543
FM2FM,9.844926402
FM2FM,0.482472101
FM2FM,7.166374394
FM2FM,7.087348792
FM2FM,8.73024948
FM2FM,6.721335474
FM2FM,5.120027208
FM2FM,4.8829504
FM2FM,5.144982661
FM2FM,4.379682088
FM2FM,10.41058335
FM2FM,6.005945807
FM2FM,3.406419402
FM2FM,4.275701031
FM2FM,3.210935016
FM2FM,4.379682088
FM2FM,5.652410216
FM2FM,6.19727095
FM2FM,5.498518253
FM2FM,6.080812167
FM2FM,4.795606313
FM2FM,5.169938115
FM2FM,5.473562799
FM2FM,6.484258665
FM2FM,6.941775313
FM2FM,6.421870032
FM2FM,7.224603786
FM2FM,6.812838803
FM2FM,5.847894601
FM2FM,4.437911479
FM2FM,4.34640815
FM2FM,4.695784499
FM2FM,2.874036394
FM2FM,3.689247874
FM2FM,7.740349825
FM2FM,6.908501375
FM2FM,2.416519746
FM2FM,3.572789091
FM2FM,3.152705624
FM2FM,3.518718942
FM2FM,3.169342593
FM2FM,3.47712652
FM2FM,2.616163374
FM2FM,4.903746611
FM2FM,3.373145464
FM2FM,3.2192535
FM2FM,3.152705624
FM2FM,3.759954993
FM2FM,4.941179791
FM2FM,7.923356483
FM2FM,3.639336967
FM2FM,3.651814694
FM2FM,4.412956026
FM2FM,3.734999539
FM2FM,8.085566931
FM2FM,4.525255566
FM2FM,3.606063029
FM2FM,3.377304706
FM2FM,5.203212053
FM2FM,4.571007231
FM2FM,5.174097357
FM2FM,4.712421468
FM2FM,4.317293454
FM2FM,1.068925258
FM2FM,5.178256599
FM2FM,5.011886909
FM2FM,5.469403557
FM2FM,2.624481859
FM2FM,1.934047646
FM2FM,3.909687714
FM2FM,3.751636508
FM2FM,3.007132146
FM2FM,5.431970377
FM2FM,4.92038358
FM2FM,7.291151662
FM2FM,7.598935588
FM2FM,7.507432259
FM2FM,8.239458894
FM2FM,5.644091731
FM2FM,2.907310332
FM2FM,5.748072787
FM2FM,9.691034439
FM2FM,10.01545533
FM2FM,8.721930995
FM2FM,4.479503902
FM2FM,5.573384613
FM2FM,3.660133179
FM2FM,9.067148102
FM2FM,4.600121927
FM2FM,4.267382547
FM2FM,4.816402524
FM2FM,10.26916911
FM2FM,4.308974969
FM2FM,4.982772214
FM2FM,5.885327782
FM2FM,6.255500342
FM2FM,6.945934555
FM2FM,4.812243282
FM2FM,3.888891502
FM2FM,3.331553041
FM2FM,5.706480365
FM2FM,5.352944774
FM2FM,5.090912512
FM2FM,5.91860172
FM2FM,4.046942708
FM2FM,3.606063029
FM2FM,2.907310332
FM2FM,8.226981168
FM2FM,5.29055614
FM2FM,3.156864867
FM2FM,3.240049712
FM2FM,3.75579575
FM2FM,5.669047185
FM2FM,8.127159354
FM2FM,4.34640815
FM2FM,1.734404018
FM2FM,1.16458783
FM2FM,4.292338
FM2FM,4.296497243
FM2FM,4.379682088
FM2FM,5.232326749
FM2FM,2.51634156
FM2FM,2.387405051
FM2FM,5.136664177
FM2FM,4.096853615
FM2FM,4.808084039
FM2FM,1.726085533
FM2FM,1.468212514
FM2FM,4.912065096
FM2FM,4.870472673
FM2FM,3.169342593
FM2FM,4.820561766
FM2FM,4.662510561
FM2FM,5.190734326
FM2FM,3.639336967
FM2FM,4.38384133
FM2FM,5.103390239
FM2FM,3.352349252
FM2FM,2.878195636
FM2FM,4.895428127
FM2FM,4.620918138
FM2FM,5.115867966
FM2FM,3.780751204
FM2FM,5.960194142
FM2FM,5.090912512
FM2FM,4.525255566
FM2FM,2.229353845
FM2FM,0.931670264
FM2FM,5.103390239
FM2FM,3.955439378
FM2FM,4.209153156
FM2FM,3.165183351
FM2FM,11.2133171
FM2FM,3.606063029
FM2FM,3.71836257
FM2FM,7.095667276
FM2FM,7.611413315
FM2FM,4.21747164
FM2FM,2.761736853
FM2FM,4.529414809
FM2FM,4.816402524
FM2FM,5.228167506
FM2FM,4.284019516
FM2FM,5.04932009
FM2FM,8.093885416
FM2FM,5.75223203
FM2FM,4.204993913
FM2FM,4.729058437
FM2FM,8.954848561
FM2FM,4.200834671
FM2FM,4.999409183
FM2FM,5.423651892
FM2FM,5.061797816
FM2FM,7.336903326
FM2FM,11.14260998
FM2FM,8.609631454
FM2FM,5.411174165
FM2FM,6.708857747
FM2FM,8.47237646
FM2FM,2.31253869
FM2FM,3.31075683
FM2FM,1.634582204
FM2FM,3.464648793
FM2FM,2.919788058
FM2FM,5.569225371
FM2FM,0.94414799
FM2FM,5.340467047
FM2FM,1.726085533
FM2FM,4.504459355
FM2FM,4.367204361
FM2FM,5.311352351
FM2FM,6.097449136
FM2FM,4.837198735
FM2FM,6.550806541
FM2FM,6.683902293
FM2FM,3.5145597
FM2FM,4.504459355
FM2FM,4.824721008
FM2FM,4.5876442
FM2FM,4.99524994
FM2FM,4.225790125
FM2FM,5.219849022
FM2FM,5.032683121
FM2FM,3.992872559
FM2FM,5.269759929
FM2FM,5.951875658
FM2FM,4.396319057
FM2FM,3.593585303
FM2FM,6.267978069
FM2FM,4.546051778
FM2FM,5.490199768
FM2FM,3.772432719
FM2FM,6.334525945
FM2FM,5.748072787
FM2FM,5.336307805
FM2FM,4.970294487
FM2FM,6.305411249
FM2FM,7.915037999
FM2FM,4.363045119
FM2FM,4.45870769
FM2FM,6.758768654
FM2FM,5.502677495
FM2FM,5.25312296
FM2FM,4.038624223
FM2FM,6.026742018
FM2FM,8.580516759
FM2FM,5.506836737
FM2FM,3.972076347
FM2FM,4.163401491
FM2FM,5.169938115
FM2FM,4.841357977
FM2FM,8.634586908
FM2FM,7.341062569
FM2FM,7.723712856
FM2FM,10.34819471
FM2FM,4.770650859
FM2FM,5.153301146
FM2FM,6.816998045
FM2FM,5.440288861
FM2FM,6.500895634
FM2FM,9.478913084
FM2FM,4.388000572
FM2FM,6.176474739
FM2FM,5.149141904
FM2FM,4.67914753
FM2FM,4.379682088
FM2FM,5.390377954
FM2FM,4.163401491
FM2FM,5.527632948
FM2FM,7.095667276
FM2FM,5.036842363
FM2FM,4.841357977
FM2FM,4.204993913
FM2FM,6.176474739
FM2FM,5.939397931
FM2FM,8.455739491
FM2FM,4.171719975
FM2FM,6.95425304
FM2FM,6.717176231
FM2FM,4.533574051
FM2FM,7.070711823
FM2FM,6.467621696
FM2FM,7.553183923
FM2FM,8.355917677
FM2FM,4.529414809
FM2FM,5.128345692
FM2FM,5.265600687
FM2FM,4.99524994
FM2FM,5.024364636
FM2FM,5.677365669
FM2FM,7.615572557
FM2FM,5.344626289
FM2FM,8.235299652
FM2FM,8.218662683
FM2FM,4.945339034
FM2FM,6.750450169
FM2FM,6.222226404
FM2FM,4.924542822
FM2FM,6.571602753
FM2FM,5.797983694
FM2FM,6.292933522
FM2FM,5.535951433
FM2FM,8.322643739
FM2FM,5.186575084
FM2FM,5.38205947
FM2FM,1.081402985
FM2FM,5.718958092
FM2FM,6.99168622
FM2FM,6.089130652
FM2FM,5.402855681
FM2FM,6.355322156
FM2FM,5.111708723
FM2FM,5.132504935
FM2FM,1.256091159
FM2FM,2.087939609
FM2FM,3.535355911
FM2FM,4.924542822
FM2FM,5.718958092
FM2FM,4.575166473
FM2FM,4.558529504
FM2FM,5.157460388
FM2FM,5.244804475
FM2FM,8.068929962
FM2FM,3.880573018
FM2FM,3.693407117
FM2FM,7.557343166
FM2FM,4.234108609
FM2FM,4.059420435
FM2FM,11.89959207
FM2FM,3.888891502
FM2FM,3.14438714
FM2FM,10.68925258
FM2FM,3.655973936
FM2FM,4.887109642
FM2FM,3.527037427
FM2FM,5.028523878
FM2FM,12.44029357
FM2FM,4.708262225
FM2FM,3.406419402
FM2FM,9.541301718
FM2FM,5.415333408
FM2FM,7.994063602
FM2FM,3.576948334
FM2FM,7.045756369
FM2FM,7.070711823
FM2FM,3.406419402
FM2FM,6.089130652
FM2FM,2.121213547
FM2FM,3.784910446
FM2FM,4.595962685
FM2FM,2.819966245
FM2FM,3.901369229
FM2FM,2.524660045
FM2FM,4.674988287
FM2FM,4.092694373
FM2FM,4.924542822
FM2FM,9.865722614
FM2FM,7.906719514
FM2FM,4.733217679
FM2FM,4.8829504
FM2FM,6.32620746
FM2FM,14.00416865
FM2FM,3.206775774
FM2FM,9.092103555
FM2FM,5.531792191
FM2FM,5.115867966
FM2FM,6.99168622
FM2FM,10.37730941
FM2FM,3.822343626
FM2FM,5.178256599
FM2FM,4.084375888
FM2FM,6.2513411
FM2FM,3.510400458
FM2FM,5.407014923
FM2FM,11.86631814
FM2FM,3.685088632
FM2FM,2.840762456
FM2FM,2.562093225
FM2FM,3.497922731
FM2FM,3.393941675
FM2FM,3.572789091
FM2FM,3.215094258
FM2FM,3.177661078
FM2FM,4.271541789
FM2FM,6.65894684
FM2FM,3.472967278
FM2FM,7.278673935
FM2FM,3.934643167
FM2FM,4.109331342
FM2FM,3.215094258
FM2FM,3.452171066
FM2FM,3.298279103
FM2FM,3.323234557
FM2FM,3.543674396
FM2FM,4.138446037
FM2FM,3.036246841
FM2FM,4.496140871
FM2FM,4.521096324
FM2FM,3.177661078
FM2FM,0.299465442
FM2FM,4.654192076
FM2FM,4.009509528
FM2FM,3.472967278
FM2FM,6.338685187
FM2FM,4.8829504
FM2FM,6.588239722
FM2FM,6.816998045
FM2FM,6.53001033
FM2FM,6.351162914
FM2FM,8.289369801
FM2FM,2.420678989
FM2FM,2.628641101
FM2FM,8.513968883
FM2FM,5.706480365
FM2FM,5.028523878
FM2FM,6.746290927
FM2FM,7.719553613
FM2FM,4.816402524
FM2FM,6.829475772
FM2FM,4.704102983
FM2FM,4.953657518
FM2FM,4.999409183
FM2FM,5.627454762
FM2FM,4.912065096
FM2FM,3.169342593
FM2FM,4.812243282
FM2FM,7.873445576
FM2FM,7.15805591
FM2FM,3.098635475
FM2FM,6.317888976
FM2FM,3.31075683
FM2FM,10.41890183
FM2FM,3.364826979
FM2FM,0.694593456
FM2FM,1.23945419
FM2FM,0.632204822
FM2FM,0.257873019
FM2FM,4.475344659
FM2FM,1.580512054
FM2FM,0.669638002
FM2FM,1.509804936
FM2FM,8.859185989
FM2FM,3.227571985
FM2FM,7.511591501
FM2FM,1.888295981
FM2FM,1.796792651
FM2FM,10.40226486
FM2FM,3.955439378
FM2FM,10.31076153
FM2FM,7.045756369
FM2FM,7.06655258
FM2FM,5.797983694
FM2FM,7.049915611
FM2FM,4.741536163
FM2FM,5.835416875
FM2FM,6.99168622
FM2FM,5.282237656
FM2FM,5.016046152
FM2FM,4.691625256
FM2FM,0.503268312
FM2FM,4.961976003
FM2FM,4.42127451
FM2FM,3.360667737
FM2FM,6.841953499
FM2FM,3.543674396
FM2FM,3.664292421
FM2FM,5.490199768
FM2FM,3.077839264
FM2FM,4.895428127
FM2FM,4.229949367
FM2FM,4.234108609
FM2FM,4.575166473
FM2FM,4.699943741
FM2FM,3.797388173
FM2FM,7.403451202
FM2FM,4.296497243
FM2FM,5.182415842
FM2FM,3.984554074
FM2FM,5.448607346
FM2FM,3.527037427
FM2FM,3.535355911
FM2FM,4.45870769
FM2FM,3.664292421
FM2FM,3.759954993
FM2FM,4.009509528
FM2FM,4.200834671
FM2FM,4.616758896
FM2FM,4.400478299
FM2FM,4.358885876
FM2FM,3.739158781
FM2FM,4.571007231
FM2FM,4.483663144
FM2FM,0.877600114
FM2FM,1.351753731
FM2FM,4.259064063
FM2FM,10.6518194
FM2FM,5.49435901
FM2FM,4.674988287
FM2FM,4.770650859
FM2FM,5.685684154
FM2FM,3.389782433
FM2FM,0.894237083
FM2FM,3.855617564
FM2FM,0.790256027
FM2FM,12.7979884
FM2FM,0.686274971
FM2FM,4.329771181
FM2FM,0.586453157
FM2FM,2.836603214
FM2FM,3.606063029
FM2FM,7.802738458
FM2FM,3.156864867
FM2FM,0.736185878
FM2FM,4.18003846
FM2FM,0.640523306
FM2FM,1.954843857
FM2FM,0.24123605
FM2FM,0.981581171
FM2FM,4.554370262
FM2FM,0.806892996
FM2FM,0.137254994
FM2FM,2.799170033
FM2FM,2.050506429
FM2FM,2.420678989
FM2FM,0.860963145
FM2FM,2.603685648
FM2FM,6.550806541
FM2FM,6.438507001
FM2FM,5.394537196
FM2FM,5.535951433
FM2FM,6.222226404
FM2FM,6.338685187
FM2FM,8.996440984
FM2FM,9.071307344
FM2FM,6.554965784
FM2FM,8.530605852
FM2FM,5.906123993
FM2FM,3.772432719
FM2FM,5.095071754
FM2FM,5.440288861
FM2FM,4.704102983
FM2FM,4.604281169
FM2FM,3.751636508
FM2FM,4.333930423
FM2FM,3.768273477
FM2FM,3.963757863
FM2FM,3.468808035
FM2FM,3.639336967
FM2FM,4.999409183
FM2FM,4.046942708
FM2FM,4.038624223
FM2FM,4.778969344
FM2FM,6.309570491
FM2FM,7.445043625
FM2FM,6.829475772
FM2FM,6.613195175
FM2FM,5.49435901
FM2FM,0.773619058
FM2FM,2.329175659
FM2FM,4.425433752
FM2FM,3.963757863
FM2FM,3.88473226
FM2FM,4.333930423
FM2FM,5.307193109
FM2FM,10.28580608
FM2FM,6.263818826
FM2FM,6.338685187
FM2FM,5.140823419
FM2FM,5.257282202
FM2FM,4.837198735
FM2FM,4.741536163
FM2FM,3.672610905
FM2FM,4.317293454
FM2FM,3.655973936
FM2FM,3.556152122
FM2FM,6.925138344
FM2FM,3.851458322
FM2FM,4.150923764
FM2FM,3.502081973
FM2FM,3.543674396
FM2FM,12.49020447
FM2FM,3.635177725
FM2FM,3.838980595
FM2FM,3.402260159
FM2FM,4.462866933
FM2FM,4.533574051
FM2FM,4.167560733
FM2FM,7.76946452
FM2FM,4.724899194
FM2FM,4.38384133
FM2FM,6.729653958
FM2FM,6.779564865
FM2FM,6.259659584
FM2FM,5.760550514
FM2FM,9.799174738
FM2FM,6.49257715
FM2FM,5.540110675
FM2FM,5.323830078
FM2FM,5.25312296
FM2FM,3.859776807
FM2FM,4.533574051
FM2FM,4.125968311
FM2FM,5.45692583
FM2FM,5.648250974
FM2FM,5.802142937
FM2FM,4.629236623
FM2FM,4.429592995
FM2FM,4.982772214
FM2FM,5.402855681
FM2FM,4.300656485
FM2FM,6.284615038
FM2FM,4.446229964
FM2FM,5.773028241
FM2FM,4.945339034
FM2FM,7.382654991
FM2FM,6.613195175
FM2FM,6.163997012
FM2FM,5.951875658
FM2FM,5.785505968
FM2FM,5.78966521
FM2FM,5.877009297
FM2FM,6.746290927
FM2FM,5.681524911
FM2FM,3.414737886
FM2FM,4.645873592
FM2FM,5.689843396
FM2FM,4.857994946
FM2FM,6.047538229
FM2FM,5.935238689
FM2FM,3.664292421
FM2FM,6.887705164
FM2FM,3.926324683
FM2FM,3.435534097
FM2FM,3.43969334
FM2FM,5.502677495
FM2FM,4.055261192
FM2FM,3.535355911
FM2FM,3.352349252
FM2FM,4.175879218
FM2FM,5.219849022
FM2FM,5.365422501
FM2FM,3.481285762
FM2FM,4.741536163
FM2FM,3.265005165
FM2FM,3.739158781
FM2FM,5.964353384
FM2FM,3.019609872
FM2FM,3.47712652
FM2FM,4.604281169
FM2FM,4.778969344
FM2FM,5.095071754
FM2FM,3.793228931
FM2FM,4.525255566
FM2FM,3.668451663
FM2FM,4.812243282
FM2FM,4.51277784
FM2FM,4.770650859
FM2FM,4.400478299
FM2FM,7.099826518
FM2FM,3.689247874
FM2FM,2.100417336
FM2FM,3.077839264
FM2FM,2.283423994
FM2FM,3.460489551
FM2FM,4.342248907
FM2FM,3.685088632
FM2FM,6.097449136
FM2FM,5.332148563
FM2FM,7.386814233
FM2FM,5.627454762
FM2FM,5.648250974
FM2FM,1.950684615
FM2FM,2.058824913
FM2FM,4.350567392
FM2FM,5.036842363
FM2FM,4.662510561
FM2FM,5.673206427
FM2FM,4.030305739
FM2FM,5.847894601
FM2FM,5.099230997
FM2FM,4.017828012
FM2FM,3.926324683
FM2FM,5.431970377
FM2FM,4.121809068
FM2FM,4.462866933
FM2FM,5.211530537
FM2FM,5.577543855
FM2FM,7.286992419
FM2FM,5.407014923
FM2FM,3.227571985
FM2FM,3.256686681
FM2FM,2.666074281
FM2FM,7.054074854
FM2FM,2.790851549
FM2FM,4.34640815
FM2FM,5.394537196
FM2FM,5.224008264
FM2FM,5.224008264
FM2FM,5.294715382
FM2FM,5.128345692
FM2FM,4.878791158
FM2FM,5.011886909
FM2FM,4.645873592
FM2FM,5.061797816
FM2FM,2.503863834
FM2FM,5.577543855
FM2FM,4.296497243
FM2FM,3.972076347
FM2FM,5.340467047
FM2FM,3.460489551
FM2FM,2.790851549
FM2FM,5.107549481
FM2FM,5.169938115
FM2FM,3.593585303
FM2FM,2.366608839
FM2FM,4.554370262
FM2FM,4.109331342
FM2FM,0.881759357
FM2FM,3.314916072
FM2FM,3.252527438
FM2FM,3.240049712
FM2FM,4.292338
FM2FM,3.510400458
FM2FM,5.269759929
FM2FM,4.84551722
FM2FM,4.84551722
FM2FM,3.660133179
FM2FM,3.697566359
FM2FM,3.651814694
FM2FM,7.507432259
FM2FM,7.253718481
FM2FM,5.107549481
FM2FM,5.386218712
FM2FM,5.003568425
FM2FM,6.209748677
FM2FM,5.839576117
FM2FM,3.131909413
FM2FM,5.352944774
FM2FM,4.95781676
FM2FM,4.259064063
FM2FM,4.026146497
FM2FM,1.992277037
FM2FM,1.767677956
FM2FM,5.506836737
FM2FM,1.755200229
FM2FM,5.685684154
FM2FM,5.265600687
FM2FM,4.417115268
FM2FM,6.384436852
FM2FM,3.726681055
FM2FM,4.937020549
FM2FM,4.101012857
FM2FM,4.891268884
FM2FM,7.415928929
FM2FM,8.297688286
FM2FM,4.450389206
FM2FM,4.92038358
FM2FM,5.144982661
FM2FM,6.32620746
FM2FM,4.575166473
FM2FM,1.809270378
FM2FM,2.395723535
FM2FM,5.556747644
FM2FM,2.345812628
FM2FM,2.878195636
FM2FM,4.62507738
FM2FM,10.89305545
FM2FM,8.401669342
FM2FM,0.852644661
FM2FM,4.084375888
FM2FM,7.69459816
FM2FM,4.14260528
FM2FM,3.963757863
FM2FM,6.792042592
FM2FM,3.984554074
FM2FM,8.368395404
FM2FM,3.984554074
FM2FM,4.978612971
FM2FM,4.067738919
FM2FM,6.717176231
FM2FM,5.86453157
FM2FM,11.22163559
FM2FM,3.389782433
FM2FM,0.366013318
FM2FM,3.398100917
FM2FM,8.330962224
FM2FM,11.87879586
FM2FM,6.413551547
FM2FM,5.21568978
FM2FM,3.826502869
FM2FM,6.40107382
FM2FM,4.778969344
FM2FM,3.693407117
FM2FM,6.413551547
FM2FM,4.442070721
FM2FM,3.764114235
FM2FM,3.527037427
FM2FM,2.88651412
FM2FM,5.868690813
FM2FM,3.452171066
FM2FM,3.868095291
FM2FM,4.213312398
FM2FM,3.955439378
FM2FM,6.837794257
FM2FM,3.901369229
FM2FM,3.094476233
FM2FM,3.161024109
FM2FM,4.583484958
FM2FM,4.658351318
FM2FM,6.542488057
FM2FM,5.997627322
FM2FM,3.951280136
FM2FM,3.930483925
FM2FM,4.812243282
FM2FM,6.15983777
FM2FM,6.742131685
FM2FM,5.594180824
FM2FM,6.376118367
FM2FM,5.315511594
FM2FM,3.992872559
FM2FM,5.190734326
FM2FM,3.581107576
FM2FM,3.55199288
FM2FM,5.535951433
FM2FM,4.155083006
FM2FM,4.633395865
FM2FM,4.704102983
FM2FM,2.795010791
FM2FM,5.278078413
FM2FM,3.556152122
FM2FM,4.8829504
FM2FM,4.246586336
FM2FM,4.966135245
FM2FM,5.723117334
FM2FM,5.028523878
FM2FM,2.898991847
FM2FM,4.446229964
FM2FM,2.81164776
FM2FM,5.847894601
FM2FM,4.787287828
FM2FM,3.368986221
FM2FM,0.336898622
FM2FM,7.598935588
FM2FM,3.626859241
FM2FM,6.650628355
FM2FM,5.99346808
FM2FM,7.73203134
FM2FM,5.881168539
FM2FM,8.963167046
FM2FM,6.047538229
FM2FM,0.195484386
FM2FM,4.45870769
FM2FM,3.88473226
FM2FM,4.38384133
FM2FM,4.242427094
FM2FM,4.774810101
FM2FM,2.953061996
FM2FM,5.282237656
FM2FM,6.163997012
FM2FM,11.49198633
FM2FM,10.87225924
FM2FM,5.594180824
FM2FM,5.473562799
FM2FM,5.248963718
FM2FM,5.760550514
FM2FM,5.415333408
FM2FM,5.810461421
FM2FM,5.573384613
FM2FM,1.426620091
FM2FM,5.386218712
FM2FM,3.610222272
FM2FM,3.92216544
FM2FM,4.313134212
FM2FM,5.423651892
FM2FM,3.140227898
FM2FM,3.489604247
FM2FM,5.074275543
FM2FM,1.505645694
FM2FM,3.797388173
FM2FM,4.803924797
FM2FM,4.150923764
FM2FM,5.120027208
FM2FM,5.415333408
FM2FM,5.190734326
FM2FM,4.125968311
FM2FM,6.155678528
FM2FM,6.417710789
FM2FM,4.308974969
FM2FM,7.536546954
FM2FM,6.392755336
FM2FM,5.802142937
FM2FM,5.390377954
FM2FM,5.935238689
FM2FM,5.748072787
FM2FM,3.606063029
FM2FM,4.259064063
FM2FM,5.007727667
FM2FM,7.885923303
FM2FM,6.330366702
FM2FM,5.041001605
FM2FM,3.909687714
FM2FM,3.269164407
FM2FM,6.480099423
FM2FM,8.451580249
FM2FM,9.046351891
FM2FM,9.786697011
FM2FM,5.286396898
FM2FM,6.40107382
FM2FM,4.225790125
FM2FM,1.86749977
FM2FM,4.620918138
FM2FM,5.174097357
FM2FM,4.612599654
FM2FM,6.101608379
FM2FM,4.18003846
FM2FM,6.409392305
FM2FM,6.2513411
FM2FM,6.143200801
FM2FM,8.127159354
FM2FM,5.86453157
FM2FM,5.344626289
FM2FM,3.531196669
SoftWorx,2.953061996
SoftWorx,3.481285762
SoftWorx,2.836603214
SoftWorx,3.368986221
SoftWorx,3.302438345
SoftWorx,3.618540756
SoftWorx,6.667265324
SoftWorx,4.51277784
SoftWorx,3.697566359
SoftWorx,7.183011363
SoftWorx,5.764709756
SoftWorx,2.632800343
SoftWorx,3.647655452
SoftWorx,3.493763489
SoftWorx,3.522878185
SoftWorx,4.358885876
SoftWorx,3.597744545
SoftWorx,3.414737886
SoftWorx,0.856803903
SoftWorx,3.414737886
SoftWorx,3.988713316
SoftWorx,3.826502869
SoftWorx,4.234108609
SoftWorx,3.834821353
SoftWorx,5.639932489
SoftWorx,4.487822386
SoftWorx,4.471185417
SoftWorx,8.085566931
SoftWorx,3.926324683
SoftWorx,4.300656485
SoftWorx,4.184197702
SoftWorx,4.737376921
SoftWorx,8.393350858
SoftWorx,3.722521812
SoftWorx,0.94414799
SoftWorx,4.246586336
SoftWorx,5.544269917
SoftWorx,3.185979562
SoftWorx,2.591207921
SoftWorx,5.540110675
SoftWorx,2.911469574
SoftWorx,3.111113202
SoftWorx,2.923947301
SoftWorx,4.113490584
SoftWorx,1.093880711
SoftWorx,3.5145597
SoftWorx,3.402260159
SoftWorx,1.056447531
SoftWorx,3.05288381
SoftWorx,4.321452696
SoftWorx,3.185979562
SoftWorx,3.913846956
SoftWorx,0.124777267
SoftWorx,3.215094258
SoftWorx,2.790851549
SoftWorx,0.349376349
SoftWorx,1.401664638
SoftWorx,0.087344087
SoftWorx,2.724303673
SoftWorx,3.2192535
SoftWorx,3.660133179
SoftWorx,5.689843396
SoftWorx,3.165183351
SoftWorx,3.647655452
SoftWorx,4.209153156
SoftWorx,3.759954993
SoftWorx,5.003568425
SoftWorx,6.405233063
SoftWorx,2.508023076
SoftWorx,2.262627783
SoftWorx,2.973858208
SoftWorx,5.481881284
SoftWorx,2.757577611
SoftWorx,6.550806541
SoftWorx,3.780751204
SoftWorx,4.400478299
SoftWorx,2.146169
SoftWorx,8.830071294
SoftWorx,5.29055614
SoftWorx,2.333334901
SoftWorx,4.795606313
SoftWorx,4.271541789
SoftWorx,8.002382086
SoftWorx,3.992872559
SoftWorx,8.975644772
SoftWorx,7.024960158
SoftWorx,5.211530537
SoftWorx,4.167560733
SoftWorx,4.196675429
SoftWorx,3.926324683
SoftWorx,3.859776807
SoftWorx,4.874631915
SoftWorx,4.167560733
SoftWorx,3.5145597
SoftWorx,4.001191043
SoftWorx,4.537733293
SoftWorx,4.554370262
SoftWorx,4.699943741
SoftWorx,4.096853615
SoftWorx,4.916224338
SoftWorx,3.547833638
SoftWorx,2.196079907
SoftWorx,3.102794717
SoftWorx,3.851458322
SoftWorx,3.298279103
SoftWorx,3.306597588
SoftWorx,4.242427094
SoftWorx,7.469999078
SoftWorx,4.188356944
SoftWorx,8.776001144
SoftWorx,3.751636508
SoftWorx,3.443852582
SoftWorx,3.435534097
SoftWorx,3.497922731
SoftWorx,2.97801745
SoftWorx,3.506241216
SoftWorx,3.722521812
SoftWorx,5.743913545
SoftWorx,4.333930423
SoftWorx,4.812243282
SoftWorx,4.25490482
SoftWorx,5.901964751
SoftWorx,3.747477266
SoftWorx,2.587048679
SoftWorx,3.327393799
SoftWorx,4.849676462
SoftWorx,2.221035361
SoftWorx,2.004754764
SoftWorx,3.568629849
SoftWorx,4.155083006
SoftWorx,0.611408611
SoftWorx,8.605472212
SoftWorx,8.177070261
SoftWorx,6.563284268
SoftWorx,7.553183923
SoftWorx,6.78788335
SoftWorx,3.248368196
SoftWorx,3.431374855
SoftWorx,3.306597588
SoftWorx,4.991090698
SoftWorx,7.915037999
SoftWorx,3.190138805
SoftWorx,3.032087599
SoftWorx,5.095071754
SoftWorx,8.530605852
SoftWorx,3.556152122
SoftWorx,6.309570491
SoftWorx,4.300656485
SoftWorx,7.698757402
SoftWorx,4.125968311
SoftWorx,5.831257632
SoftWorx,2.894832605
SoftWorx,9.990499881
SoftWorx,3.626859241
SoftWorx,4.25490482
SoftWorx,5.477722041
SoftWorx,4.654192076
SoftWorx,5.677365669
SoftWorx,4.288178758
SoftWorx,9.87820034
SoftWorx,8.131318596
SoftWorx,7.15805591
SoftWorx,6.060015956
SoftWorx,5.556747644
SoftWorx,10.7599597
SoftWorx,3.585266818
SoftWorx,7.648846495
SoftWorx,3.843139838
SoftWorx,7.598935588
SoftWorx,9.799174738
SoftWorx,3.593585303
SoftWorx,2.266787025
SoftWorx,4.030305739
SoftWorx,3.294119861
SoftWorx,1.73856326
SoftWorx,4.121809068
SoftWorx,3.119431686
SoftWorx,1.784314925
SoftWorx,3.298279103
SoftWorx,3.306597588
SoftWorx,2.836603214
SoftWorx,3.585266818
SoftWorx,3.319075314
SoftWorx,3.169342593
SoftWorx,2.815807002
SoftWorx,8.717771753
SoftWorx,3.2192535
SoftWorx,0.158051205
SoftWorx,0.673797244
SoftWorx,4.242427094
SoftWorx,3.393941675
SoftWorx,0.37017256
SoftWorx,0.170528932
SoftWorx,0.149732721
SoftWorx,3.518718942
SoftWorx,0.212121355
SoftWorx,6.663106082
SoftWorx,2.333334901
SoftWorx,3.485445004
SoftWorx,3.10695396
SoftWorx,0.178847417
SoftWorx,2.911469574
SoftWorx,5.631614005
SoftWorx,5.149141904
SoftWorx,2.595367163
SoftWorx,2.320857175
SoftWorx,2.287583237
SoftWorx,4.076057404
SoftWorx,2.936425027
SoftWorx,2.832443971
SoftWorx,3.38562319
SoftWorx,6.2513411
SoftWorx,0.985740413
SoftWorx,2.062984155
SoftWorx,0.578134673
SoftWorx,4.442070721
SoftWorx,1.838385074
SoftWorx,0.20380287
SoftWorx,1.505645694
SoftWorx,3.202616531
SoftWorx,0.49910907
SoftWorx,0.424242709
SoftWorx,0.162210448
SoftWorx,0.274509988
SoftWorx,5.352944774
SoftWorx,7.170533636
SoftWorx,8.746886449
SoftWorx,6.812838803
SoftWorx,5.236485991
SoftWorx,5.024364636
SoftWorx,5.182415842
SoftWorx,4.446229964
SoftWorx,10.4646535
SoftWorx,6.080812167
SoftWorx,3.427215613
SoftWorx,4.300656485
SoftWorx,3.210935016
SoftWorx,4.408796783
SoftWorx,5.664887943
SoftWorx,6.218067162
SoftWorx,5.502677495
SoftWorx,6.105767621
SoftWorx,4.820561766
SoftWorx,5.182415842
SoftWorx,5.469403557
SoftWorx,6.513373361
SoftWorx,6.995845462
SoftWorx,6.442666243
SoftWorx,3.377304706
SoftWorx,3.331553041
SoftWorx,6.879386679
SoftWorx,5.914442477
SoftWorx,4.45870769
SoftWorx,4.350567392
SoftWorx,4.712421468
SoftWorx,2.674392766
SoftWorx,7.815216185
SoftWorx,6.904342133
SoftWorx,2.283423994
SoftWorx,3.626859241
SoftWorx,3.215094258
SoftWorx,3.55199288
SoftWorx,3.190138805
SoftWorx,3.543674396
SoftWorx,2.649437312
SoftWorx,4.924542822
SoftWorx,3.410578644
SoftWorx,3.190138805
SoftWorx,2.628641101
SoftWorx,3.805706657
SoftWorx,4.999409183
SoftWorx,7.939993452
SoftWorx,8.02733754
SoftWorx,8.888300685
SoftWorx,8.114681627
SoftWorx,4.571007231
SoftWorx,3.581107576
SoftWorx,3.352349252
SoftWorx,5.199052811
SoftWorx,4.496140871
SoftWorx,5.157460388
SoftWorx,4.774810101
SoftWorx,4.279860274
SoftWorx,1.755200229
SoftWorx,5.061797816
SoftWorx,5.540110675
SoftWorx,2.661915039
SoftWorx,1.967321584
SoftWorx,3.5145597
SoftWorx,3.331553041
SoftWorx,3.011291388
SoftWorx,5.448607346
SoftWorx,4.8829504
SoftWorx,7.291151662
SoftWorx,7.640528011
SoftWorx,8.19370723
SoftWorx,7.424247414
SoftWorx,5.681524911
SoftWorx,2.969698965
SoftWorx,5.822939148
SoftWorx,9.815811707
SoftWorx,10.34403547
SoftWorx,8.626268423
SoftWorx,4.533574051
SoftWorx,5.594180824
SoftWorx,3.97623559
SoftWorx,8.992281741
SoftWorx,4.51277784
SoftWorx,4.267382547
SoftWorx,4.874631915
SoftWorx,10.28996532
SoftWorx,4.396319057
SoftWorx,5.128345692
SoftWorx,5.639932489
SoftWorx,6.276296553
SoftWorx,6.82531653
SoftWorx,4.874631915
SoftWorx,3.967917105
SoftWorx,3.360667737
SoftWorx,5.78966521
SoftWorx,5.486040526
SoftWorx,5.169938115
SoftWorx,5.968512627
SoftWorx,4.113490584
SoftWorx,3.651814694
SoftWorx,2.990495177
SoftWorx,8.401669342
SoftWorx,5.323830078
SoftWorx,3.223412743
SoftWorx,3.077839264
SoftWorx,3.768273477
SoftWorx,4.874631915
SoftWorx,8.156274049
SoftWorx,0.964944202
SoftWorx,0.619727095
SoftWorx,4.125968311
SoftWorx,4.404637541
SoftWorx,4.375522845
SoftWorx,5.273919171
SoftWorx,0.578134673
SoftWorx,2.395723535
SoftWorx,5.12418645
SoftWorx,0.894237083
SoftWorx,4.758173132
SoftWorx,5.016046152
SoftWorx,4.986931456
SoftWorx,3.173501836
SoftWorx,4.862154189
SoftWorx,4.758173132
SoftWorx,5.194893568
SoftWorx,3.68092939
SoftWorx,4.392159814
SoftWorx,5.132504935
SoftWorx,3.389782433
SoftWorx,2.923947301
SoftWorx,4.970294487
SoftWorx,4.724899194
SoftWorx,5.174097357
SoftWorx,5.951875658
SoftWorx,3.851458322
SoftWorx,4.824721008
SoftWorx,4.662510561
SoftWorx,2.250150056
SoftWorx,0.902555568
SoftWorx,5.120027208
SoftWorx,3.97623559
SoftWorx,4.259064063
SoftWorx,3.14438714
SoftWorx,11.22163559
SoftWorx,3.606063029
SoftWorx,3.27332365
SoftWorx,6.767087138
SoftWorx,7.648846495
SoftWorx,2.778373822
SoftWorx,4.038624223
SoftWorx,4.5876442
SoftWorx,4.816402524
SoftWorx,5.194893568
SoftWorx,4.296497243
SoftWorx,5.082594028
SoftWorx,8.297688286
SoftWorx,5.773028241
SoftWorx,4.267382547
SoftWorx,8.950689319
SoftWorx,4.238267851
SoftWorx,0.748663605
SoftWorx,5.003568425
SoftWorx,5.427811134
SoftWorx,5.007727667
SoftWorx,7.407610445
SoftWorx,11.15924695
SoftWorx,2.720144431
SoftWorx,5.394537196
SoftWorx,6.708857747
SoftWorx,8.505650398
SoftWorx,2.23767233
SoftWorx,2.961380481
SoftWorx,5.207371295
SoftWorx,3.47712652
SoftWorx,6.172315497
SoftWorx,4.870472673
SoftWorx,6.550806541
SoftWorx,6.638150629
SoftWorx,3.71836257
SoftWorx,4.566847989
SoftWorx,4.907905853
SoftWorx,4.525255566
SoftWorx,4.999409183
SoftWorx,4.250745578
SoftWorx,5.307193109
SoftWorx,5.115867966
SoftWorx,4.009509528
SoftWorx,5.294715382
SoftWorx,6.010105049
SoftWorx,4.508618597
SoftWorx,3.668451663
SoftWorx,6.426029274
SoftWorx,4.674988287
SoftWorx,5.498518253
SoftWorx,3.814025142
SoftWorx,6.409392305
SoftWorx,5.764709756
SoftWorx,5.361263258
SoftWorx,5.057638574
SoftWorx,6.421870032
SoftWorx,8.152114807
SoftWorx,4.450389206
SoftWorx,4.521096324
SoftWorx,6.883545921
SoftWorx,5.523473706
SoftWorx,5.298874625
SoftWorx,4.125968311
SoftWorx,6.130723074
SoftWorx,8.56387979
SoftWorx,5.58586234
SoftWorx,4.059420435
SoftWorx,4.213312398
SoftWorx,5.278078413
SoftWorx,4.878791158
SoftWorx,8.759364175
SoftWorx,7.386814233
SoftWorx,7.619731799
SoftWorx,10.52704213
SoftWorx,4.853835704
SoftWorx,5.174097357
SoftWorx,6.875227437
SoftWorx,5.569225371
SoftWorx,6.255500342
SoftWorx,9.836607918
SoftWorx,4.454548448
SoftWorx,6.155678528
SoftWorx,5.174097357
SoftWorx,4.824721008
SoftWorx,4.388000572
SoftWorx,5.386218712
SoftWorx,4.204993913
SoftWorx,5.639932489
SoftWorx,7.083189549
SoftWorx,5.149141904
SoftWorx,4.841357977
SoftWorx,4.209153156
SoftWorx,6.351162914
SoftWorx,5.964353384
SoftWorx,8.30600677
SoftWorx,4.150923764
SoftWorx,6.679743051
SoftWorx,6.65894684
SoftWorx,4.541892535
SoftWorx,6.95425304
SoftWorx,6.392755336
SoftWorx,7.503273016
SoftWorx,8.588835243
SoftWorx,4.508618597
SoftWorx,5.169938115
SoftWorx,5.298874625
SoftWorx,5.041001605
SoftWorx,5.099230997
SoftWorx,5.781346725
SoftWorx,7.698757402
SoftWorx,5.407014923
SoftWorx,8.23114041
SoftWorx,8.210344199
SoftWorx,4.970294487
SoftWorx,6.808679561
SoftWorx,6.047538229
SoftWorx,4.95781676
SoftWorx,5.074275543
SoftWorx,5.694002638
SoftWorx,6.380277609
SoftWorx,8.301847528
SoftWorx,5.257282202
SoftWorx,5.510995979
SoftWorx,5.6607287
SoftWorx,6.95425304
SoftWorx,5.931079446
SoftWorx,5.361263258
SoftWorx,6.193111708
SoftWorx,2.47890838
SoftWorx,0.307783926
SoftWorx,2.021391733
SoftWorx,5.04932009
SoftWorx,5.901964751
SoftWorx,4.650032834
SoftWorx,4.695784499
SoftWorx,5.228167506
SoftWorx,5.298874625
SoftWorx,8.214503441
SoftWorx,3.955439378
SoftWorx,3.764114235
SoftWorx,7.765305278
SoftWorx,4.288178758
SoftWorx,4.063579677
SoftWorx,11.98277692
SoftWorx,3.888891502
SoftWorx,3.161024109
SoftWorx,10.78907439
SoftWorx,3.685088632
SoftWorx,4.99524994
SoftWorx,3.481285762
SoftWorx,5.074275543
SoftWorx,12.41949735
SoftWorx,4.749854648
SoftWorx,3.364826979
SoftWorx,9.462276115
SoftWorx,5.444448103
SoftWorx,7.927515726
SoftWorx,3.572789091
SoftWorx,7.162215152
SoftWorx,6.816998045
SoftWorx,3.43969334
SoftWorx,5.980990353
SoftWorx,2.029710217
SoftWorx,3.826502869
SoftWorx,4.516937082
SoftWorx,5.735595061
SoftWorx,3.855617564
SoftWorx,4.62507738
SoftWorx,4.113490584
SoftWorx,4.970294487
SoftWorx,10.00713685
SoftWorx,7.890082545
SoftWorx,4.799765555
SoftWorx,5.003568425
SoftWorx,6.446825485
SoftWorx,3.007132146
SoftWorx,9.258473245
SoftWorx,5.573384613
SoftWorx,5.194893568
SoftWorx,6.86274971
SoftWorx,10.48129047
SoftWorx,3.560311365
SoftWorx,5.286396898
SoftWorx,4.034464981
SoftWorx,6.36364064
SoftWorx,3.485445004
SoftWorx,5.336307805
SoftWorx,11.84968117
SoftWorx,3.822343626
SoftWorx,2.81164776
SoftWorx,2.591207921
SoftWorx,3.506241216
SoftWorx,3.215094258
SoftWorx,3.493763489
SoftWorx,3.227571985
SoftWorx,3.115272444
SoftWorx,4.321452696
SoftWorx,6.505054877
SoftWorx,3.331553041
SoftWorx,4.558529504
SoftWorx,3.743318024
SoftWorx,3.88473226
SoftWorx,3.165183351
SoftWorx,3.335712283
SoftWorx,3.302438345
SoftWorx,3.252527438
SoftWorx,3.302438345
SoftWorx,2.387405051
SoftWorx,4.080216646
SoftWorx,2.853240182
SoftWorx,4.442070721
SoftWorx,4.504459355
SoftWorx,3.10695396
SoftWorx,0.532383008
SoftWorx,4.026146497
SoftWorx,3.256686681
SoftWorx,5.847894601
SoftWorx,5.922760962
SoftWorx,6.887705164
SoftWorx,6.704698505
SoftWorx,6.471780939
SoftWorx,8.584676001
SoftWorx,2.453952927
SoftWorx,2.64527807
SoftWorx,8.701134784
SoftWorx,5.565066129
SoftWorx,4.928702065
SoftWorx,6.821157288
SoftWorx,7.73203134
SoftWorx,4.899587369
SoftWorx,6.866908952
SoftWorx,4.733217679
SoftWorx,4.978612971
SoftWorx,5.157460388
SoftWorx,5.673206427
SoftWorx,4.849676462
SoftWorx,3.223412743
SoftWorx,4.783128586
SoftWorx,7.86096785
SoftWorx,7.212126059
SoftWorx,3.10695396
SoftWorx,6.32620746
SoftWorx,3.323234557
SoftWorx,10.52288289
SoftWorx,3.381463948
SoftWorx,0.694593456
SoftWorx,1.247772675
SoftWorx,0.669638002
SoftWorx,0.33273938
SoftWorx,5.036842363
SoftWorx,1.60962675
SoftWorx,0.653001033
SoftWorx,1.476530998
SoftWorx,9.075466586
SoftWorx,3.27332365
SoftWorx,7.653005737
SoftWorx,1.846703558
SoftWorx,1.755200229
SoftWorx,10.55615683
SoftWorx,4.009509528
SoftWorx,10.29412457
SoftWorx,7.133100456
SoftWorx,7.133100456
SoftWorx,6.097449136
SoftWorx,7.108145003
SoftWorx,4.766491617
SoftWorx,5.91860172
SoftWorx,6.891864406
SoftWorx,5.199052811
SoftWorx,5.032683121
SoftWorx,1.318479793
SoftWorx,5.028523878
SoftWorx,4.450389206
SoftWorx,3.410578644
SoftWorx,3.58942606
SoftWorx,3.751636508
SoftWorx,3.152705624
SoftWorx,4.92038358
SoftWorx,4.304815727
SoftWorx,4.38384133
SoftWorx,4.674988287
SoftWorx,4.795606313
SoftWorx,3.868095291
SoftWorx,7.511591501
SoftWorx,4.304815727
SoftWorx,5.211530537
SoftWorx,4.009509528
SoftWorx,5.519314464
SoftWorx,3.543674396
SoftWorx,3.464648793
SoftWorx,4.462866933
SoftWorx,3.443852582
SoftWorx,3.734999539
SoftWorx,3.843139838
SoftWorx,4.184197702
SoftWorx,4.529414809
SoftWorx,4.250745578
SoftWorx,4.259064063
SoftWorx,3.68092939
SoftWorx,4.533574051
SoftWorx,4.304815727
SoftWorx,2.279264752
SoftWorx,4.229949367
SoftWorx,10.49792744
SoftWorx,5.444448103
SoftWorx,4.670829045
SoftWorx,4.724899194
SoftWorx,5.677365669
SoftWorx,3.497922731
SoftWorx,0.827689207
SoftWorx,3.901369229
SoftWorx,0.773619058
SoftWorx,12.81878461
SoftWorx,4.184197702
SoftWorx,0.57397543
SoftWorx,0.532383008
SoftWorx,2.57041171
SoftWorx,3.614381514
SoftWorx,7.536546954
SoftWorx,2.894832605
SoftWorx,0.632204822
SoftWorx,3.011291388
SoftWorx,0.632204822
SoftWorx,1.335116762
SoftWorx,0.133095752
SoftWorx,0.366013318
SoftWorx,0.515746039
SoftWorx,4.462866933
SoftWorx,6.509214119
SoftWorx,5.45692583
SoftWorx,5.631614005
SoftWorx,6.317888976
SoftWorx,6.40107382
SoftWorx,9.013077953
SoftWorx,9.117059009
SoftWorx,6.571602753
SoftWorx,8.613790697
SoftWorx,5.91860172
SoftWorx,3.789069688
SoftWorx,5.103390239
SoftWorx,5.394537196
SoftWorx,4.720739952
SoftWorx,4.666669803
SoftWorx,3.726681055
SoftWorx,4.284019516
SoftWorx,3.664292421
SoftWorx,3.913846956
SoftWorx,3.435534097
SoftWorx,3.543674396
SoftWorx,4.95781676
SoftWorx,3.980394832
SoftWorx,4.001191043
SoftWorx,4.770650859
SoftWorx,6.330366702
SoftWorx,7.328584842
SoftWorx,6.663106082
SoftWorx,6.276296553
SoftWorx,2.661915039
SoftWorx,2.998813661
SoftWorx,4.009509528
SoftWorx,3.926324683
SoftWorx,4.388000572
SoftWorx,5.344626289
SoftWorx,10.37315017
SoftWorx,6.28877428
SoftWorx,6.438507001
SoftWorx,5.199052811
SoftWorx,5.282237656
SoftWorx,4.928702065
SoftWorx,4.778969344
SoftWorx,3.743318024
SoftWorx,4.350567392
SoftWorx,8.834230536
SoftWorx,3.622699998
SoftWorx,6.937616071
SoftWorx,3.859776807
SoftWorx,3.535355911
SoftWorx,3.556152122
SoftWorx,12.52347841
SoftWorx,3.660133179
SoftWorx,3.893050745
SoftWorx,3.456330309
SoftWorx,4.558529504
SoftWorx,4.591803442
SoftWorx,4.196675429
SoftWorx,7.894241788
SoftWorx,4.820561766
SoftWorx,4.454548448
SoftWorx,6.879386679
SoftWorx,6.771246381
SoftWorx,6.463462454
SoftWorx,1.44325706
SoftWorx,9.832448676
SoftWorx,6.534169572
SoftWorx,5.619136278
SoftWorx,5.340467047
SoftWorx,5.261441444
SoftWorx,3.963757863
SoftWorx,4.595962685
SoftWorx,4.167560733
SoftWorx,5.535951433
SoftWorx,5.702321123
SoftWorx,5.835416875
SoftWorx,4.641714349
SoftWorx,4.479503902
SoftWorx,5.041001605
SoftWorx,5.477722041
SoftWorx,4.325611938
SoftWorx,6.247181857
SoftWorx,4.491981628
SoftWorx,5.814620663
SoftWorx,5.107549481
SoftWorx,7.457521352
SoftWorx,6.638150629
SoftWorx,6.267978069
SoftWorx,5.976831111
SoftWorx,5.839576117
SoftWorx,5.931079446
SoftWorx,5.931079446
SoftWorx,6.742131685
SoftWorx,5.727276576
SoftWorx,3.360667737
SoftWorx,4.571007231
SoftWorx,5.743913545
SoftWorx,4.8829504
SoftWorx,6.093289894
SoftWorx,5.989308838
SoftWorx,3.693407117
SoftWorx,6.95425304
SoftWorx,3.938802409
SoftWorx,3.402260159
SoftWorx,3.481285762
SoftWorx,5.510995979
SoftWorx,4.134286795
SoftWorx,3.47712652
SoftWorx,3.344030768
SoftWorx,4.221630882
SoftWorx,5.269759929
SoftWorx,5.502677495
SoftWorx,3.468808035
SoftWorx,2.445634442
SoftWorx,3.165183351
SoftWorx,3.764114235
SoftWorx,6.010105049
SoftWorx,2.915628816
SoftWorx,3.456330309
SoftWorx,4.5876442
SoftWorx,0.653001033
SoftWorx,5.178256599
SoftWorx,5.461085072
SoftWorx,4.575166473
SoftWorx,4.799765555
SoftWorx,4.529414809
SoftWorx,4.820561766
SoftWorx,4.408796783
SoftWorx,7.262036966
SoftWorx,2.270946268
SoftWorx,3.111113202
SoftWorx,2.291742479
SoftWorx,3.489604247
SoftWorx,4.284019516
SoftWorx,3.776591962
SoftWorx,6.134882317
SoftWorx,5.265600687
SoftWorx,7.39929196
SoftWorx,5.773028241
SoftWorx,3.606063029
SoftWorx,2.528819287
SoftWorx,4.695784499
SoftWorx,5.739754303
SoftWorx,4.055261192
SoftWorx,5.82709839
SoftWorx,5.095071754
SoftWorx,4.109331342
SoftWorx,4.034464981
SoftWorx,5.506836737
SoftWorx,4.121809068
SoftWorx,4.529414809
SoftWorx,5.207371295
SoftWorx,5.627454762
SoftWorx,7.320266357
SoftWorx,5.540110675
SoftWorx,3.364826979
SoftWorx,3.368986221
SoftWorx,2.711825946
SoftWorx,7.049915611
SoftWorx,2.857399425
SoftWorx,4.371363603
SoftWorx,5.436129619
SoftWorx,5.273919171
SoftWorx,5.286396898
SoftWorx,5.415333408
SoftWorx,5.236485991
SoftWorx,4.903746611
SoftWorx,5.065957059
SoftWorx,4.737376921
SoftWorx,5.174097357
SoftWorx,2.520500803
SoftWorx,5.714798849
SoftWorx,4.363045119
SoftWorx,4.009509528
SoftWorx,5.486040526
SoftWorx,3.506241216
SoftWorx,2.819966245
SoftWorx,5.144982661
SoftWorx,5.236485991
SoftWorx,3.58942606
SoftWorx,2.358290355
SoftWorx,4.200834671
SoftWorx,4.612599654
SoftWorx,0.307783926
SoftWorx,3.360667737
SoftWorx,3.381463948
SoftWorx,4.412956026
SoftWorx,3.676770148
SoftWorx,5.481881284
SoftWorx,4.970294487
SoftWorx,4.887109642
SoftWorx,3.751636508
SoftWorx,3.876413776
SoftWorx,3.734999539
SoftWorx,7.661324222
SoftWorx,7.403451202
SoftWorx,5.286396898
SoftWorx,5.527632948
SoftWorx,5.211530537
SoftWorx,6.259659584
SoftWorx,6.005945807
SoftWorx,3.173501836
SoftWorx,5.411174165
SoftWorx,5.061797816
SoftWorx,4.288178758
SoftWorx,4.121809068
SoftWorx,3.215094258
SoftWorx,5.136664177
SoftWorx,0.270350746
SoftWorx,4.454548448
SoftWorx,6.53001033
SoftWorx,3.776591962
SoftWorx,4.986931456
SoftWorx,4.196675429
SoftWorx,4.8829504
SoftWorx,7.536546954
SoftWorx,8.380873131
SoftWorx,4.487822386
SoftWorx,4.966135245
SoftWorx,5.16161963
SoftWorx,6.272137311
SoftWorx,5.573384613
SoftWorx,2.412360504
SoftWorx,2.969698965
SoftWorx,10.94296636
SoftWorx,8.642905392
SoftWorx,0.307783926
SoftWorx,2.928106543
SoftWorx,7.727872098
SoftWorx,4.159242249
SoftWorx,3.938802409
SoftWorx,6.829475772
SoftWorx,3.997031801
SoftWorx,8.505650398
SoftWorx,4.009509528
SoftWorx,4.928702065
SoftWorx,4.092694373
SoftWorx,6.737972443
SoftWorx,0.723708151
SoftWorx,11.2424318
SoftWorx,3.510400458
SoftWorx,3.423056371
SoftWorx,8.372554646
SoftWorx,11.96613995
SoftWorx,6.575761995
SoftWorx,5.340467047
SoftWorx,3.868095291
SoftWorx,6.434347758
SoftWorx,4.803924797
SoftWorx,3.722521812
SoftWorx,6.496736392
SoftWorx,4.462866933
SoftWorx,3.784910446
SoftWorx,3.522878185
SoftWorx,6.941775313
SoftWorx,5.910283235
SoftWorx,3.43969334
SoftWorx,4.134286795
SoftWorx,3.980394832
SoftWorx,6.95425304
SoftWorx,3.980394832
SoftWorx,3.202616531
SoftWorx,3.18182032
SoftWorx,4.67914753
SoftWorx,4.758173132
SoftWorx,6.554965784
SoftWorx,6.051697472
SoftWorx,3.901369229
SoftWorx,3.963757863
SoftWorx,4.974453729
SoftWorx,6.201430193
SoftWorx,6.7338132
SoftWorx,5.777187483
SoftWorx,6.388596094
SoftWorx,5.398696439
SoftWorx,3.992872559
SoftWorx,5.228167506
SoftWorx,3.601903787
SoftWorx,3.547833638
SoftWorx,5.481881284
SoftWorx,4.109331342
SoftWorx,4.562688747
SoftWorx,4.666669803
SoftWorx,2.749259126
SoftWorx,5.224008264
SoftWorx,3.464648793
SoftWorx,4.816402524
SoftWorx,4.175879218
SoftWorx,4.95781676
SoftWorx,5.681524911
SoftWorx,5.103390239
SoftWorx,2.882354878
SoftWorx,4.412956026
SoftWorx,2.753418369
SoftWorx,5.839576117
SoftWorx,4.853835704
SoftWorx,7.582298619
SoftWorx,6.7338132
SoftWorx,6.018423534
SoftWorx,7.815216185
SoftWorx,5.885327782
SoftWorx,9.004759468
SoftWorx,6.055856714
SoftWorx,4.525255566
SoftWorx,3.893050745
SoftWorx,4.42127451
SoftWorx,4.246586336
SoftWorx,4.79144707
SoftWorx,2.770055338
SoftWorx,5.315511594
SoftWorx,6.334525945
SoftWorx,11.53357876
SoftWorx,10.97624029
SoftWorx,5.602499309
SoftWorx,5.544269917
SoftWorx,5.282237656
SoftWorx,5.802142937
SoftWorx,5.427811134
SoftWorx,2.470589896
SoftWorx,5.739754303
SoftWorx,5.311352351
SoftWorx,3.572789091
SoftWorx,3.980394832
SoftWorx,4.333930423
SoftWorx,5.461085072
SoftWorx,3.497922731
SoftWorx,4.45870769
SoftWorx,3.851458322
SoftWorx,4.916224338
SoftWorx,1.513964178
SoftWorx,5.232326749
SoftWorx,5.469403557
SoftWorx,5.282237656
SoftWorx,4.171719975
SoftWorx,6.172315497
SoftWorx,5.552588402
SoftWorx,7.56566165
SoftWorx,6.413551547
SoftWorx,5.82709839
SoftWorx,5.444448103
SoftWorx,5.964353384
SoftWorx,5.739754303
SoftWorx,3.639336967
SoftWorx,4.292338
SoftWorx,5.016046152
SoftWorx,7.944152695
SoftWorx,6.380277609
SoftWorx,5.065957059
SoftWorx,3.926324683
SoftWorx,3.302438345
SoftWorx,6.538328815
SoftWorx,8.526446609
SoftWorx,9.221040065
SoftWorx,9.849085645
SoftWorx,5.303033867
SoftWorx,2.903151089
SoftWorx,4.229949367
SoftWorx,4.641714349
SoftWorx,5.232326749
SoftWorx,4.695784499
SoftWorx,3.140227898
SoftWorx,2.740940642
SoftWorx,4.21747164
SoftWorx,6.525851088
SoftWorx,6.255500342
SoftWorx,6.130723074
SoftWorx,8.164592534
SoftWorx,5.914442477
SoftWorx,5.153301146