Method,eccentricity
FM2FM,0.98467271
FM2FM,0.988185109
FM2FM,0.981580082
FM2FM,0.985645272
FM2FM,0.978878813
FM2FM,0.980804572
FM2FM,0.993586642
FM2FM,0.985503547
FM2FM,0.97890721
FM2FM,0.994719041
FM2FM,0.97616121
FM2FM,0.985816235
FM2FM,0.994552898
FM2FM,0.991034057
FM2FM,0.987546372
FM2FM,0.955644936
FM2FM,0.982804994
FM2FM,0.980769687
FM2FM,0.978879238
FM2FM,0.980943396
FM2FM,0.978022868
FM2FM,0.981142807
FM2FM,0.980395305
FM2FM,0.986459754
FM2FM,0.985004973
FM2FM,0.976664351
FM2FM,0.988697642
FM2FM,0.983919512
FM2FM,0.980527484
FM2FM,0.994554555
FM2FM,0.97859821
FM2FM,0.977522523
FM2FM,0.973388685
FM2FM,0.97978945
FM2FM,0.992648806
FM2FM,0.971876871
FM2FM,0.981673452
FM2FM,0.991918835
FM2FM,0.974446445
FM2FM,0.960005912
FM2FM,0.988613737
FM2FM,0.963353122
FM2FM,0.971751078
FM2FM,0.972154903
FM2FM,0.994677751
FM2FM,0.983765295
FM2FM,0.976524854
FM2FM,0.990297475
FM2FM,0.980944091
FM2FM,0.984099624
FM2FM,0.989581933
FM2FM,0.986255726
FM2FM,0.987154073
FM2FM,0.984840251
FM2FM,0.905851297
FM2FM,0.985991609
FM2FM,0.980155305
FM2FM,0.95944897
FM2FM,0.988342118
FM2FM,0.908339948
FM2FM,0.986296162
FM2FM,0.980882628
FM2FM,0.986583646
FM2FM,0.992673232
FM2FM,0.979073138
FM2FM,0.981523892
FM2FM,0.987790892
FM2FM,0.985133219
FM2FM,0.990737199
FM2FM,0.993471258
FM2FM,0.963592141
FM2FM,0.950322619
FM2FM,0.971536396
FM2FM,0.988129109
FM2FM,0.959862694
FM2FM,0.993453635
FM2FM,0.984577596
FM2FM,0.982506809
FM2FM,0.950575126
FM2FM,0.992815866
FM2FM,0.984677965
FM2FM,0.959256273
FM2FM,0.98336786
FM2FM,0.980255126
FM2FM,0.992040519
FM2FM,0.973087011
FM2FM,0.988059084
FM2FM,0.993665109
FM2FM,0.990352546
FM2FM,0.971621615
FM2FM,0.971874873
FM2FM,0.97161537
FM2FM,0.975175414
FM2FM,0.984645331
FM2FM,0.9758413
FM2FM,0.968962368
FM2FM,0.977671499
FM2FM,0.982724229
FM2FM,0.986248883
FM2FM,0.980947877
FM2FM,0.980376146
FM2FM,0.988148186
FM2FM,0.983573621
FM2FM,0.993091114
FM2FM,0.985398234
FM2FM,0.982287766
FM2FM,0.97080362
FM2FM,0.976818635
FM2FM,0.986486891
FM2FM,0.991965032
FM2FM,0.985089714
FM2FM,0.993668228
FM2FM,0.903825694
FM2FM,0.973173413
FM2FM,0.969066269
FM2FM,0.971375573
FM2FM,0.977406744
FM2FM,0.95441139
FM2FM,0.963193028
FM2FM,0.974912123
FM2FM,0.962153785
FM2FM,0.982950636
FM2FM,0.958669517
FM2FM,0.982418523
FM2FM,0.975119417
FM2FM,0.99255179
FM2FM,0.968419597
FM2FM,0.961305406
FM2FM,0.972228856
FM2FM,0.985848595
FM2FM,0.963908482
FM2FM,0.960080433
FM2FM,0.991820754
FM2FM,0.950274537
FM2FM,0.951981674
FM2FM,0.987919462
FM2FM,0.995442777
FM2FM,0.985042103
FM2FM,0.992008538
FM2FM,0.989316851
FM2FM,0.992760364
FM2FM,0.994652572
FM2FM,0.990637371
FM2FM,0.977023251
FM2FM,0.983000331
FM2FM,0.978960626
FM2FM,0.989894147
FM2FM,0.9897996
FM2FM,0.975510091
FM2FM,0.969043828
FM2FM,0.991137847
FM2FM,0.984713686
FM2FM,0.979756382
FM2FM,0.992717685
FM2FM,0.98909256
FM2FM,0.986648663
FM2FM,0.991077561
FM2FM,0.984588726
FM2FM,0.987674831
FM2FM,0.983275295
FM2FM,0.991610449
FM2FM,0.96550343
FM2FM,0.982390749
FM2FM,0.988038558
FM2FM,0.983235499
FM2FM,0.980075795
FM2FM,0.977543649
FM2FM,0.991070188
FM2FM,0.976566844
FM2FM,0.990658102
FM2FM,0.97318449
FM2FM,0.992351586
FM2FM,0.986402715
FM2FM,0.989837687
FM2FM,0.991757622
FM2FM,0.985636926
FM2FM,0.984134454
FM2FM,0.987702833
FM2FM,0.984263711
FM2FM,0.991547996
FM2FM,0.983793663
FM2FM,0.978028905
FM2FM,0.929253144
FM2FM,0.975692731
FM2FM,0.976472293
FM2FM,0.977474147
FM2FM,0.937204859
FM2FM,0.985979365
FM2FM,0.984352839
FM2FM,0.985201565
FM2FM,0.968998543
FM2FM,0.983844852
FM2FM,0.980393539
FM2FM,0.980672894
FM2FM,0.98389467
FM2FM,0.986476298
FM2FM,0.98578119
FM2FM,0.987827897
FM2FM,0.992273161
FM2FM,0.993968304
FM2FM,0.966997864
FM2FM,0.983007246
FM2FM,0.96626454
FM2FM,0.976535279
FM2FM,0.993663045
FM2FM,0.992977575
FM2FM,0.970496991
FM2FM,0.973594917
FM2FM,0.983508438
FM2FM,0.983836739
FM2FM,0.988349975
FM2FM,0.995529231
FM2FM,0.994476126
FM2FM,0.992220178
FM2FM,0.978044486
FM2FM,0.945992554
FM2FM,0.98207855
FM2FM,0.98499562
FM2FM,0.968246797
FM2FM,0.970477682
FM2FM,0.992181993
FM2FM,0.977410119
FM2FM,0.986818209
FM2FM,0.986023017
FM2FM,0.989523106
FM2FM,0.984770572
FM2FM,0.98755806
FM2FM,0.985426918
FM2FM,0.98412444
FM2FM,0.994015732
FM2FM,0.992528186
FM2FM,0.976377554
FM2FM,0.977133687
FM2FM,0.975798626
FM2FM,0.976327583
FM2FM,0.990578414
FM2FM,0.989558776
FM2FM,0.989724369
FM2FM,0.986296995
FM2FM,0.985479538
FM2FM,0.982714329
FM2FM,0.986524453
FM2FM,0.989930567
FM2FM,0.990242526
FM2FM,0.991118206
FM2FM,0.990885812
FM2FM,0.991721103
FM2FM,0.987390979
FM2FM,0.97392413
FM2FM,0.978640945
FM2FM,0.984404176
FM2FM,0.951647655
FM2FM,0.975411748
FM2FM,0.993693922
FM2FM,0.990836116
FM2FM,0.956039247
FM2FM,0.973544486
FM2FM,0.969856786
FM2FM,0.977781677
FM2FM,0.972420437
FM2FM,0.975437599
FM2FM,0.960189241
FM2FM,0.985301382
FM2FM,0.975941527
FM2FM,0.972462121
FM2FM,0.97456217
FM2FM,0.971906258
FM2FM,0.987469918
FM2FM,0.99193822
FM2FM,0.966859339
FM2FM,0.969646627
FM2FM,0.978637401
FM2FM,0.973443714
FM2FM,0.994224384
FM2FM,0.985556243
FM2FM,0.982750822
FM2FM,0.97664876
FM2FM,0.987817318
FM2FM,0.990308129
FM2FM,0.988666475
FM2FM,0.989427256
FM2FM,0.991049377
FM2FM,0.990419377
FM2FM,0.991773527
FM2FM,0.984424076
FM2FM,0.988566784
FM2FM,0.974140494
FM2FM,0.958959282
FM2FM,0.984135141
FM2FM,0.922176467
FM2FM,0.988653255
FM2FM,0.960410072
FM2FM,0.987692712
FM2FM,0.984253585
FM2FM,0.993754982
FM2FM,0.993453997
FM2FM,0.989732965
FM2FM,0.994020149
FM2FM,0.980142891
FM2FM,0.956966815
FM2FM,0.974374919
FM2FM,0.988010346
FM2FM,0.985607901
FM2FM,0.995154426
FM2FM,0.980714516
FM2FM,0.988386924
FM2FM,0.975952701
FM2FM,0.994399938
FM2FM,0.984301256
FM2FM,0.973169284
FM2FM,0.986936674
FM2FM,0.996932938
FM2FM,0.979964422
FM2FM,0.982544506
FM2FM,0.989706449
FM2FM,0.980480878
FM2FM,0.990708068
FM2FM,0.983739248
FM2FM,0.97914918
FM2FM,0.974840564
FM2FM,0.983028633
FM2FM,0.986903447
FM2FM,0.979540898
FM2FM,0.987861173
FM2FM,0.981658643
FM2FM,0.970949885
FM2FM,0.960298397
FM2FM,0.990594639
FM2FM,0.982973083
FM2FM,0.971768985
FM2FM,0.973658586
FM2FM,0.96999109
FM2FM,0.980526113
FM2FM,0.981065602
FM2FM,0.964263576
FM2FM,0.975558929
FM2FM,0.889808377
FM2FM,0.987625881
FM2FM,0.989810116
FM2FM,0.988604519
FM2FM,0.992081423
FM2FM,0.963799136
FM2FM,0.95011261
FM2FM,0.985762684
FM2FM,0.977345224
FM2FM,0.989388878
FM2FM,0.940463201
FM2FM,0.928843055
FM2FM,0.989401953
FM2FM,0.985682248
FM2FM,0.974628326
FM2FM,0.977093065
FM2FM,0.976685454
FM2FM,0.988824416
FM2FM,0.979049435
FM2FM,0.985070454
FM2FM,0.984459394
FM2FM,0.977374634
FM2FM,0.967914305
FM2FM,0.98492026
FM2FM,0.978013812
FM2FM,0.986881163
FM2FM,0.98021733
FM2FM,0.99121354
FM2FM,0.990602742
FM2FM,0.975239357
FM2FM,0.955396144
FM2FM,0.893676925
FM2FM,0.988993923
FM2FM,0.985114793
FM2FM,0.983863681
FM2FM,0.981349918
FM2FM,0.994739055
FM2FM,0.98099488
FM2FM,0.978592178
FM2FM,0.987167592
FM2FM,0.989016985
FM2FM,0.987176447
FM2FM,0.973551969
FM2FM,0.980770133
FM2FM,0.98360976
FM2FM,0.98910152
FM2FM,0.993068
FM2FM,0.985878772
FM2FM,0.984283716
FM2FM,0.976450962
FM2FM,0.988843442
FM2FM,0.982522851
FM2FM,0.982397649
FM2FM,0.98963285
FM2FM,0.984558289
FM2FM,0.984219024
FM2FM,0.989005523
FM2FM,0.97993219
FM2FM,0.989947507
FM2FM,0.988257102
FM2FM,0.993485991
FM2FM,0.98866202
FM2FM,0.989088982
FM2FM,0.989111935
FM2FM,0.945208643
FM2FM,0.973473009
FM2FM,0.948774162
FM2FM,0.972279274
FM2FM,0.976993713
FM2FM,0.993221364
FM2FM,0.983231382
FM2FM,0.897334968
FM2FM,0.984164261
FM2FM,0.978408929
FM2FM,0.973096227
FM2FM,0.99294267
FM2FM,0.982207415
FM2FM,0.985017107
FM2FM,0.980975093
FM2FM,0.988962058
FM2FM,0.977559631
FM2FM,0.989108559
FM2FM,0.981053095
FM2FM,0.984198688
FM2FM,0.984096319
FM2FM,0.984731476
FM2FM,0.9764159
FM2FM,0.987135612
FM2FM,0.990179016
FM2FM,0.980077768
FM2FM,0.981309852
FM2FM,0.98073036
FM2FM,0.991675282
FM2FM,0.979682529
FM2FM,0.986399179
FM2FM,0.981661942
FM2FM,0.989962316
FM2FM,0.989375954
FM2FM,0.986887562
FM2FM,0.987702737
FM2FM,0.983011255
FM2FM,0.991301562
FM2FM,0.985237179
FM2FM,0.979966844
FM2FM,0.993105122
FM2FM,0.981215786
FM2FM,0.980553528
FM2FM,0.982232518
FM2FM,0.992705689
FM2FM,0.991329211
FM2FM,0.983292465
FM2FM,0.981613682
FM2FM,0.972436706
FM2FM,0.984439292
FM2FM,0.988363308
FM2FM,0.995152673
FM2FM,0.978618449
FM2FM,0.984001363
FM2FM,0.993710512
FM2FM,0.985240172
FM2FM,0.979212515
FM2FM,0.98201162
FM2FM,0.988583584
FM2FM,0.989564103
FM2FM,0.984398183
FM2FM,0.979005392
FM2FM,0.98758765
FM2FM,0.987834906
FM2FM,0.983287755
FM2FM,0.977371641
FM2FM,0.983050015
FM2FM,0.982800212
FM2FM,0.991090141
FM2FM,0.988067932
FM2FM,0.987283254
FM2FM,0.985884449
FM2FM,0.984038776
FM2FM,0.987832635
FM2FM,0.988402102
FM2FM,0.982766953
FM2FM,0.979741346
FM2FM,0.985502946
FM2FM,0.991348301
FM2FM,0.981549854
FM2FM,0.992325531
FM2FM,0.988754148
FM2FM,0.980371985
FM2FM,0.977234664
FM2FM,0.98023045
FM2FM,0.986665246
FM2FM,0.990437076
FM2FM,0.98655005
FM2FM,0.987543965
FM2FM,0.989644934
FM2FM,0.983180412
FM2FM,0.98777771
FM2FM,0.979443578
FM2FM,0.989913611
FM2FM,0.982102256
FM2FM,0.977585714
FM2FM,0.990085425
FM2FM,0.981312785
FM2FM,0.9916121
FM2FM,0.991873653
FM2FM,0.975220272
FM2FM,0.990645003
FM2FM,0.984689047
FM2FM,0.986076687
FM2FM,0.98526962
FM2FM,0.916002942
FM2FM,0.993357138
FM2FM,0.990544296
FM2FM,0.987311628
FM2FM,0.985799564
FM2FM,0.983987585
FM2FM,0.984997947
FM2FM,0.983184588
FM2FM,0.94515608
FM2FM,0.981603354
FM2FM,0.991950992
FM2FM,0.990627017
FM2FM,0.990041131
FM2FM,0.98897148
FM2FM,0.984950986
FM2FM,0.988433168
FM2FM,0.978005667
FM2FM,0.984647547
FM2FM,0.98444506
FM2FM,0.990010061
FM2FM,0.982146878
FM2FM,0.979631847
FM2FM,0.980368803
FM2FM,0.980729641
FM2FM,0.977991833
FM2FM,0.98871045
FM2FM,0.976607551
FM2FM,0.987644368
FM2FM,0.980049573
FM2FM,0.986643307
FM2FM,0.981015264
FM2FM,0.985799505
FM2FM,0.97493219
FM2FM,0.992320269
FM2FM,0.987059564
FM2FM,0.990995382
FM2FM,0.980221761
FM2FM,0.992186165
FM2FM,0.991763618
FM2FM,0.964531517
FM2FM,0.990340071
FM2FM,0.922218683
FM2FM,0.976055945
FM2FM,0.971861304
FM2FM,0.946243921
FM2FM,0.968823766
FM2FM,0.966416584
FM2FM,0.981491948
FM2FM,0.975420816
FM2FM,0.98402784
FM2FM,0.990470865
FM2FM,0.990549969
FM2FM,0.980451921
FM2FM,0.981756956
FM2FM,0.963328373
FM2FM,0.988799638
FM2FM,0.994628532
FM2FM,0.977913317
FM2FM,0.993648171
FM2FM,0.991480812
FM2FM,0.989027259
FM2FM,0.991496768
FM2FM,0.997478352
FM2FM,0.984575671
FM2FM,0.993112966
FM2FM,0.983761353
FM2FM,0.982094628
FM2FM,0.978791953
FM2FM,0.993450133
FM2FM,0.96250135
FM2FM,0.97486459
FM2FM,0.976231253
FM2FM,0.973263821
FM2FM,0.983651875
FM2FM,0.979209479
FM2FM,0.987819259
FM2FM,0.979162812
FM2FM,0.975343447
FM2FM,0.976821932
FM2FM,0.994415431
FM2FM,0.981123377
FM2FM,0.99772948
FM2FM,0.984247189
FM2FM,0.984008006
FM2FM,0.982989651
FM2FM,0.979613582
FM2FM,0.976837169
FM2FM,0.977227917
FM2FM,0.978772264
FM2FM,0.986148569
FM2FM,0.970107909
FM2FM,0.993648033
FM2FM,0.978156041
FM2FM,0.974894558
FM2FM,0.978001274
FM2FM,0.993649408
FM2FM,0.983664395
FM2FM,0.996831238
FM2FM,0.978744258
FM2FM,0.993844524
FM2FM,0.984825768
FM2FM,0.99350537
FM2FM,0.994268486
FM2FM,0.993506897
FM2FM,0.964505261
FM2FM,0.967463016
FM2FM,0.97538817
FM2FM,0.991220058
FM2FM,0.987981332
FM2FM,0.99327989
FM2FM,0.98398752
FM2FM,0.988437171
FM2FM,0.992360508
FM2FM,0.985380227
FM2FM,0.984804635
FM2FM,0.987726556
FM2FM,0.988497527
FM2FM,0.981191853
FM2FM,0.971462496
FM2FM,0.983828174
FM2FM,0.991617551
FM2FM,0.988745105
FM2FM,0.964922697
FM2FM,0.983180675
FM2FM,0.969682266
FM2FM,0.974117657
FM2FM,0.973342362
FM2FM,0.926041898
FM2FM,0.938814526
FM2FM,0.978093005
FM2FM,0.961481677
FM2FM,0.940778711
FM2FM,0.983927601
FM2FM,0.969224466
FM2FM,0.99321335
FM2FM,0.920228048
FM2FM,0.924500256
FM2FM,0.988742315
FM2FM,0.98102847
FM2FM,0.99214403
FM2FM,0.984293733
FM2FM,0.979476812
FM2FM,0.987366186
FM2FM,0.972069255
FM2FM,0.982887543
FM2FM,0.985448605
FM2FM,0.983735338
FM2FM,0.990595364
FM2FM,0.982422024
FM2FM,0.98421452
FM2FM,0.98836992
FM2FM,0.983681439
FM2FM,0.982343469
FM2FM,0.993231343
FM2FM,0.977108641
FM2FM,0.974155963
FM2FM,0.993088207
FM2FM,0.9599073
FM2FM,0.983400654
FM2FM,0.981309063
FM2FM,0.978809218
FM2FM,0.982338594
FM2FM,0.981455345
FM2FM,0.974045346
FM2FM,0.992579744
FM2FM,0.984957521
FM2FM,0.983367097
FM2FM,0.982128444
FM2FM,0.987294437
FM2FM,0.976215321
FM2FM,0.978914267
FM2FM,0.980188401
FM2FM,0.97854487
FM2FM,0.972892267
FM2FM,0.980752185
FM2FM,0.979178641
FM2FM,0.991275932
FM2FM,0.983540873
FM2FM,0.982523502
FM2FM,0.986938805
FM2FM,0.990940131
FM2FM,0.987472994
FM2FM,0.918311808
FM2FM,0.979409869
FM2FM,0.989230698
FM2FM,0.979833561
FM2FM,0.986098864
FM2FM,0.985106025
FM2FM,0.968754116
FM2FM,0.976632489
FM2FM,0.957915897
FM2FM,0.979144149
FM2FM,0.925254349
FM2FM,0.966555264
FM2FM,0.913042696
FM2FM,0.989628832
FM2FM,0.922532268
FM2FM,0.978057583
FM2FM,0.98259008
FM2FM,0.994078047
FM2FM,0.986617349
FM2FM,0.957296631
FM2FM,0.986465796
FM2FM,0.91929031
FM2FM,0.966177421
FM2FM,0.944409335
FM2FM,0.984675832
FM2FM,0.961866761
FM2FM,0.982398588
FM2FM,0.956578157
FM2FM,0.959490411
FM2FM,0.896228549
FM2FM,0.964737612
FM2FM,0.992792596
FM2FM,0.992512908
FM2FM,0.989693331
FM2FM,0.988170731
FM2FM,0.98784234
FM2FM,0.986436427
FM2FM,0.990783445
FM2FM,0.96441817
FM2FM,0.981581526
FM2FM,0.988919424
FM2FM,0.981521525
FM2FM,0.972795755
FM2FM,0.984721329
FM2FM,0.982826865
FM2FM,0.981015363
FM2FM,0.982161129
FM2FM,0.974336878
FM2FM,0.984537717
FM2FM,0.978794497
FM2FM,0.976510801
FM2FM,0.974582012
FM2FM,0.976474722
FM2FM,0.983866649
FM2FM,0.980618742
FM2FM,0.987197442
FM2FM,0.980660933
FM2FM,0.993423111
FM2FM,0.989166602
FM2FM,0.991612557
FM2FM,0.99433855
FM2FM,0.994824058
FM2FM,0.948996197
FM2FM,0.982468488
FM2FM,0.977637357
FM2FM,0.98023286
FM2FM,0.984933852
FM2FM,0.977463836
FM2FM,0.978151118
FM2FM,0.986473096
FM2FM,0.987321514
FM2FM,0.98737181
FM2FM,0.984085231
FM2FM,0.982554474
FM2FM,0.983407966
FM2FM,0.968777246
FM2FM,0.976865998
FM2FM,0.972400794
FM2FM,0.971778537
FM2FM,0.967648015
FM2FM,0.972187101
FM2FM,0.976369131
FM2FM,0.966545328
FM2FM,0.970484216
FM2FM,0.992546583
FM2FM,0.974790019
FM2FM,0.980609865
FM2FM,0.970645813
FM2FM,0.983043079
FM2FM,0.980587712
FM2FM,0.979565713
FM2FM,0.988305562
FM2FM,0.978768904
FM2FM,0.977908208
FM2FM,0.990991783
FM2FM,0.991597703
FM2FM,0.992853932
FM2FM,0.989411319
FM2FM,0.978434474
FM2FM,0.982240149
FM2FM,0.9897346
FM2FM,0.977627556
FM2FM,0.984439931
FM2FM,0.9756705
FM2FM,0.978129503
FM2FM,0.974821777
FM2FM,0.985180694
FM2FM,0.970648866
FM2FM,0.987895623
FM2FM,0.971644549
FM2FM,0.977334677
FM2FM,0.977047902
FM2FM,0.983826995
FM2FM,0.98326734
FM2FM,0.979532693
FM2FM,0.981380899
FM2FM,0.97771511
FM2FM,0.976602745
FM2FM,0.976362905
FM2FM,0.987325883
FM2FM,0.988724477
FM2FM,0.98276858
FM2FM,0.979538871
FM2FM,0.980936655
FM2FM,0.984195011
FM2FM,0.985203053
FM2FM,0.983880958
FM2FM,0.978538212
FM2FM,0.986089926
FM2FM,0.978481508
FM2FM,0.979639392
FM2FM,0.97644993
FM2FM,0.988571595
FM2FM,0.9798061
FM2FM,0.977637443
FM2FM,0.980517668
FM2FM,0.980686855
FM2FM,0.972412422
FM2FM,0.978109512
FM2FM,0.979131884
FM2FM,0.981758032
FM2FM,0.970134668
FM2FM,0.978430648
FM2FM,0.987893679
FM2FM,0.986907358
FM2FM,0.976369728
FM2FM,0.986884328
FM2FM,0.98013672
FM2FM,0.977867432
FM2FM,0.983186309
FM2FM,0.987319322
FM2FM,0.980112788
FM2FM,0.984729705
FM2FM,0.971785299
FM2FM,0.983154274
FM2FM,0.975694701
FM2FM,0.975285038
FM2FM,0.982401056
FM2FM,0.975321928
FM2FM,0.980012366
FM2FM,0.97196742
FM2FM,0.974986223
FM2FM,0.98585228
FM2FM,0.982609931
FM2FM,0.956111092
FM2FM,0.969330561
FM2FM,0.966381579
FM2FM,0.986388935
FM2FM,0.973156503
FM2FM,0.979238704
FM2FM,0.979394156
FM2FM,0.987542668
FM2FM,0.974153208
FM2FM,0.984280459
FM2FM,0.986578453
FM2FM,0.974771743
FM2FM,0.92869747
FM2FM,0.976295783
FM2FM,0.982959079
FM2FM,0.981866865
FM2FM,0.984962428
FM2FM,0.976995067
FM2FM,0.979786623
FM2FM,0.981821361
FM2FM,0.982215238
FM2FM,0.984642073
FM2FM,0.978320435
FM2FM,0.977547118
FM2FM,0.985892045
FM2FM,0.980823787
FM2FM,0.976186335
FM2FM,0.989182034
FM2FM,0.982373902
FM2FM,0.981524656
FM2FM,0.970153044
FM2FM,0.981640907
FM2FM,0.973011314
FM2FM,0.971817923
FM2FM,0.982545651
FM2FM,0.98119935
FM2FM,0.983428289
FM2FM,0.981334527
FM2FM,0.986033886
FM2FM,0.984884097
FM2FM,0.983679356
FM2FM,0.98007536
FM2FM,0.982351246
FM2FM,0.971274723
FM2FM,0.985491702
FM2FM,0.975186136
FM2FM,0.971680525
FM2FM,0.991073871
FM2FM,0.980196431
FM2FM,0.965174944
FM2FM,0.989193518
FM2FM,0.988188653
FM2FM,0.972071846
FM2FM,0.946161671
FM2FM,0.985499171
FM2FM,0.979985815
FM2FM,0.971883045
FM2FM,0.971793051
FM2FM,0.981218722
FM2FM,0.987713544
FM2FM,0.972161418
FM2FM,0.986679587
FM2FM,0.98257985
FM2FM,0.975931758
FM2FM,0.960730616
FM2FM,0.971238242
FM2FM,0.979433708
FM2FM,0.993771103
FM2FM,0.992266271
FM2FM,0.989026079
FM2FM,0.983803316
FM2FM,0.989731257
FM2FM,0.935323511
FM2FM,0.988497069
FM2FM,0.983277425
FM2FM,0.986732737
FM2FM,0.989630993
FM2FM,0.982262111
FM2FM,0.983330959
FM2FM,0.944089676
FM2FM,0.991343592
FM2FM,0.971792925
FM2FM,0.924930526
FM2FM,0.988744437
FM2FM,0.985476356
FM2FM,0.988106913
FM2FM,0.988827533
FM2FM,0.981387828
FM2FM,0.980859398
FM2FM,0.982339357
FM2FM,0.986807186
FM2FM,0.967435345
FM2FM,0.963487381
FM2FM,0.981623044
FM2FM,0.979556782
FM2FM,0.986407648
FM2FM,0.978425637
FM2FM,0.982995346
FM2FM,0.976082589
FM2FM,0.91409816
FM2FM,0.953730744
FM2FM,0.982694725
FM2FM,0.954905054
FM2FM,0.976234767
FM2FM,0.98694085
FM2FM,0.989111146
FM2FM,0.979186398
FM2FM,0.97410372
FM2FM,0.983796998
FM2FM,0.980607618
FM2FM,0.975042153
FM2FM,0.97955215
FM2FM,0.988814995
FM2FM,0.979321469
FM2FM,0.980187758
FM2FM,0.977871094
FM2FM,0.985519029
FM2FM,0.977760192
FM2FM,0.985871149
FM2FM,0.974099384
FM2FM,0.988690435
FM2FM,0.976728936
FM2FM,0.981665301
FM2FM,0.988541243
FM2FM,0.989648351
FM2FM,0.985991203
FM2FM,0.978996539
FM2FM,0.979648472
FM2FM,0.987975625
FM2FM,0.97647523
FM2FM,0.975223727
FM2FM,0.989592992
FM2FM,0.975066806
FM2FM,0.975715335
FM2FM,0.978745221
FM2FM,0.95760528
FM2FM,0.98577427
FM2FM,0.969920101
FM2FM,0.977476033
FM2FM,0.979635243
FM2FM,0.982078248
FM2FM,0.984670228
FM2FM,0.979989502
FM2FM,0.969222368
FM2FM,0.974730814
FM2FM,0.972315246
FM2FM,0.975884053
FM2FM,0.98112865
FM2FM,0.984819591
FM2FM,0.979414083
FM2FM,0.989618942
FM2FM,0.979886311
FM2FM,0.984003748
FM2FM,0.992713701
FM2FM,0.983575248
FM2FM,0.971027519
FM2FM,0.983542004
FM2FM,0.979477274
FM2FM,0.984735161
FM2FM,0.968078102
FM2FM,0.97167441
FM2FM,0.987618719
FM2FM,0.987177665
FM2FM,0.984081772
FM2FM,0.983328528
FM2FM,0.978293124
FM2FM,0.986338478
FM2FM,0.982411734
FM2FM,0.984366177
FM2FM,0.970574202
FM2FM,0.982887863
FM2FM,0.980803354
FM2FM,0.983599284
FM2FM,0.97475889
FM2FM,0.982123524
FM2FM,0.97438096
FM2FM,0.98771092
FM2FM,0.988546222
FM2FM,0.976086175
FM2FM,0.968359518
FM2FM,0.979236751
FM2FM,0.990774822
FM2FM,0.989127225
FM2FM,0.97060599
FM2FM,0.990122733
FM2FM,0.970775618
FM2FM,0.981887836
FM2FM,0.875713468
FM2FM,0.984426484
FM2FM,0.983151272
FM2FM,0.982726043
FM2FM,0.986176081
FM2FM,0.990040937
FM2FM,0.958154581
FM2FM,0.976395808
FM2FM,0.99209208
FM2FM,0.992905105
FM2FM,0.994883527
FM2FM,0.98605823
FM2FM,0.978257289
FM2FM,0.984611381
FM2FM,0.988695306
FM2FM,0.986432015
FM2FM,0.989810464
FM2FM,0.985967595
FM2FM,0.98519264
FM2FM,0.975509784
FM2FM,0.981314516
FM2FM,0.984151572
FM2FM,0.979602118
FM2FM,0.97120327
FM2FM,0.977077747
FM2FM,0.988033032
FM2FM,0.879846846
FM2FM,0.981354478
FM2FM,0.979750168
FM2FM,0.983705202
FM2FM,0.983826122
FM2FM,0.991006466
FM2FM,0.978921641
FM2FM,0.984014001
FM2FM,0.972940826
FM2FM,0.98486372
FM2FM,0.971020503
FM2FM,0.968661448
FM2FM,0.984770461
FM2FM,0.980893626
FM2FM,0.97957511
FM2FM,0.983756235
FM2FM,0.981170808
FM2FM,0.971214816
FM2FM,0.971232222
FM2FM,0.984142056
FM2FM,0.991215136
FM2FM,0.971145687
FM2FM,0.979138755
FM2FM,0.970409591
FM2FM,0.962048608
FM2FM,0.991213062
FM2FM,0.990826241
FM2FM,0.986698085
FM2FM,0.993082502
FM2FM,0.984416056
FM2FM,0.98524644
FM2FM,0.974475621
FM2FM,0.873888937
FM2FM,0.976687533
FM2FM,0.973112491
FM2FM,0.97323971
FM2FM,0.992020097
FM2FM,0.983529751
FM2FM,0.990122963
FM2FM,0.990732177
FM2FM,0.982477319
FM2FM,0.981359198
FM2FM,0.984389925
FM2FM,0.981739258
FM2FM,0.976072609
SoftWorx,0.983773713
SoftWorx,0.986660381
SoftWorx,0.981692078
SoftWorx,0.985388708
SoftWorx,0.978609915
SoftWorx,0.981010242
SoftWorx,0.993542332
SoftWorx,0.984997629
SoftWorx,0.978863982
SoftWorx,0.994528858
SoftWorx,0.992349767
SoftWorx,0.985410517
SoftWorx,0.986399525
SoftWorx,0.982345779
SoftWorx,0.980157094
SoftWorx,0.978680605
SoftWorx,0.980898748
SoftWorx,0.97793964
SoftWorx,0.980888358
SoftWorx,0.980354469
SoftWorx,0.98590666
SoftWorx,0.984727396
SoftWorx,0.975777419
SoftWorx,0.988235491
SoftWorx,0.983201052
SoftWorx,0.979303923
SoftWorx,0.994440161
SoftWorx,0.978187692
SoftWorx,0.977193472
SoftWorx,0.973055124
SoftWorx,0.979433899
SoftWorx,0.992466661
SoftWorx,0.971439441
SoftWorx,0.886728043
SoftWorx,0.981247833
SoftWorx,0.991505426
SoftWorx,0.974068037
SoftWorx,0.958464483
SoftWorx,0.988731363
SoftWorx,0.960943598
SoftWorx,0.97103172
SoftWorx,0.981934098
SoftWorx,0.976789277
SoftWorx,0.938757146
SoftWorx,0.991070825
SoftWorx,0.98133218
SoftWorx,0.948276096
SoftWorx,0.984476384
SoftWorx,0.989991873
SoftWorx,0.987508974
SoftWorx,0.987197324
SoftWorx,0.853272947
SoftWorx,0.987425395
SoftWorx,0.981105532
SoftWorx,0.936725866
SoftWorx,0.953112933
SoftWorx,0.987277093
SoftWorx,0.980728499
SoftWorx,0.988500417
SoftWorx,0.992664566
SoftWorx,0.978995089
SoftWorx,0.981740224
SoftWorx,0.988420266
SoftWorx,0.985519237
SoftWorx,0.99156784
SoftWorx,0.993678664
SoftWorx,0.968528064
SoftWorx,0.951847207
SoftWorx,0.971205797
SoftWorx,0.98909446
SoftWorx,0.960069101
SoftWorx,0.993609808
SoftWorx,0.984776849
SoftWorx,0.983241198
SoftWorx,0.947342944
SoftWorx,0.993081046
SoftWorx,0.986253474
SoftWorx,0.959691488
SoftWorx,0.984667195
SoftWorx,0.981449968
SoftWorx,0.992171418
SoftWorx,0.974304476
SoftWorx,0.988020241
SoftWorx,0.993567767
SoftWorx,0.990890477
SoftWorx,0.972635289
SoftWorx,0.971349837
SoftWorx,0.97142413
SoftWorx,0.974867372
SoftWorx,0.984545644
SoftWorx,0.975620505
SoftWorx,0.968664588
SoftWorx,0.977749156
SoftWorx,0.982839161
SoftWorx,0.985886052
SoftWorx,0.981380842
SoftWorx,0.981190897
SoftWorx,0.987839898
SoftWorx,0.984260336
SoftWorx,0.954543356
SoftWorx,0.969044893
SoftWorx,0.981704204
SoftWorx,0.96989486
SoftWorx,0.976353435
SoftWorx,0.985938118
SoftWorx,0.991762828
SoftWorx,0.984524384
SoftWorx,0.993442788
SoftWorx,0.972349703
SoftWorx,0.968270547
SoftWorx,0.97039543
SoftWorx,0.976979567
SoftWorx,0.951634155
SoftWorx,0.962578982
SoftWorx,0.972284356
SoftWorx,0.990143848
SoftWorx,0.98142632
SoftWorx,0.982162702
SoftWorx,0.974962235
SoftWorx,0.991954234
SoftWorx,0.968304687
SoftWorx,0.960534673
SoftWorx,0.972471274
SoftWorx,0.985537147
SoftWorx,0.966647203
SoftWorx,0.960318119
SoftWorx,0.987333713
SoftWorx,0.976250616
SoftWorx,0.97337192
SoftWorx,0.991268626
SoftWorx,0.98917851
SoftWorx,0.992870071
SoftWorx,0.994438585
SoftWorx,0.990539828
SoftWorx,0.977332111
SoftWorx,0.983094158
SoftWorx,0.980010087
SoftWorx,0.989958385
SoftWorx,0.989604363
SoftWorx,0.976954952
SoftWorx,0.970702911
SoftWorx,0.991172107
SoftWorx,0.984582426
SoftWorx,0.980718346
SoftWorx,0.993092695
SoftWorx,0.989083315
SoftWorx,0.986592237
SoftWorx,0.990924777
SoftWorx,0.983936307
SoftWorx,0.971095281
SoftWorx,0.983476148
SoftWorx,0.980725451
SoftWorx,0.99189025
SoftWorx,0.966605108
SoftWorx,0.982234121
SoftWorx,0.987927889
SoftWorx,0.983277757
SoftWorx,0.980507291
SoftWorx,0.977325612
SoftWorx,0.991099206
SoftWorx,0.99584527
SoftWorx,0.990279987
SoftWorx,0.973734828
SoftWorx,0.988869953
SoftWorx,0.992285775
SoftWorx,0.987534435
SoftWorx,0.990148223
SoftWorx,0.992339449
SoftWorx,0.989045315
SoftWorx,0.982240405
SoftWorx,0.988272051
SoftWorx,0.984698961
SoftWorx,0.969908089
SoftWorx,0.985276362
SoftWorx,0.977995745
SoftWorx,0.910540056
SoftWorx,0.97711009
SoftWorx,0.977807984
SoftWorx,0.983643416
SoftWorx,0.986201332
SoftWorx,0.984262111
SoftWorx,0.985851523
SoftWorx,0.980069966
SoftWorx,0.969598261
SoftWorx,0.984244688
SoftWorx,0.923203247
SoftWorx,0.864511085
SoftWorx,0.980261709
SoftWorx,0.984706175
SoftWorx,0.972967486
SoftWorx,0.986967397
SoftWorx,0.972664514
SoftWorx,0.993541407
SoftWorx,0.969546179
SoftWorx,0.988984496
SoftWorx,0.980038487
SoftWorx,0.977525595
SoftWorx,0.992872641
SoftWorx,0.9927788
SoftWorx,0.974017595
SoftWorx,0.974692613
SoftWorx,0.978406575
SoftWorx,0.983456683
SoftWorx,0.98124585
SoftWorx,0.985175758
SoftWorx,0.978046229
SoftWorx,0.994661473
SoftWorx,0.9017686
SoftWorx,0.967251434
SoftWorx,0.922106952
SoftWorx,0.986887849
SoftWorx,0.967511628
SoftWorx,0.906668286
SoftWorx,0.946716099
SoftWorx,0.984629039
SoftWorx,0.980248457
SoftWorx,0.986574397
SoftWorx,0.985881954
SoftWorx,0.989224428
SoftWorx,0.984107918
SoftWorx,0.986963634
SoftWorx,0.984611738
SoftWorx,0.983859903
SoftWorx,0.993859543
SoftWorx,0.992421144
SoftWorx,0.976024872
SoftWorx,0.977090591
SoftWorx,0.974894013
SoftWorx,0.976105519
SoftWorx,0.990513311
SoftWorx,0.989411126
SoftWorx,0.989504706
SoftWorx,0.986193406
SoftWorx,0.985425908
SoftWorx,0.982402531
SoftWorx,0.986084268
SoftWorx,0.989892715
SoftWorx,0.989957254
SoftWorx,0.99101505
SoftWorx,0.96592899
SoftWorx,0.962605216
SoftWorx,0.991586838
SoftWorx,0.986997101
SoftWorx,0.973762795
SoftWorx,0.978610852
SoftWorx,0.984222701
SoftWorx,0.953214073
SoftWorx,0.993514023
SoftWorx,0.990741297
SoftWorx,0.94944262
SoftWorx,0.97341873
SoftWorx,0.969279163
SoftWorx,0.977362746
SoftWorx,0.971343625
SoftWorx,0.974556899
SoftWorx,0.958392994
SoftWorx,0.984955428
SoftWorx,0.975254799
SoftWorx,0.973717123
SoftWorx,0.959009029
SoftWorx,0.972341301
SoftWorx,0.987525062
SoftWorx,0.99190315
SoftWorx,0.9916455
SoftWorx,0.993744619
SoftWorx,0.994227112
SoftWorx,0.984743068
SoftWorx,0.982994761
SoftWorx,0.976722052
SoftWorx,0.987645786
SoftWorx,0.990339134
SoftWorx,0.988568271
SoftWorx,0.989185019
SoftWorx,0.991042902
SoftWorx,0.936471039
SoftWorx,0.991751148
SoftWorx,0.984195051
SoftWorx,0.988269714
SoftWorx,0.973161693
SoftWorx,0.958296495
SoftWorx,0.982285363
SoftWorx,0.92201849
SoftWorx,0.985144148
SoftWorx,0.958888854
SoftWorx,0.988154195
SoftWorx,0.984815374
SoftWorx,0.993927725
SoftWorx,0.993569246
SoftWorx,0.994084838
SoftWorx,0.990031714
SoftWorx,0.97955244
SoftWorx,0.956314625
SoftWorx,0.973997608
SoftWorx,0.987972939
SoftWorx,0.985308059
SoftWorx,0.995152607
SoftWorx,0.98014874
SoftWorx,0.988176972
SoftWorx,0.98176989
SoftWorx,0.994463511
SoftWorx,0.985032339
SoftWorx,0.972779463
SoftWorx,0.987169841
SoftWorx,0.996826751
SoftWorx,0.979131146
SoftWorx,0.982507028
SoftWorx,0.990777914
SoftWorx,0.980534177
SoftWorx,0.991152315
SoftWorx,0.983347852
SoftWorx,0.978229884
SoftWorx,0.974094583
SoftWorx,0.982242948
SoftWorx,0.985945478
SoftWorx,0.97850333
SoftWorx,0.987747544
SoftWorx,0.980705911
SoftWorx,0.970002889
SoftWorx,0.956532534
SoftWorx,0.99035992
SoftWorx,0.982716046
SoftWorx,0.970670884
SoftWorx,0.973998315
SoftWorx,0.968708183
SoftWorx,0.978626688
SoftWorx,0.980579518
SoftWorx,0.926989364
SoftWorx,0.86351367
SoftWorx,0.984929658
SoftWorx,0.989488901
SoftWorx,0.98851014
SoftWorx,0.991775586
SoftWorx,0.950400594
SoftWorx,0.985670573
SoftWorx,0.989584625
SoftWorx,0.989399262
SoftWorx,0.985387083
SoftWorx,0.97386047
SoftWorx,0.97609654
SoftWorx,0.97625303
SoftWorx,0.988743093
SoftWorx,0.97868894
SoftWorx,0.984822038
SoftWorx,0.984086282
SoftWorx,0.977031366
SoftWorx,0.967407599
SoftWorx,0.984556688
SoftWorx,0.977387172
SoftWorx,0.986987509
SoftWorx,0.991208898
SoftWorx,0.979971965
SoftWorx,0.989168802
SoftWorx,0.974710186
SoftWorx,0.957594272
SoftWorx,0.891905053
SoftWorx,0.988862754
SoftWorx,0.985102303
SoftWorx,0.983402223
SoftWorx,0.981297129
SoftWorx,0.994778122
SoftWorx,0.981483171
SoftWorx,0.973877448
SoftWorx,0.988663783
SoftWorx,0.988818303
SoftWorx,0.973954792
SoftWorx,0.987307094
SoftWorx,0.980496819
SoftWorx,0.984010171
SoftWorx,0.989103294
SoftWorx,0.993091094
SoftWorx,0.985611675
SoftWorx,0.983950859
SoftWorx,0.976127369
SoftWorx,0.988604811
SoftWorx,0.981848226
SoftWorx,0.989618973
SoftWorx,0.984221425
SoftWorx,0.984049173
SoftWorx,0.98866533
SoftWorx,0.980939425
SoftWorx,0.989999992
SoftWorx,0.988249133
SoftWorx,0.954767144
SoftWorx,0.988969098
SoftWorx,0.988888839
SoftWorx,0.989008482
SoftWorx,0.950049876
SoftWorx,0.960328287
SoftWorx,0.970513299
SoftWorx,0.966488722
SoftWorx,0.992677485
SoftWorx,0.98145048
SoftWorx,0.985513147
SoftWorx,0.981462651
SoftWorx,0.988511542
SoftWorx,0.976272349
SoftWorx,0.988792026
SoftWorx,0.981909308
SoftWorx,0.984151108
SoftWorx,0.983936929
SoftWorx,0.984116007
SoftWorx,0.976367558
SoftWorx,0.986754719
SoftWorx,0.990007173
SoftWorx,0.97967077
SoftWorx,0.980127801
SoftWorx,0.980070165
SoftWorx,0.991225589
SoftWorx,0.978878957
SoftWorx,0.986060536
SoftWorx,0.980675467
SoftWorx,0.989687392
SoftWorx,0.988922287
SoftWorx,0.986600009
SoftWorx,0.986941113
SoftWorx,0.982852189
SoftWorx,0.990969011
SoftWorx,0.984179503
SoftWorx,0.979380826
SoftWorx,0.992992819
SoftWorx,0.981008234
SoftWorx,0.980257151
SoftWorx,0.981274059
SoftWorx,0.992391857
SoftWorx,0.991155586
SoftWorx,0.983327272
SoftWorx,0.980998146
SoftWorx,0.971280717
SoftWorx,0.984056458
SoftWorx,0.988210031
SoftWorx,0.99503213
SoftWorx,0.977966756
SoftWorx,0.984256357
SoftWorx,0.99356191
SoftWorx,0.984179827
SoftWorx,0.979144939
SoftWorx,0.981701167
SoftWorx,0.98816114
SoftWorx,0.990220878
SoftWorx,0.984024076
SoftWorx,0.977884
SoftWorx,0.987562572
SoftWorx,0.987460381
SoftWorx,0.982825831
SoftWorx,0.976691776
SoftWorx,0.983217688
SoftWorx,0.981908032
SoftWorx,0.990988514
SoftWorx,0.988314922
SoftWorx,0.986915045
SoftWorx,0.985613855
SoftWorx,0.983881576
SoftWorx,0.987327167
SoftWorx,0.988400826
SoftWorx,0.983380079
SoftWorx,0.979693816
SoftWorx,0.986114152
SoftWorx,0.991306253
SoftWorx,0.981836468
SoftWorx,0.992777849
SoftWorx,0.98879998
SoftWorx,0.981041392
SoftWorx,0.977071215
SoftWorx,0.980290627
SoftWorx,0.98621018
SoftWorx,0.990486157
SoftWorx,0.986374281
SoftWorx,0.987426188
SoftWorx,0.989013495
SoftWorx,0.983014311
SoftWorx,0.987515568
SoftWorx,0.979498917
SoftWorx,0.990010132
SoftWorx,0.981900458
SoftWorx,0.977060623
SoftWorx,0.990386436
SoftWorx,0.981084914
SoftWorx,0.988490862
SoftWorx,0.992305098
SoftWorx,0.974604056
SoftWorx,0.984721001
SoftWorx,0.985767371
SoftWorx,0.985174216
SoftWorx,0.993292982
SoftWorx,0.990604794
SoftWorx,0.98761672
SoftWorx,0.985596452
SoftWorx,0.984651343
SoftWorx,0.931434871
SoftWorx,0.877086197
SoftWorx,0.949794238
SoftWorx,0.991537378
SoftWorx,0.990359691
SoftWorx,0.989728586
SoftWorx,0.988270625
SoftWorx,0.984895732
SoftWorx,0.988162588
SoftWorx,0.977158036
SoftWorx,0.983941914
SoftWorx,0.984168593
SoftWorx,0.989677617
SoftWorx,0.981389351
SoftWorx,0.979491376
SoftWorx,0.980074381
SoftWorx,0.980141249
SoftWorx,0.977928204
SoftWorx,0.988561959
SoftWorx,0.976643515
SoftWorx,0.987255967
SoftWorx,0.979553741
SoftWorx,0.986414643
SoftWorx,0.980791982
SoftWorx,0.985408076
SoftWorx,0.975741593
SoftWorx,0.992466774
SoftWorx,0.98677583
SoftWorx,0.990851445
SoftWorx,0.980303712
SoftWorx,0.992058505
SoftWorx,0.992007472
SoftWorx,0.963583262
SoftWorx,0.990292619
SoftWorx,0.940279349
SoftWorx,0.975406408
SoftWorx,0.972841894
SoftWorx,0.991107547
SoftWorx,0.971168188
SoftWorx,0.981176991
SoftWorx,0.975280117
SoftWorx,0.983662967
SoftWorx,0.99029807
SoftWorx,0.990629221
SoftWorx,0.979899367
SoftWorx,0.980294737
SoftWorx,0.963661875
SoftWorx,0.988760045
SoftWorx,0.994559547
SoftWorx,0.970798561
SoftWorx,0.993393369
SoftWorx,0.991242945
SoftWorx,0.988586598
SoftWorx,0.991613946
SoftWorx,0.997394898
SoftWorx,0.986456385
SoftWorx,0.992918557
SoftWorx,0.985628798
SoftWorx,0.981305778
SoftWorx,0.979910042
SoftWorx,0.993725554
SoftWorx,0.962633687
SoftWorx,0.973074882
SoftWorx,0.976461463
SoftWorx,0.972143706
SoftWorx,0.983562091
SoftWorx,0.981231304
SoftWorx,0.988358259
SoftWorx,0.979384649
SoftWorx,0.977363129
SoftWorx,0.97592222
SoftWorx,0.994489141
SoftWorx,0.982421045
SoftWorx,0.994253864
SoftWorx,0.986043316
SoftWorx,0.985799826
SoftWorx,0.983803139
SoftWorx,0.981337749
SoftWorx,0.977660571
SoftWorx,0.978514985
SoftWorx,0.982136987
SoftWorx,0.984189642
SoftWorx,0.986905267
SoftWorx,0.974175567
SoftWorx,0.993640548
SoftWorx,0.978938671
SoftWorx,0.977072885
SoftWorx,0.993678874
SoftWorx,0.986035407
SoftWorx,0.996074271
SoftWorx,0.994309609
SoftWorx,0.984518358
SoftWorx,0.993470497
SoftWorx,0.994141841
SoftWorx,0.993365657
SoftWorx,0.963491945
SoftWorx,0.966746485
SoftWorx,0.975106708
SoftWorx,0.991596267
SoftWorx,0.988181797
SoftWorx,0.993049632
SoftWorx,0.984421073
SoftWorx,0.988598007
SoftWorx,0.99219209
SoftWorx,0.984591967
SoftWorx,0.984484268
SoftWorx,0.987011561
SoftWorx,0.988529481
SoftWorx,0.98217802
SoftWorx,0.971519197
SoftWorx,0.984332724
SoftWorx,0.991656188
SoftWorx,0.988360731
SoftWorx,0.965751504
SoftWorx,0.983297282
SoftWorx,0.969312391
SoftWorx,0.974215485
SoftWorx,0.973425371
SoftWorx,0.92658372
SoftWorx,0.856902444
SoftWorx,0.975708129
SoftWorx,0.960520449
SoftWorx,0.9286412
SoftWorx,0.983759132
SoftWorx,0.967977194
SoftWorx,0.993046578
SoftWorx,0.910920552
SoftWorx,0.914316214
SoftWorx,0.988467322
SoftWorx,0.980409481
SoftWorx,0.992039024
SoftWorx,0.984035044
SoftWorx,0.979096834
SoftWorx,0.98612865
SoftWorx,0.971988472
SoftWorx,0.982370428
SoftWorx,0.985085546
SoftWorx,0.984310053
SoftWorx,0.990531066
SoftWorx,0.982720735
SoftWorx,0.846579648
SoftWorx,0.987949509
SoftWorx,0.983433782
SoftWorx,0.981530487
SoftWorx,0.976583872
SoftWorx,0.972677349
SoftWorx,0.958477202
SoftWorx,0.982867661
SoftWorx,0.98049983
SoftWorx,0.977405448
SoftWorx,0.981406652
SoftWorx,0.980871108
SoftWorx,0.972557291
SoftWorx,0.992330862
SoftWorx,0.984744188
SoftWorx,0.98305205
SoftWorx,0.981921052
SoftWorx,0.98694415
SoftWorx,0.975602312
SoftWorx,0.978186193
SoftWorx,0.98011499
SoftWorx,0.981962919
SoftWorx,0.973581252
SoftWorx,0.982005684
SoftWorx,0.979925646
SoftWorx,0.990572766
SoftWorx,0.985138132
SoftWorx,0.983292631
SoftWorx,0.987707592
SoftWorx,0.990793275
SoftWorx,0.988316576
SoftWorx,0.972047804
SoftWorx,0.979473623
SoftWorx,0.989237472
SoftWorx,0.980351764
SoftWorx,0.985917426
SoftWorx,0.984857096
SoftWorx,0.968201306
SoftWorx,0.976177867
SoftWorx,0.952644095
SoftWorx,0.978165776
SoftWorx,0.917573842
SoftWorx,0.966476761
SoftWorx,0.989324509
SoftWorx,0.871319149
SoftWorx,0.924696426
SoftWorx,0.972671853
SoftWorx,0.982734979
SoftWorx,0.994480571
SoftWorx,0.987039676
SoftWorx,0.957458152
SoftWorx,0.975086272
SoftWorx,0.919529493
SoftWorx,0.904621773
SoftWorx,0.984987135
SoftWorx,0.992314133
SoftWorx,0.989295031
SoftWorx,0.987847189
SoftWorx,0.987460113
SoftWorx,0.986234083
SoftWorx,0.990669356
SoftWorx,0.964163152
SoftWorx,0.981004221
SoftWorx,0.988732339
SoftWorx,0.981488033
SoftWorx,0.97261422
SoftWorx,0.984511955
SoftWorx,0.982792456
SoftWorx,0.980671722
SoftWorx,0.98170406
SoftWorx,0.974576727
SoftWorx,0.985084363
SoftWorx,0.979624073
SoftWorx,0.977843525
SoftWorx,0.975009121
SoftWorx,0.97719938
SoftWorx,0.984581093
SoftWorx,0.980909661
SoftWorx,0.987467684
SoftWorx,0.981099469
SoftWorx,0.993405041
SoftWorx,0.989363829
SoftWorx,0.992247238
SoftWorx,0.994888062
SoftWorx,0.981261856
SoftWorx,0.966628572
SoftWorx,0.976834438
SoftWorx,0.979564988
SoftWorx,0.984378847
SoftWorx,0.97681735
SoftWorx,0.97777394
SoftWorx,0.986084264
SoftWorx,0.987025454
SoftWorx,0.987047797
SoftWorx,0.983918435
SoftWorx,0.982138985
SoftWorx,0.983239265
SoftWorx,0.968976724
SoftWorx,0.975717012
SoftWorx,0.992314731
SoftWorx,0.971013388
SoftWorx,0.967444421
SoftWorx,0.971528563
SoftWorx,0.965994735
SoftWorx,0.969956794
SoftWorx,0.992416737
SoftWorx,0.974054821
SoftWorx,0.980053622
SoftWorx,0.969512045
SoftWorx,0.982237456
SoftWorx,0.980319349
SoftWorx,0.979255098
SoftWorx,0.988047347
SoftWorx,0.978552816
SoftWorx,0.977545179
SoftWorx,0.990563786
SoftWorx,0.991308931
SoftWorx,0.992266
SoftWorx,0.854888776
SoftWorx,0.97837152
SoftWorx,0.98206728
SoftWorx,0.989535837
SoftWorx,0.977269756
SoftWorx,0.984106422
SoftWorx,0.97510233
SoftWorx,0.977558497
SoftWorx,0.974555284
SoftWorx,0.984922137
SoftWorx,0.969929734
SoftWorx,0.987811364
SoftWorx,0.971354542
SoftWorx,0.977005446
SoftWorx,0.976969394
SoftWorx,0.983590067
SoftWorx,0.982960824
SoftWorx,0.979310772
SoftWorx,0.981309608
SoftWorx,0.977605346
SoftWorx,0.976028763
SoftWorx,0.975929955
SoftWorx,0.987032952
SoftWorx,0.988399268
SoftWorx,0.982265379
SoftWorx,0.979328636
SoftWorx,0.98029005
SoftWorx,0.983894552
SoftWorx,0.985403176
SoftWorx,0.983589458
SoftWorx,0.979322058
SoftWorx,0.986349287
SoftWorx,0.978406046
SoftWorx,0.979755381
SoftWorx,0.976236512
SoftWorx,0.988434564
SoftWorx,0.980168461
SoftWorx,0.977461018
SoftWorx,0.980060597
SoftWorx,0.980745657
SoftWorx,0.972909902
SoftWorx,0.977962785
SoftWorx,0.978553378
SoftWorx,0.9813881
SoftWorx,0.971165861
SoftWorx,0.978521623
SoftWorx,0.987655368
SoftWorx,0.986454144
SoftWorx,0.977830247
SoftWorx,0.949879357
SoftWorx,0.981299683
SoftWorx,0.977687891
SoftWorx,0.982852404
SoftWorx,0.98786851
SoftWorx,0.980548717
SoftWorx,0.985528451
SoftWorx,0.982852986
SoftWorx,0.987995112
SoftWorx,0.974806468
SoftWorx,0.975412492
SoftWorx,0.979725323
SoftWorx,0.971036552
SoftWorx,0.975248115
SoftWorx,0.985496787
SoftWorx,0.965164134
SoftWorx,0.969126798
SoftWorx,0.966067689
SoftWorx,0.986550349
SoftWorx,0.973648885
SoftWorx,0.978753404
SoftWorx,0.979085008
SoftWorx,0.987342812
SoftWorx,0.97432619
SoftWorx,0.983962138
SoftWorx,0.973369107
SoftWorx,0.94956123
SoftWorx,0.981218676
SoftWorx,0.984621198
SoftWorx,0.976916534
SoftWorx,0.979809895
SoftWorx,0.98123239
SoftWorx,0.982197692
SoftWorx,0.984463422
SoftWorx,0.978804092
SoftWorx,0.977920175
SoftWorx,0.985985517
SoftWorx,0.980557317
SoftWorx,0.975686336
SoftWorx,0.988853334
SoftWorx,0.981353092
SoftWorx,0.979115254
SoftWorx,0.968454733
SoftWorx,0.981496738
SoftWorx,0.971652708
SoftWorx,0.971634099
SoftWorx,0.982418086
SoftWorx,0.981155007
SoftWorx,0.983164421
SoftWorx,0.98095595
SoftWorx,0.985839306
SoftWorx,0.984575886
SoftWorx,0.983229017
SoftWorx,0.979580009
SoftWorx,0.982043482
SoftWorx,0.97118883
SoftWorx,0.985081325
SoftWorx,0.974309169
SoftWorx,0.9714264
SoftWorx,0.990887193
SoftWorx,0.979308525
SoftWorx,0.964055611
SoftWorx,0.988897888
SoftWorx,0.987939426
SoftWorx,0.971707599
SoftWorx,0.945693202
SoftWorx,0.979439763
SoftWorx,0.985533161
SoftWorx,0.858355661
SoftWorx,0.969836624
SoftWorx,0.979575707
SoftWorx,0.986932538
SoftWorx,0.970877314
SoftWorx,0.985658721
SoftWorx,0.981488656
SoftWorx,0.975258498
SoftWorx,0.959028182
SoftWorx,0.969591255
SoftWorx,0.9783354
SoftWorx,0.993477315
SoftWorx,0.992004694
SoftWorx,0.988396497
SoftWorx,0.983522395
SoftWorx,0.988756548
SoftWorx,0.933606871
SoftWorx,0.988178127
SoftWorx,0.982641111
SoftWorx,0.986522615
SoftWorx,0.989321094
SoftWorx,0.981716292
SoftWorx,0.9828248
SoftWorx,0.977704432
SoftWorx,0.984022622
SoftWorx,0.875597821
SoftWorx,0.987977778
SoftWorx,0.988474168
SoftWorx,0.980828711
SoftWorx,0.980131649
SoftWorx,0.982057803
SoftWorx,0.986679138
SoftWorx,0.967310616
SoftWorx,0.962591637
SoftWorx,0.981121486
SoftWorx,0.979637843
SoftWorx,0.986199476
SoftWorx,0.977067688
SoftWorx,0.98303026
SoftWorx,0.982367851
SoftWorx,0.952397041
SoftWorx,0.975032259
SoftWorx,0.989136249
SoftWorx,0.978412183
SoftWorx,0.984447478
SoftWorx,0.98930013
SoftWorx,0.980186603
SoftWorx,0.974466726
SoftWorx,0.979799136
SoftWorx,0.98880683
SoftWorx,0.978941791
SoftWorx,0.980105596
SoftWorx,0.977310172
SoftWorx,0.985763689
SoftWorx,0.977765384
SoftWorx,0.985726598
SoftWorx,0.907124241
SoftWorx,0.988459813
SoftWorx,0.976678087
SoftWorx,0.98007159
SoftWorx,0.988440991
SoftWorx,0.989521874
SoftWorx,0.985525009
SoftWorx,0.978546254
SoftWorx,0.97865856
SoftWorx,0.987801539
SoftWorx,0.976092514
SoftWorx,0.974226392
SoftWorx,0.989306222
SoftWorx,0.97512382
SoftWorx,0.975483531
SoftWorx,0.978552286
SoftWorx,0.993024278
SoftWorx,0.98541067
SoftWorx,0.971732537
SoftWorx,0.980446183
SoftWorx,0.981037634
SoftWorx,0.98444948
SoftWorx,0.979149757
SoftWorx,0.968021577
SoftWorx,0.973656973
SoftWorx,0.971540804
SoftWorx,0.974475639
SoftWorx,0.980929389
SoftWorx,0.984631212
SoftWorx,0.979477065
SoftWorx,0.989690539
SoftWorx,0.978970564
SoftWorx,0.983848894
SoftWorx,0.992774057
SoftWorx,0.983091096
SoftWorx,0.970778686
SoftWorx,0.982872176
SoftWorx,0.979460265
SoftWorx,0.984466902
SoftWorx,0.968028833
SoftWorx,0.972191297
SoftWorx,0.987860446
SoftWorx,0.987730606
SoftWorx,0.984343751
SoftWorx,0.983757323
SoftWorx,0.979371417
SoftWorx,0.986325646
SoftWorx,0.98294648
SoftWorx,0.984388418
SoftWorx,0.970551575
SoftWorx,0.983029798
SoftWorx,0.981163603
SoftWorx,0.983495557
SoftWorx,0.975885142
SoftWorx,0.982561947
SoftWorx,0.975712439
SoftWorx,0.987849937
SoftWorx,0.988230861
SoftWorx,0.96842673
SoftWorx,0.990540817
SoftWorx,0.989184437
SoftWorx,0.970625014
SoftWorx,0.990002585
SoftWorx,0.97018019
SoftWorx,0.981722232
SoftWorx,0.983810943
SoftWorx,0.98327055
SoftWorx,0.982767118
SoftWorx,0.985856718
SoftWorx,0.989787853
SoftWorx,0.955049623
SoftWorx,0.97567916
SoftWorx,0.991943041
SoftWorx,0.992689034
SoftWorx,0.994829208
SoftWorx,0.986015542
SoftWorx,0.977692491
SoftWorx,0.98467284
SoftWorx,0.988505035
SoftWorx,0.986422205
SoftWorx,0.943654362
SoftWorx,0.98547732
SoftWorx,0.985518501
SoftWorx,0.976863229
SoftWorx,0.980896023
SoftWorx,0.983975883
SoftWorx,0.979189082
SoftWorx,0.976590348
SoftWorx,0.982893078
SoftWorx,0.980981904
SoftWorx,0.97945582
SoftWorx,0.88976638
SoftWorx,0.983678697
SoftWorx,0.990681026
SoftWorx,0.978669779
SoftWorx,0.98357163
SoftWorx,0.972742753
SoftWorx,0.98198859
SoftWorx,0.968123528
SoftWorx,0.984630685
SoftWorx,0.980502288
SoftWorx,0.979239949
SoftWorx,0.983227336
SoftWorx,0.981067591
SoftWorx,0.970868292
SoftWorx,0.970911572
SoftWorx,0.983790072
SoftWorx,0.991163859
SoftWorx,0.971017159
SoftWorx,0.97883175
SoftWorx,0.970023205
SoftWorx,0.961186676
SoftWorx,0.991009464
SoftWorx,0.990741539
SoftWorx,0.986581307
SoftWorx,0.992920184
SoftWorx,0.984401977
SoftWorx,0.956984456
SoftWorx,0.974113263
SoftWorx,0.976575176
SoftWorx,0.97304853
SoftWorx,0.972807028
SoftWorx,0.975677238
SoftWorx,0.955900511
SoftWorx,0.98346872
SoftWorx,0.989804687
SoftWorx,0.990639144
SoftWorx,0.982381276
SoftWorx,0.981348427
SoftWorx,0.98430436
SoftWorx,0.981419836