Method,Width
FM2FM,0.686855783
FM2FM,0.679470995
FM2FM,0.696509016
FM2FM,0.709312779
FM2FM,0.780210345
FM2FM,0.784938669
FM2FM,0.794043244
FM2FM,0.815550819
FM2FM,0.815886285
FM2FM,0.803434493
FM2FM,0.636562481
FM2FM,0.771279186
FM2FM,0.766994903
FM2FM,0.756459929
FM2FM,0.775240766
FM2FM,0.795447253
FM2FM,0.804636037
FM2FM,0.809614443
FM2FM,0.822431481
FM2FM,0.788364897
FM2FM,0.755281797
FM2FM,0.753202466
FM2FM,0.734208104
FM2FM,0.790062023
FM2FM,0.824532997
FM2FM,0.900156391
FM2FM,0.85150424
FM2FM,0.88145733
FM2FM,0.859057513
FM2FM,0.852577931
FM2FM,0.89150103
FM2FM,0.886114659
FM2FM,0.895417884
FM2FM,0.943876949
FM2FM,0.894395549
FM2FM,0.848302129
FM2FM,0.793719265
FM2FM,0.816460141
FM2FM,0.823947286
FM2FM,0.873527465
FM2FM,0.878765351
FM2FM,0.825451528
FM2FM,0.674620298
FM2FM,0.683369534
FM2FM,0.730088886
FM2FM,0.65810897
FM2FM,0.67845043
FM2FM,0.692887032
FM2FM,0.702345219
FM2FM,0.686380934
FM2FM,0.663181297
FM2FM,0.732071244
FM2FM,0.672120554
FM2FM,0.708653288
FM2FM,0.680341275
FM2FM,0.661281499
FM2FM,0.644804518
FM2FM,0.747080031
FM2FM,0.739715718
FM2FM,0.694650512
FM2FM,0.744421541
FM2FM,0.788769656
FM2FM,0.806677027
FM2FM,0.758517322
FM2FM,0.815775531
FM2FM,0.812590113
FM2FM,0.785198999
FM2FM,0.823138432
FM2FM,0.761133807
FM2FM,0.862186528
FM2FM,0.804530593
FM2FM,0.829475425
FM2FM,0.770961012
FM2FM,0.843405773
FM2FM,0.767081842
FM2FM,0.868193695
FM2FM,0.899224787
FM2FM,0.782374349
FM2FM,0.912089017
FM2FM,0.873826306
FM2FM,0.903612112
FM2FM,0.941725368
FM2FM,0.929522425
FM2FM,0.828395774
FM2FM,0.786504424
FM2FM,0.927315804
FM2FM,0.944885513
FM2FM,0.931067089
FM2FM,0.881570983
FM2FM,0.856427204
FM2FM,0.921964396
FM2FM,0.881797895
FM2FM,0.881267763
FM2FM,0.88938435
FM2FM,0.825316057
FM2FM,0.905643476
FM2FM,0.86551613
FM2FM,0.813280492
FM2FM,0.793228022
FM2FM,0.61196031
FM2FM,0.821911847
FM2FM,0.741461492
FM2FM,0.795117199
FM2FM,0.778925049
FM2FM,0.799672186
FM2FM,0.825852261
FM2FM,0.854852816
FM2FM,0.8246813
FM2FM,0.878702159
FM2FM,0.628064827
FM2FM,0.876792238
FM2FM,0.866731877
FM2FM,0.873066853
FM2FM,0.821836547
FM2FM,0.913881919
FM2FM,0.852428866
FM2FM,0.87285996
FM2FM,0.861551439
FM2FM,0.867057515
FM2FM,0.845267728
FM2FM,0.884429982
FM2FM,0.914124722
FM2FM,0.80397476
FM2FM,0.88460851
FM2FM,0.774216949
FM2FM,0.851707635
FM2FM,0.842432465
FM2FM,0.711331055
FM2FM,0.708373041
FM2FM,0.688822037
FM2FM,0.879120699
FM2FM,0.82464778
FM2FM,0.809532494
FM2FM,0.897098296
FM2FM,0.887569615
FM2FM,0.907250826
FM2FM,0.868776542
FM2FM,0.81848955
FM2FM,0.893885593
FM2FM,0.818308805
FM2FM,0.726972652
FM2FM,0.810302346
FM2FM,0.799614058
FM2FM,0.875126871
FM2FM,0.791987063
FM2FM,0.828335461
FM2FM,0.784502361
FM2FM,0.895533973
FM2FM,0.820331979
FM2FM,0.829319106
FM2FM,0.757511581
FM2FM,0.849211676
FM2FM,0.71301472
FM2FM,0.867852548
FM2FM,0.775760809
FM2FM,0.889072772
FM2FM,0.704217156
FM2FM,0.70529375
FM2FM,0.696054509
FM2FM,0.877659861
FM2FM,0.735700987
FM2FM,0.780483368
FM2FM,0.837748246
FM2FM,0.847794856
FM2FM,0.665232909
FM2FM,0.851132633
FM2FM,0.772632793
FM2FM,0.772674
FM2FM,0.640565922
FM2FM,0.771362123
FM2FM,0.753911885
FM2FM,0.800906121
FM2FM,0.782578337
FM2FM,0.632690575
FM2FM,0.734436214
FM2FM,0.759855471
FM2FM,0.751356816
FM2FM,0.773822258
FM2FM,0.852509088
FM2FM,0.8194402
FM2FM,0.749294686
FM2FM,0.698821183
FM2FM,0.741282904
FM2FM,0.762021642
FM2FM,0.72410304
FM2FM,0.718714863
FM2FM,0.721451647
FM2FM,0.752781795
FM2FM,0.786138114
FM2FM,0.753508197
FM2FM,0.661686627
FM2FM,0.796626175
FM2FM,0.792875875
FM2FM,0.754446782
FM2FM,0.642259334
FM2FM,0.749647588
FM2FM,0.677757713
FM2FM,0.638010429
FM2FM,0.775304662
FM2FM,0.66432162
FM2FM,0.642620805
FM2FM,0.805202046
FM2FM,0.709275657
FM2FM,0.72612962
FM2FM,0.721112673
FM2FM,0.757497331
FM2FM,0.636324669
FM2FM,0.739880806
FM2FM,0.77178218
FM2FM,0.756049192
FM2FM,0.679352026
FM2FM,0.803994126
FM2FM,0.642428053
FM2FM,0.703551136
FM2FM,0.786810226
FM2FM,0.870867668
FM2FM,0.839777179
FM2FM,0.849918916
FM2FM,0.853515439
FM2FM,0.829203136
FM2FM,0.849133135
FM2FM,0.854036454
FM2FM,0.901008215
FM2FM,0.812211026
FM2FM,0.788104756
FM2FM,0.911126981
FM2FM,0.799632766
FM2FM,0.934473217
FM2FM,0.811780657
FM2FM,0.918022647
FM2FM,0.82494336
FM2FM,0.94807274
FM2FM,0.887221205
FM2FM,0.955032493
FM2FM,0.902743692
FM2FM,0.905658094
FM2FM,0.879226422
FM2FM,0.898017847
FM2FM,0.906069588
FM2FM,0.88525322
FM2FM,0.941150796
FM2FM,0.979629289
FM2FM,0.910622487
FM2FM,0.883476007
FM2FM,0.840798533
FM2FM,0.836633728
FM2FM,0.849874962
FM2FM,0.913419984
FM2FM,0.880224974
FM2FM,0.822419755
FM2FM,0.809352351
FM2FM,0.821066026
FM2FM,0.807263271
FM2FM,0.765346373
FM2FM,0.886891927
FM2FM,0.809444427
FM2FM,0.820571688
FM2FM,0.794105166
FM2FM,0.856737275
FM2FM,0.847848794
FM2FM,0.915138863
FM2FM,0.869769685
FM2FM,0.845507053
FM2FM,0.890179985
FM2FM,0.886779001
FM2FM,0.860460742
FM2FM,0.846843678
FM2FM,0.829159299
FM2FM,0.833960709
FM2FM,0.83123566
FM2FM,0.750364848
FM2FM,0.814697558
FM2FM,0.78395793
FM2FM,0.71477627
FM2FM,0.776501906
FM2FM,0.849172817
FM2FM,0.905641519
FM2FM,0.838684893
FM2FM,0.736602256
FM2FM,0.685224105
FM2FM,0.769866857
FM2FM,0.810397624
FM2FM,0.700017015
FM2FM,0.893507071
FM2FM,0.886773737
FM2FM,0.892288041
FM2FM,0.823263828
FM2FM,0.89298629
FM2FM,0.866821562
FM2FM,0.876118511
FM2FM,0.888312147
FM2FM,0.912779754
FM2FM,0.77209669
FM2FM,0.880424148
FM2FM,0.868129981
FM2FM,0.857075919
FM2FM,0.894191857
FM2FM,0.887045076
FM2FM,0.791666341
FM2FM,0.870504584
FM2FM,0.854619112
FM2FM,0.828619934
FM2FM,0.815567912
FM2FM,0.806726086
FM2FM,0.874779618
FM2FM,0.871824173
FM2FM,0.887799061
FM2FM,0.778188731
FM2FM,0.898104224
FM2FM,0.894189143
FM2FM,0.853958281
FM2FM,0.842684921
FM2FM,0.886170716
FM2FM,0.878862846
FM2FM,0.871148171
FM2FM,0.837436467
FM2FM,0.843751215
FM2FM,0.889298678
FM2FM,0.827975147
FM2FM,0.932256939
FM2FM,0.892356369
FM2FM,0.844265007
FM2FM,0.821317955
FM2FM,0.888525814
FM2FM,0.863738114
FM2FM,0.914786168
FM2FM,0.716144737
FM2FM,0.629004937
FM2FM,0.783524426
FM2FM,0.738431422
FM2FM,0.751585259
FM2FM,0.763300916
FM2FM,0.800925889
FM2FM,0.848137302
FM2FM,0.88169427
FM2FM,0.763344452
FM2FM,0.76797034
FM2FM,0.761471677
FM2FM,0.77464756
FM2FM,0.806042031
FM2FM,0.840596376
FM2FM,0.857354553
FM2FM,0.758422996
FM2FM,0.812089968
FM2FM,0.815688751
FM2FM,0.856259051
FM2FM,0.778262776
FM2FM,0.825746467
FM2FM,0.777322818
FM2FM,0.894078947
FM2FM,0.835215762
FM2FM,0.79674955
FM2FM,0.850388202
FM2FM,0.784425901
FM2FM,0.847956736
FM2FM,0.654618431
FM2FM,0.617795658
FM2FM,0.836193756
FM2FM,0.7761537
FM2FM,0.819007624
FM2FM,0.738599329
FM2FM,0.863885326
FM2FM,0.803842927
FM2FM,0.827776484
FM2FM,0.895324299
FM2FM,0.789322295
FM2FM,0.764037116
FM2FM,0.725710881
FM2FM,0.8961156
FM2FM,0.889843287
FM2FM,0.766143951
FM2FM,0.88573049
FM2FM,0.817881985
FM2FM,0.89117239
FM2FM,0.863269769
FM2FM,0.864370908
FM2FM,0.848798934
FM2FM,0.902120577
FM2FM,0.877196581
FM2FM,0.806911057
FM2FM,0.898872508
FM2FM,0.848717799
FM2FM,0.945401238
FM2FM,0.913526989
FM2FM,0.814750632
FM2FM,0.812210184
FM2FM,0.837135176
FM2FM,0.913752604
FM2FM,0.903730622
FM2FM,0.761944383
FM2FM,0.724032025
FM2FM,0.762298092
FM2FM,0.778405334
FM2FM,0.753436459
FM2FM,0.909336042
FM2FM,0.840144699
FM2FM,0.876145181
FM2FM,0.885718319
FM2FM,0.810425328
FM2FM,0.879746957
FM2FM,0.909201939
FM2FM,0.90993245
FM2FM,0.711663388
FM2FM,0.89744079
FM2FM,0.78470866
FM2FM,0.926253079
FM2FM,0.911610147
FM2FM,0.841083623
FM2FM,0.910681285
FM2FM,0.920874569
FM2FM,0.799017876
FM2FM,0.792040921
FM2FM,0.909920123
FM2FM,0.886859461
FM2FM,0.807555714
FM2FM,0.790937581
FM2FM,0.903630691
FM2FM,0.899005428
FM2FM,0.809480947
FM2FM,0.895199701
FM2FM,0.797048487
FM2FM,0.884527805
FM2FM,0.833806682
FM2FM,0.925764555
FM2FM,0.805790523
FM2FM,0.816846233
FM2FM,0.883477896
FM2FM,0.809626564
FM2FM,0.924923554
FM2FM,0.93108385
FM2FM,0.8275865
FM2FM,0.776437006
FM2FM,0.863100714
FM2FM,0.931631141
FM2FM,0.829420156
FM2FM,0.933688953
FM2FM,0.921451563
FM2FM,0.829874395
FM2FM,0.827912282
FM2FM,0.92059666
FM2FM,0.879589125
FM2FM,0.965016895
FM2FM,0.885848979
FM2FM,0.839856237
FM2FM,0.85613257
FM2FM,0.859924827
FM2FM,0.825943129
FM2FM,0.838488452
FM2FM,0.844761585
FM2FM,0.81720962
FM2FM,0.850852489
FM2FM,0.898345851
FM2FM,0.907182802
FM2FM,0.837431106
FM2FM,0.835353224
FM2FM,0.824626615
FM2FM,0.856615822
FM2FM,0.838417526
FM2FM,0.864622153
FM2FM,0.818702777
FM2FM,0.782513713
FM2FM,0.904829449
FM2FM,0.856635986
FM2FM,0.875109575
FM2FM,0.816763593
FM2FM,0.790186922
FM2FM,0.890025223
FM2FM,0.784340426
FM2FM,0.900612548
FM2FM,0.842250512
FM2FM,0.713650824
FM2FM,0.876839547
FM2FM,0.869510447
FM2FM,0.807398328
FM2FM,0.848066469
FM2FM,0.810914504
FM2FM,0.83353475
FM2FM,0.804321579
FM2FM,0.76095156
FM2FM,0.904626602
FM2FM,0.802791546
FM2FM,0.87909915
FM2FM,0.903599391
FM2FM,0.816250468
FM2FM,0.897742723
FM2FM,0.795522946
FM2FM,0.826454725
FM2FM,0.89845989
FM2FM,0.825945276
FM2FM,0.775583451
FM2FM,0.887034554
FM2FM,0.902211096
FM2FM,0.732109564
FM2FM,0.914161552
FM2FM,0.743719974
FM2FM,0.903384339
FM2FM,0.80601204
FM2FM,0.891886694
FM2FM,0.708748327
FM2FM,0.753005539
FM2FM,0.712168925
FM2FM,0.766676058
FM2FM,0.742979045
FM2FM,0.833664857
FM2FM,0.760756214
FM2FM,0.816586586
FM2FM,0.784281466
FM2FM,0.787003762
FM2FM,0.820654068
FM2FM,0.810756854
FM2FM,0.776495383
FM2FM,0.889538659
FM2FM,0.854152694
FM2FM,0.881397923
FM2FM,0.872291553
FM2FM,0.836447044
FM2FM,0.77216118
FM2FM,0.848270245
FM2FM,0.830866599
FM2FM,0.793270418
FM2FM,0.779372828
FM2FM,0.841231191
FM2FM,0.840884169
FM2FM,0.841965573
FM2FM,0.812326367
FM2FM,0.856087045
FM2FM,0.884745668
FM2FM,0.952541456
FM2FM,0.809006084
FM2FM,0.845118763
FM2FM,0.890094458
FM2FM,0.864591504
FM2FM,0.87809504
FM2FM,0.752953731
FM2FM,0.860105801
FM2FM,0.988273857
FM2FM,0.857676813
FM2FM,0.941413377
FM2FM,0.774689976
FM2FM,0.878968905
FM2FM,0.906584446
FM2FM,0.907837684
FM2FM,0.783336004
FM2FM,0.732999146
FM2FM,0.899633367
FM2FM,0.854506874
FM2FM,0.798478621
FM2FM,0.866011362
FM2FM,0.77195593
FM2FM,0.757182129
FM2FM,0.819259186
FM2FM,0.852735408
FM2FM,0.81746234
FM2FM,0.860340691
FM2FM,0.775376307
FM2FM,0.786119067
FM2FM,0.728488333
FM2FM,0.831278714
FM2FM,0.877369588
FM2FM,0.749332268
FM2FM,0.697039681
FM2FM,0.843276379
FM2FM,0.852968918
FM2FM,0.750238088
FM2FM,0.733104945
FM2FM,0.751099269
FM2FM,0.804336884
FM2FM,0.706495486
FM2FM,0.770517147
FM2FM,0.763083991
FM2FM,0.825135897
FM2FM,0.767946021
FM2FM,0.77130627
FM2FM,0.636814642
FM2FM,0.778004424
FM2FM,0.815471413
FM2FM,0.72934857
FM2FM,0.794165013
FM2FM,0.76790639
FM2FM,0.790116856
FM2FM,0.82327545
FM2FM,0.797387192
FM2FM,0.827476389
FM2FM,0.655967768
FM2FM,0.805604593
FM2FM,0.788785012
FM2FM,0.766172896
FM2FM,0.631399847
FM2FM,0.756965989
FM2FM,0.616720539
FM2FM,0.686563823
FM2FM,0.749472844
FM2FM,0.748663306
FM2FM,0.759097358
FM2FM,0.780765153
FM2FM,0.799961104
FM2FM,0.733019192
FM2FM,0.817796426
FM2FM,0.779778912
FM2FM,0.840978347
FM2FM,0.82415557
FM2FM,0.808213768
FM2FM,0.830226588
FM2FM,0.818938153
FM2FM,0.878459282
FM2FM,0.827574993
FM2FM,0.838740476
FM2FM,0.84697418
FM2FM,0.826196066
FM2FM,0.87430729
FM2FM,0.833203078
FM2FM,0.902441012
FM2FM,0.888575333
FM2FM,0.911029795
FM2FM,0.846131372
FM2FM,0.925970317
FM2FM,0.8342186
FM2FM,0.851613013
FM2FM,0.824715772
FM2FM,0.692496221
FM2FM,0.671403659
FM2FM,0.67180271
FM2FM,0.751163875
FM2FM,0.656926491
FM2FM,0.670095525
FM2FM,0.644620333
FM2FM,0.89265096
FM2FM,0.848070982
FM2FM,0.89815707
FM2FM,0.730980015
FM2FM,0.815601475
FM2FM,0.892656637
FM2FM,0.821320121
FM2FM,0.879750129
FM2FM,0.893730386
FM2FM,0.827819614
FM2FM,0.844340931
FM2FM,0.829210452
FM2FM,0.890510073
FM2FM,0.864627264
FM2FM,0.850841109
FM2FM,0.776223722
FM2FM,0.832086427
FM2FM,0.815312838
FM2FM,0.837683968
FM2FM,0.858296301
FM2FM,0.745899316
FM2FM,0.83034807
FM2FM,0.826058143
FM2FM,0.863300846
FM2FM,0.762183726
FM2FM,0.90608656
FM2FM,0.907703423
FM2FM,0.910968803
FM2FM,0.910403254
FM2FM,0.851015403
FM2FM,0.880979402
FM2FM,0.89536356
FM2FM,0.902627194
FM2FM,0.79867334
FM2FM,0.927054997
FM2FM,0.823256325
FM2FM,0.881642814
FM2FM,0.851209266
FM2FM,0.840521541
FM2FM,0.91135231
FM2FM,0.818383258
FM2FM,0.893909812
FM2FM,0.825537008
FM2FM,0.907058744
FM2FM,0.755855265
FM2FM,0.86107026
FM2FM,0.825946303
FM2FM,0.745160965
FM2FM,0.750172801
FM2FM,0.777843039
FM2FM,0.690047074
FM2FM,0.87106689
FM2FM,0.87496397
FM2FM,0.851684801
FM2FM,0.821792591
FM2FM,0.784975204
FM2FM,0.769936146
FM2FM,0.800144455
FM2FM,0.821570686
FM2FM,0.847326685
FM2FM,0.716993812
FM2FM,0.680098149
FM2FM,0.76148282
FM2FM,0.840587404
FM2FM,0.596356075
FM2FM,0.771036896
FM2FM,0.789929878
FM2FM,0.664683261
FM2FM,0.689013489
FM2FM,0.7356427
FM2FM,0.802795976
FM2FM,0.806997425
FM2FM,0.814841342
FM2FM,0.849559079
FM2FM,0.888091383
FM2FM,0.918576173
FM2FM,0.907976255
FM2FM,0.907367099
FM2FM,0.893340191
FM2FM,0.895176081
FM2FM,0.86416182
FM2FM,0.800366231
FM2FM,0.88120938
FM2FM,0.910343319
FM2FM,0.884994355
FM2FM,0.899446012
FM2FM,0.902263339
FM2FM,0.856303334
FM2FM,0.855881057
FM2FM,0.843464546
FM2FM,0.854398567
FM2FM,0.827745989
FM2FM,0.799347236
FM2FM,0.77647327
FM2FM,0.76387648
FM2FM,0.769629653
FM2FM,0.709386114
FM2FM,0.771873913
FM2FM,0.810352019
FM2FM,0.833674377
FM2FM,0.748014298
FM2FM,0.701066263
FM2FM,0.849030346
FM2FM,0.831630479
FM2FM,0.849626753
FM2FM,0.827637576
FM2FM,0.825357202
FM2FM,0.804080257
FM2FM,0.822478915
FM2FM,0.855755472
FM2FM,0.84539713
FM2FM,0.849978553
FM2FM,0.877498091
FM2FM,0.849233318
FM2FM,0.83977154
FM2FM,0.855060316
FM2FM,0.879186982
FM2FM,0.841791287
FM2FM,0.889739401
FM2FM,0.831752876
FM2FM,0.878134745
FM2FM,0.816710059
FM2FM,0.90733461
FM2FM,0.893559123
FM2FM,0.871377672
FM2FM,0.825041351
FM2FM,0.795539837
FM2FM,0.854343274
FM2FM,0.89930232
FM2FM,0.900411805
FM2FM,0.900666756
FM2FM,0.867215451
FM2FM,0.836280983
FM2FM,0.891771408
FM2FM,0.835301726
FM2FM,0.833330041
FM2FM,0.810096307
FM2FM,0.776513841
FM2FM,0.852157203
FM2FM,0.914400643
FM2FM,0.811708529
FM2FM,0.920309508
FM2FM,0.918335902
FM2FM,0.876422105
FM2FM,0.891522531
FM2FM,0.889280324
FM2FM,0.876956643
FM2FM,0.884221162
FM2FM,0.864250514
FM2FM,0.813988023
FM2FM,0.884895728
FM2FM,0.863985854
FM2FM,0.906470088
FM2FM,0.892792371
FM2FM,0.90139398
FM2FM,0.854482794
FM2FM,0.957046056
FM2FM,0.912064365
FM2FM,0.898734212
FM2FM,0.87999046
FM2FM,0.88140662
FM2FM,0.877191963
FM2FM,0.905561553
FM2FM,0.919953656
FM2FM,0.888504235
FM2FM,0.879519204
FM2FM,0.89122446
FM2FM,0.832210591
FM2FM,0.819117883
FM2FM,0.939241023
FM2FM,0.796668996
FM2FM,0.97742878
FM2FM,0.862563844
FM2FM,0.800025997
FM2FM,0.848002932
FM2FM,0.89645921
FM2FM,0.790537426
FM2FM,0.813781538
FM2FM,0.89845024
FM2FM,0.850581552
FM2FM,0.782571452
FM2FM,0.841435836
FM2FM,0.854633929
FM2FM,0.894250196
FM2FM,0.864204447
FM2FM,0.816153104
FM2FM,0.842842069
FM2FM,0.780311949
FM2FM,0.838555152
FM2FM,0.884086773
FM2FM,0.650488919
FM2FM,0.772816998
FM2FM,0.775397988
FM2FM,0.843205862
FM2FM,0.897147877
FM2FM,0.811191848
FM2FM,0.882605327
FM2FM,0.793706222
FM2FM,0.783141552
FM2FM,0.905169209
FM2FM,0.875149318
FM2FM,0.800067187
FM2FM,0.819467388
FM2FM,0.77526456
FM2FM,0.733171896
FM2FM,0.84938865
FM2FM,0.913401904
FM2FM,0.884317133
FM2FM,0.95145552
FM2FM,0.821392627
FM2FM,0.896287736
FM2FM,0.871637937
FM2FM,0.877038517
FM2FM,0.860633517
FM2FM,0.864469968
FM2FM,0.832240642
FM2FM,0.796323599
FM2FM,0.922733078
FM2FM,0.892188787
FM2FM,0.880229392
FM2FM,0.844900051
FM2FM,0.91152297
FM2FM,0.820262615
FM2FM,0.8281865
FM2FM,0.87041776
FM2FM,0.885456222
FM2FM,0.906796215
FM2FM,0.905922696
FM2FM,0.911023124
FM2FM,0.824675582
FM2FM,0.813628752
FM2FM,0.748986657
FM2FM,0.749683426
FM2FM,0.757621854
FM2FM,0.908918051
FM2FM,0.749737463
FM2FM,0.928724357
FM2FM,0.905835405
FM2FM,0.974558418
FM2FM,0.898208359
FM2FM,0.910763646
FM2FM,0.892531514
FM2FM,0.873472034
FM2FM,0.904584875
FM2FM,0.910430581
FM2FM,0.913808042
FM2FM,0.769998712
FM2FM,0.91349029
FM2FM,0.945728561
FM2FM,0.916920554
FM2FM,0.805925977
FM2FM,0.804739325
FM2FM,0.786689816
FM2FM,0.821857687
FM2FM,0.84160403
FM2FM,0.865595279
FM2FM,0.838885282
FM2FM,0.859095792
FM2FM,0.856952066
FM2FM,0.818165077
FM2FM,0.842245086
FM2FM,0.7766861
FM2FM,0.759689203
FM2FM,0.880880075
FM2FM,0.869420582
FM2FM,0.89946025
FM2FM,0.9714631
FM2FM,0.982705937
FM2FM,0.899923064
FM2FM,0.823093373
FM2FM,0.853747649
FM2FM,0.910595061
FM2FM,0.858253056
FM2FM,0.958692146
FM2FM,0.822309921
FM2FM,0.738510092
FM2FM,0.893791735
FM2FM,0.731070296
FM2FM,0.900297803
FM2FM,0.798017561
FM2FM,0.835997323
FM2FM,0.803805719
FM2FM,0.703144075
FM2FM,0.721759038
FM2FM,0.804425177
FM2FM,0.820245012
FM2FM,0.776434457
FM2FM,0.793575052
FM2FM,0.817797415
FM2FM,0.86863639
FM2FM,0.829315861
FM2FM,0.849783582
FM2FM,0.812003625
FM2FM,0.841488525
FM2FM,0.830608709
FM2FM,0.846665886
FM2FM,0.848569463
FM2FM,0.889510917
FM2FM,0.905064299
FM2FM,0.865038439
FM2FM,0.642926157
FM2FM,0.8081926
FM2FM,0.954496541
FM2FM,0.815350041
FM2FM,0.756732425
FM2FM,0.822256205
FM2FM,0.854910025
FM2FM,0.918113905
FM2FM,0.814640901
FM2FM,0.886339171
FM2FM,0.806990525
FM2FM,0.866237762
FM2FM,0.88258779
FM2FM,0.838723892
FM2FM,0.882890147
FM2FM,0.88083585
FM2FM,0.852513826
FM2FM,0.883336767
FM2FM,0.88530765
FM2FM,0.799370241
FM2FM,0.842587668
FM2FM,0.814780442
FM2FM,0.791895796
FM2FM,0.931930915
FM2FM,0.824277344
FM2FM,0.956778855
FM2FM,0.796949416
FM2FM,0.838863049
FM2FM,0.92648365
FM2FM,0.884825647
FM2FM,0.888527312
FM2FM,0.931775319
FM2FM,0.863526675
FM2FM,0.88238117
FM2FM,0.817044275
FM2FM,0.802893065
FM2FM,0.936219925
FM2FM,0.882632406
FM2FM,0.890206378
FM2FM,0.9100043
FM2FM,0.835422518
FM2FM,0.93175699
FM2FM,0.875800219
FM2FM,0.841184994
FM2FM,0.83230593
FM2FM,0.90323593
FM2FM,0.965941687
FM2FM,0.923214777
FM2FM,0.896192127
FM2FM,0.853402185
FM2FM,0.722567715
FM2FM,0.971445469
FM2FM,0.899768808
FM2FM,0.853777536
FM2FM,0.832056778
FM2FM,0.834036205
FM2FM,0.92205424
FM2FM,0.839340335
FM2FM,0.906126831
FM2FM,0.913495501
FM2FM,0.886445384
FM2FM,0.802150572
FM2FM,0.801932043
FM2FM,0.841888461
FM2FM,0.879302275
FM2FM,0.710110544
FM2FM,0.859523387
FM2FM,0.815814064
FM2FM,0.8541827
FM2FM,0.827546405
FM2FM,0.845630144
FM2FM,0.914800448
FM2FM,0.78577631
FM2FM,0.816410463
FM2FM,0.855234062
FM2FM,0.732901885
FM2FM,0.87423861
FM2FM,0.756180021
FM2FM,0.806731087
FM2FM,0.774866064
FM2FM,0.837888812
FM2FM,0.817052347
FM2FM,0.81244836
FM2FM,0.884783158
FM2FM,0.857465771
FM2FM,0.830332563
FM2FM,0.863949592
FM2FM,0.847293042
FM2FM,0.795994053
FM2FM,0.894525849
FM2FM,0.807545707
FM2FM,0.789802646
FM2FM,0.838529566
FM2FM,0.912345143
FM2FM,0.854329646
FM2FM,0.859455784
FM2FM,0.898080653
FM2FM,0.93031429
FM2FM,0.902336434
FM2FM,0.909092589
FM2FM,0.894472888
FM2FM,0.908765221
FM2FM,0.869300714
FM2FM,0.850923803
FM2FM,0.666287022
FM2FM,0.918700667
FM2FM,0.855385393
FM2FM,0.835625065
FM2FM,0.845705445
FM2FM,0.869761352
FM2FM,0.691933145
FM2FM,0.865986194
FM2FM,0.841914108
FM2FM,0.671092029
FM2FM,0.83719141
FM2FM,0.889299778
FM2FM,0.822621973
FM2FM,0.932775508
FM2FM,0.814707434
FM2FM,0.907423362
FM2FM,0.833379943
FM2FM,0.891379627
FM2FM,0.87300446
FM2FM,0.784844333
FM2FM,0.890702758
FM2FM,0.887958183
FM2FM,0.877766833
FM2FM,0.888886628
FM2FM,0.890088648
FM2FM,0.895993961
FM2FM,0.857743884
FM2FM,0.937654536
FM2FM,0.856371307
FM2FM,0.948312271
FM2FM,0.90439891
FM2FM,0.872500565
FM2FM,0.924234886
FM2FM,0.913386626
FM2FM,0.897496346
FM2FM,0.884762662
FM2FM,0.89619962
FM2FM,0.888092529
FM2FM,0.899031683
FM2FM,0.92997113
FM2FM,0.881523082
FM2FM,0.839295952
FM2FM,0.901230833
FM2FM,0.87910294
FM2FM,0.9104283
FM2FM,0.803681662
FM2FM,0.830983015
FM2FM,0.88156433
FM2FM,0.893732157
FM2FM,0.915232067
FM2FM,0.873549397
FM2FM,0.869600164
FM2FM,0.835663349
FM2FM,0.791881343
SoftWorx,0.694616064
SoftWorx,0.686494412
SoftWorx,0.701220479
SoftWorx,0.722855368
SoftWorx,0.786283605
SoftWorx,0.776940695
SoftWorx,0.799065872
SoftWorx,0.832022624
SoftWorx,0.823604806
SoftWorx,0.820141305
SoftWorx,0.716450264
SoftWorx,0.74956265
SoftWorx,0.795849048
SoftWorx,0.805789054
SoftWorx,0.812021929
SoftWorx,0.833459253
SoftWorx,0.789820389
SoftWorx,0.77184622
SoftWorx,0.772034729
SoftWorx,0.740451757
SoftWorx,0.793656258
SoftWorx,0.846409879
SoftWorx,0.9054745
SoftWorx,0.870287755
SoftWorx,0.900511721
SoftWorx,0.869608153
SoftWorx,0.854092683
SoftWorx,0.894634719
SoftWorx,0.931837079
SoftWorx,0.943074389
SoftWorx,0.970222036
SoftWorx,0.898072352
SoftWorx,0.600362479
SoftWorx,0.87084074
SoftWorx,0.804670659
SoftWorx,0.799054668
SoftWorx,0.838312445
SoftWorx,0.865926791
SoftWorx,0.876007589
SoftWorx,0.846710089
SoftWorx,0.612277247
SoftWorx,0.64401297
SoftWorx,0.640829019
SoftWorx,0.685230578
SoftWorx,0.689873291
SoftWorx,0.620444483
SoftWorx,0.631523779
SoftWorx,0.725660942
SoftWorx,0.637419631
SoftWorx,0.684624824
SoftWorx,0.618653381
SoftWorx,0.735267224
SoftWorx,0.688539695
SoftWorx,0.66887248
SoftWorx,0.751906135
SoftWorx,0.77801989
SoftWorx,0.782207631
SoftWorx,0.757597672
SoftWorx,0.768774323
SoftWorx,0.811063339
SoftWorx,0.688177053
SoftWorx,0.837413361
SoftWorx,0.829973721
SoftWorx,0.827026603
SoftWorx,0.853343082
SoftWorx,0.812655103
SoftWorx,0.771344107
SoftWorx,0.82540272
SoftWorx,0.716433327
SoftWorx,0.844877863
SoftWorx,0.864322677
SoftWorx,0.785412909
SoftWorx,0.882529791
SoftWorx,0.858387646
SoftWorx,0.888759093
SoftWorx,0.915642758
SoftWorx,0.925162498
SoftWorx,0.833572664
SoftWorx,0.768784429
SoftWorx,0.908084199
SoftWorx,0.951410035
SoftWorx,0.933336488
SoftWorx,0.890781309
SoftWorx,0.857943275
SoftWorx,0.894232842
SoftWorx,0.885611948
SoftWorx,0.880891465
SoftWorx,0.888299765
SoftWorx,0.840494132
SoftWorx,0.894576941
SoftWorx,0.855908999
SoftWorx,0.820932838
SoftWorx,0.764179217
SoftWorx,0.702119231
SoftWorx,0.729496215
SoftWorx,0.814621427
SoftWorx,0.800232503
SoftWorx,0.807895535
SoftWorx,0.836036929
SoftWorx,0.871319079
SoftWorx,0.870414216
SoftWorx,0.886234004
SoftWorx,0.857278824
SoftWorx,0.844959068
SoftWorx,0.850319343
SoftWorx,0.833037888
SoftWorx,0.937984891
SoftWorx,0.839541518
SoftWorx,0.915649847
SoftWorx,0.864626737
SoftWorx,0.891929445
SoftWorx,0.893446478
SoftWorx,0.886302653
SoftWorx,0.826708584
SoftWorx,0.88608513
SoftWorx,0.776844164
SoftWorx,0.859745082
SoftWorx,0.838138163
SoftWorx,0.718357273
SoftWorx,0.698277682
SoftWorx,0.677631543
SoftWorx,0.841639771
SoftWorx,0.893807061
SoftWorx,0.912106152
SoftWorx,0.859597981
SoftWorx,0.825760423
SoftWorx,0.896970321
SoftWorx,0.794669419
SoftWorx,0.724253408
SoftWorx,0.793459004
SoftWorx,0.797937885
SoftWorx,0.8842046
SoftWorx,0.802805485
SoftWorx,0.815811985
SoftWorx,0.78757578
SoftWorx,0.900308548
SoftWorx,0.796186903
SoftWorx,0.805742986
SoftWorx,0.754486264
SoftWorx,0.860955435
SoftWorx,0.719895236
SoftWorx,0.89230085
SoftWorx,0.733588508
SoftWorx,0.889374404
SoftWorx,0.739493558
SoftWorx,0.687067957
SoftWorx,0.671899129
SoftWorx,0.711940376
SoftWorx,0.876243302
SoftWorx,0.723946348
SoftWorx,0.743026374
SoftWorx,0.829330009
SoftWorx,0.838500944
SoftWorx,0.623288177
SoftWorx,0.873799688
SoftWorx,0.758488244
SoftWorx,0.591458678
SoftWorx,0.774851847
SoftWorx,0.625923708
SoftWorx,0.751864684
SoftWorx,0.698055531
SoftWorx,0.657943482
SoftWorx,0.572024916
SoftWorx,0.616339468
SoftWorx,0.726215312
SoftWorx,0.70634394
SoftWorx,0.746105767
SoftWorx,0.694058918
SoftWorx,0.793723591
SoftWorx,0.749757783
SoftWorx,0.645293263
SoftWorx,0.733260848
SoftWorx,0.757679257
SoftWorx,0.710726378
SoftWorx,0.596144256
SoftWorx,0.702003687
SoftWorx,0.714200267
SoftWorx,0.655577635
SoftWorx,0.732971392
SoftWorx,0.713925221
SoftWorx,0.680772046
SoftWorx,0.702291441
SoftWorx,0.588274572
SoftWorx,0.619099245
SoftWorx,0.75020213
SoftWorx,0.650250821
SoftWorx,0.749617243
SoftWorx,0.688460679
SoftWorx,0.7186457
SoftWorx,0.628616059
SoftWorx,0.674089982
SoftWorx,0.792115511
SoftWorx,0.645730534
SoftWorx,0.810369283
SoftWorx,0.67008582
SoftWorx,0.664537218
SoftWorx,0.63720623
SoftWorx,0.782608657
SoftWorx,0.84138495
SoftWorx,0.857123012
SoftWorx,0.857880831
SoftWorx,0.882254256
SoftWorx,0.839366805
SoftWorx,0.870687811
SoftWorx,0.868186697
SoftWorx,0.917944883
SoftWorx,0.82192531
SoftWorx,0.792158035
SoftWorx,0.879189125
SoftWorx,0.813965792
SoftWorx,0.950509391
SoftWorx,0.815437669
SoftWorx,0.92089958
SoftWorx,0.83043871
SoftWorx,0.929707437
SoftWorx,0.887703341
SoftWorx,0.95062824
SoftWorx,0.901171547
SoftWorx,0.911390733
SoftWorx,0.887351198
SoftWorx,0.900748824
SoftWorx,0.908509721
SoftWorx,0.90331796
SoftWorx,0.89173845
SoftWorx,0.956666168
SoftWorx,0.981649382
SoftWorx,0.911824367
SoftWorx,0.893076608
SoftWorx,0.791433012
SoftWorx,0.882013592
SoftWorx,0.898412674
SoftWorx,0.770454423
SoftWorx,0.872178396
SoftWorx,0.842220894
SoftWorx,0.806492542
SoftWorx,0.807451805
SoftWorx,0.816759622
SoftWorx,0.827141332
SoftWorx,0.895357054
SoftWorx,0.820114081
SoftWorx,0.819594795
SoftWorx,0.79922258
SoftWorx,0.887866984
SoftWorx,0.849454253
SoftWorx,0.917099029
SoftWorx,0.897275715
SoftWorx,0.910452587
SoftWorx,0.863700976
SoftWorx,0.860763346
SoftWorx,0.813705961
SoftWorx,0.813933504
SoftWorx,0.835988305
SoftWorx,0.735227462
SoftWorx,0.796286163
SoftWorx,0.791044824
SoftWorx,0.704480497
SoftWorx,0.674631326
SoftWorx,0.86583404
SoftWorx,0.913355006
SoftWorx,0.85038237
SoftWorx,0.749988821
SoftWorx,0.710151941
SoftWorx,0.751610738
SoftWorx,0.818876576
SoftWorx,0.698938753
SoftWorx,0.906007981
SoftWorx,0.870075462
SoftWorx,0.891215783
SoftWorx,0.813248003
SoftWorx,0.883120871
SoftWorx,0.87765215
SoftWorx,0.8633789
SoftWorx,0.888333474
SoftWorx,0.854893922
SoftWorx,0.782515497
SoftWorx,0.885620763
SoftWorx,0.869254259
SoftWorx,0.856351274
SoftWorx,0.90381513
SoftWorx,0.851669503
SoftWorx,0.821982157
SoftWorx,0.86675931
SoftWorx,0.847770646
SoftWorx,0.8343025
SoftWorx,0.806024156
SoftWorx,0.828788945
SoftWorx,0.871070351
SoftWorx,0.863808158
SoftWorx,0.845707987
SoftWorx,0.782253504
SoftWorx,0.888435266
SoftWorx,0.884179607
SoftWorx,0.869343672
SoftWorx,0.861005104
SoftWorx,0.899178384
SoftWorx,0.898393373
SoftWorx,0.871782701
SoftWorx,0.840045909
SoftWorx,0.874801856
SoftWorx,0.885574999
SoftWorx,0.861887529
SoftWorx,0.938796534
SoftWorx,0.915304483
SoftWorx,0.863925692
SoftWorx,0.846966357
SoftWorx,0.915374262
SoftWorx,0.835735226
SoftWorx,0.934639525
SoftWorx,0.788146838
SoftWorx,0.754213916
SoftWorx,0.754445758
SoftWorx,0.776132166
SoftWorx,0.846775897
SoftWorx,0.878197209
SoftWorx,0.709271079
SoftWorx,0.759682053
SoftWorx,0.759656165
SoftWorx,0.79326116
SoftWorx,0.823572878
SoftWorx,0.857801082
SoftWorx,0.872683231
SoftWorx,0.763699339
SoftWorx,0.812342153
SoftWorx,0.829124648
SoftWorx,0.869862359
SoftWorx,0.775682303
SoftWorx,0.842195471
SoftWorx,0.789369042
SoftWorx,0.866409779
SoftWorx,0.783861897
SoftWorx,0.85123969
SoftWorx,0.831568262
SoftWorx,0.777065198
SoftWorx,0.855139699
SoftWorx,0.636614978
SoftWorx,0.614209449
SoftWorx,0.841149566
SoftWorx,0.77867463
SoftWorx,0.826520045
SoftWorx,0.73714347
SoftWorx,0.85969029
SoftWorx,0.797714157
SoftWorx,0.865885288
SoftWorx,0.799328401
SoftWorx,0.71864061
SoftWorx,0.764371725
SoftWorx,0.907778204
SoftWorx,0.861864978
SoftWorx,0.762644772
SoftWorx,0.887755904
SoftWorx,0.824990058
SoftWorx,0.884168906
SoftWorx,0.88598866
SoftWorx,0.875481239
SoftWorx,0.865880421
SoftWorx,0.891991643
SoftWorx,0.820889519
SoftWorx,0.69482416
SoftWorx,0.90471402
SoftWorx,0.863827207
SoftWorx,0.926264485
SoftWorx,0.893590421
SoftWorx,0.824396562
SoftWorx,0.715274148
SoftWorx,0.824251423
SoftWorx,0.918828342
SoftWorx,0.911270659
SoftWorx,0.697857264
SoftWorx,0.827405258
SoftWorx,0.836271472
SoftWorx,0.860651955
SoftWorx,0.822866819
SoftWorx,0.892791388
SoftWorx,0.878545075
SoftWorx,0.907378291
SoftWorx,0.733491797
SoftWorx,0.91723811
SoftWorx,0.771864817
SoftWorx,0.905521685
SoftWorx,0.893980115
SoftWorx,0.851544095
SoftWorx,0.925078946
SoftWorx,0.920355975
SoftWorx,0.801260352
SoftWorx,0.804877404
SoftWorx,0.941428189
SoftWorx,0.890127801
SoftWorx,0.842771437
SoftWorx,0.809085752
SoftWorx,0.943827056
SoftWorx,0.901777902
SoftWorx,0.835574498
SoftWorx,0.905593936
SoftWorx,0.819385641
SoftWorx,0.895567049
SoftWorx,0.846038849
SoftWorx,0.930323355
SoftWorx,0.83360999
SoftWorx,0.837275581
SoftWorx,0.889641058
SoftWorx,0.817312716
SoftWorx,0.931339262
SoftWorx,0.952138292
SoftWorx,0.851122334
SoftWorx,0.79326821
SoftWorx,0.86596936
SoftWorx,0.952133363
SoftWorx,0.838473369
SoftWorx,0.94851621
SoftWorx,0.932324439
SoftWorx,0.833310692
SoftWorx,0.844932493
SoftWorx,0.922829522
SoftWorx,0.854331632
SoftWorx,0.974371734
SoftWorx,0.904010569
SoftWorx,0.831273852
SoftWorx,0.886323801
SoftWorx,0.87296354
SoftWorx,0.800633024
SoftWorx,0.836179825
SoftWorx,0.873794208
SoftWorx,0.809377752
SoftWorx,0.868169114
SoftWorx,0.901572328
SoftWorx,0.918629494
SoftWorx,0.833944899
SoftWorx,0.8514779
SoftWorx,0.834071267
SoftWorx,0.843112378
SoftWorx,0.851990418
SoftWorx,0.870550855
SoftWorx,0.821464268
SoftWorx,0.77221811
SoftWorx,0.90289896
SoftWorx,0.845860563
SoftWorx,0.875826322
SoftWorx,0.789488478
SoftWorx,0.789462036
SoftWorx,0.88856942
SoftWorx,0.756169651
SoftWorx,0.910811036
SoftWorx,0.792992751
SoftWorx,0.740372321
SoftWorx,0.871668453
SoftWorx,0.879393806
SoftWorx,0.805098873
SoftWorx,0.861348221
SoftWorx,0.809785134
SoftWorx,0.860330566
SoftWorx,0.794645348
SoftWorx,0.796749562
SoftWorx,0.908008372
SoftWorx,0.788318582
SoftWorx,0.882055921
SoftWorx,0.911213107
SoftWorx,0.806297752
SoftWorx,0.924505319
SoftWorx,0.677414342
SoftWorx,0.803999977
SoftWorx,0.909911555
SoftWorx,0.774384739
SoftWorx,0.890642394
SoftWorx,0.90778
SoftWorx,0.752205117
SoftWorx,0.914182644
SoftWorx,0.724216832
SoftWorx,0.905231131
SoftWorx,0.784099314
SoftWorx,0.812325769
SoftWorx,0.709241788
SoftWorx,0.756410882
SoftWorx,0.847946253
SoftWorx,0.766505407
SoftWorx,0.846051209
SoftWorx,0.788027693
SoftWorx,0.79487588
SoftWorx,0.861682766
SoftWorx,0.814512945
SoftWorx,0.7843056
SoftWorx,0.897646331
SoftWorx,0.877352245
SoftWorx,0.885518349
SoftWorx,0.893211024
SoftWorx,0.837635169
SoftWorx,0.773589692
SoftWorx,0.852731407
SoftWorx,0.840960671
SoftWorx,0.810851224
SoftWorx,0.790649181
SoftWorx,0.849065385
SoftWorx,0.840616277
SoftWorx,0.84978585
SoftWorx,0.791214747
SoftWorx,0.841437796
SoftWorx,0.893158696
SoftWorx,0.957025077
SoftWorx,0.809283614
SoftWorx,0.856073422
SoftWorx,0.896386247
SoftWorx,0.894413655
SoftWorx,0.880953529
SoftWorx,0.675640164
SoftWorx,0.869377237
SoftWorx,0.941219393
SoftWorx,0.823936513
SoftWorx,0.891213022
SoftWorx,0.879907637
SoftWorx,0.909923326
SoftWorx,0.909530099
SoftWorx,0.793242194
SoftWorx,0.722668453
SoftWorx,0.905336141
SoftWorx,0.885407679
SoftWorx,0.798769226
SoftWorx,0.886241627
SoftWorx,0.783876858
SoftWorx,0.81237267
SoftWorx,0.814315815
SoftWorx,0.873630153
SoftWorx,0.822903456
SoftWorx,0.846025957
SoftWorx,0.788235969
SoftWorx,0.720445729
SoftWorx,0.738698214
SoftWorx,0.779558071
SoftWorx,0.892157581
SoftWorx,0.754962984
SoftWorx,0.688246355
SoftWorx,0.839843875
SoftWorx,0.895304536
SoftWorx,0.745109627
SoftWorx,0.751579831
SoftWorx,0.755443872
SoftWorx,0.762507568
SoftWorx,0.676545387
SoftWorx,0.77390625
SoftWorx,0.738945867
SoftWorx,0.852624171
SoftWorx,0.765064472
SoftWorx,0.7521315
SoftWorx,0.632564671
SoftWorx,0.74704068
SoftWorx,0.790532594
SoftWorx,0.719111196
SoftWorx,0.71908744
SoftWorx,0.759146599
SoftWorx,0.796088235
SoftWorx,0.764702014
SoftWorx,0.631074979
SoftWorx,0.763014746
SoftWorx,0.775720301
SoftWorx,0.656260713
SoftWorx,0.783815635
SoftWorx,0.769267161
SoftWorx,0.625390253
SoftWorx,0.704397389
SoftWorx,0.631866091
SoftWorx,0.708118281
SoftWorx,0.760815697
SoftWorx,0.763887207
SoftWorx,0.791179586
SoftWorx,0.814436884
SoftWorx,0.818821785
SoftWorx,0.819695793
SoftWorx,0.800433153
SoftWorx,0.822152438
SoftWorx,0.817329628
SoftWorx,0.833060036
SoftWorx,0.825941277
SoftWorx,0.818768587
SoftWorx,0.883433738
SoftWorx,0.858105336
SoftWorx,0.868590206
SoftWorx,0.869258401
SoftWorx,0.828923948
SoftWorx,0.861347459
SoftWorx,0.833815886
SoftWorx,0.886121228
SoftWorx,0.890183596
SoftWorx,0.904466872
SoftWorx,0.857094314
SoftWorx,0.923074555
SoftWorx,0.835879852
SoftWorx,0.849705045
SoftWorx,0.833745845
SoftWorx,0.692496221
SoftWorx,0.604907963
SoftWorx,0.617141471
SoftWorx,0.719738715
SoftWorx,0.665918746
SoftWorx,0.676046792
SoftWorx,0.895290208
SoftWorx,0.862670989
SoftWorx,0.903960278
SoftWorx,0.762349341
SoftWorx,0.830960469
SoftWorx,0.897797955
SoftWorx,0.83758288
SoftWorx,0.889055721
SoftWorx,0.903386086
SoftWorx,0.870695468
SoftWorx,0.87907296
SoftWorx,0.847276597
SoftWorx,0.902972468
SoftWorx,0.891856086
SoftWorx,0.830966563
SoftWorx,0.776373155
SoftWorx,0.826903318
SoftWorx,0.725213209
SoftWorx,0.856866039
SoftWorx,0.863240739
SoftWorx,0.77499455
SoftWorx,0.825977594
SoftWorx,0.884705981
SoftWorx,0.912635581
SoftWorx,0.911802996
SoftWorx,0.911388856
SoftWorx,0.95455409
SoftWorx,0.879319413
SoftWorx,0.919058497
SoftWorx,0.918890873
SoftWorx,0.914370841
SoftWorx,0.802096015
SoftWorx,0.934554584
SoftWorx,0.830570437
SoftWorx,0.893970519
SoftWorx,0.856992113
SoftWorx,0.866973659
SoftWorx,0.916130361
SoftWorx,0.769138733
SoftWorx,0.890820952
SoftWorx,0.824441553
SoftWorx,0.859436181
SoftWorx,0.743391213
SoftWorx,0.823613608
SoftWorx,0.811815517
SoftWorx,0.732157389
SoftWorx,0.749444368
SoftWorx,0.736187422
SoftWorx,0.63792737
SoftWorx,0.867086636
SoftWorx,0.867463667
SoftWorx,0.840727111
SoftWorx,0.823472832
SoftWorx,0.783672424
SoftWorx,0.770116958
SoftWorx,0.802199863
SoftWorx,0.842387732
SoftWorx,0.846147688
SoftWorx,0.732323789
SoftWorx,0.773890829
SoftWorx,0.805361395
SoftWorx,0.592396022
SoftWorx,0.722024724
SoftWorx,0.748719523
SoftWorx,0.823796973
SoftWorx,0.864061173
SoftWorx,0.899693193
SoftWorx,0.934186902
SoftWorx,0.915339918
SoftWorx,0.920237356
SoftWorx,0.900427602
SoftWorx,0.89823689
SoftWorx,0.880743684
SoftWorx,0.801716384
SoftWorx,0.884684294
SoftWorx,0.915844069
SoftWorx,0.876710588
SoftWorx,0.909321024
SoftWorx,0.896829317
SoftWorx,0.836954288
SoftWorx,0.811675597
SoftWorx,0.82482009
SoftWorx,0.838067268
SoftWorx,0.819123338
SoftWorx,0.793128174
SoftWorx,0.765459761
SoftWorx,0.755022043
SoftWorx,0.769428875
SoftWorx,0.701866056
SoftWorx,0.778055598
SoftWorx,0.787134938
SoftWorx,0.815373877
SoftWorx,0.724890567
SoftWorx,0.674642458
SoftWorx,0.789401634
SoftWorx,0.874576414
SoftWorx,0.854518578
SoftWorx,0.838985176
SoftWorx,0.82469159
SoftWorx,0.8380508
SoftWorx,0.865607162
SoftWorx,0.860100544
SoftWorx,0.867721639
SoftWorx,0.883917948
SoftWorx,0.864980327
SoftWorx,0.830455327
SoftWorx,0.885169512
SoftWorx,0.889484886
SoftWorx,0.848976509
SoftWorx,0.897814184
SoftWorx,0.834665101
SoftWorx,0.893597471
SoftWorx,0.841209397
SoftWorx,0.900567953
SoftWorx,0.882800375
SoftWorx,0.849424372
SoftWorx,0.798175501
SoftWorx,0.814842669
SoftWorx,0.899851495
SoftWorx,0.891630793
SoftWorx,0.899368924
SoftWorx,0.87427099
SoftWorx,0.841065113
SoftWorx,0.87664789
SoftWorx,0.856232126
SoftWorx,0.853692124
SoftWorx,0.846245344
SoftWorx,0.705154395
SoftWorx,0.876366026
SoftWorx,0.921214768
SoftWorx,0.820652719
SoftWorx,0.923382183
SoftWorx,0.928113345
SoftWorx,0.873313389
SoftWorx,0.896591721
SoftWorx,0.901594839
SoftWorx,0.889130308
SoftWorx,0.869117097
SoftWorx,0.869477228
SoftWorx,0.823081236
SoftWorx,0.895302942
SoftWorx,0.831684828
SoftWorx,0.901810244
SoftWorx,0.899107154
SoftWorx,0.908917701
SoftWorx,0.864711775
SoftWorx,0.944970563
SoftWorx,0.927288812
SoftWorx,0.903417523
SoftWorx,0.892692408
SoftWorx,0.905455609
SoftWorx,0.891740195
SoftWorx,0.897286803
SoftWorx,0.927958391
SoftWorx,0.892191873
SoftWorx,0.877728023
SoftWorx,0.897855182
SoftWorx,0.816921255
SoftWorx,0.817658761
SoftWorx,0.956511335
SoftWorx,0.820935204
SoftWorx,0.960576667
SoftWorx,0.879208448
SoftWorx,0.802020433
SoftWorx,0.86102209
SoftWorx,0.893230456
SoftWorx,0.773454313
SoftWorx,0.808275516
SoftWorx,0.899935659
SoftWorx,0.874000521
SoftWorx,0.782184578
SoftWorx,0.820635673
SoftWorx,0.888045608
SoftWorx,0.898673047
SoftWorx,0.86535126
SoftWorx,0.793129073
SoftWorx,0.817595775
SoftWorx,0.750077047
SoftWorx,0.844123491
SoftWorx,0.896146269
SoftWorx,0.629917326
SoftWorx,0.769133874
SoftWorx,0.760957355
SoftWorx,0.91321562
SoftWorx,0.727250935
SoftWorx,0.874525439
SoftWorx,0.780716972
SoftWorx,0.903390219
SoftWorx,0.887772788
SoftWorx,0.786861814
SoftWorx,0.833528288
SoftWorx,0.740346202
SoftWorx,0.860129363
SoftWorx,0.903751908
SoftWorx,0.888812673
SoftWorx,0.921403366
SoftWorx,0.828864256
SoftWorx,0.899977333
SoftWorx,0.879557759
SoftWorx,0.848336764
SoftWorx,0.874519673
SoftWorx,0.808018082
SoftWorx,0.697292176
SoftWorx,0.912970933
SoftWorx,0.879263959
SoftWorx,0.868890941
SoftWorx,0.915187292
SoftWorx,0.834171079
SoftWorx,0.837738341
SoftWorx,0.875770335
SoftWorx,0.875028807
SoftWorx,0.901894183
SoftWorx,0.904554845
SoftWorx,0.909501315
SoftWorx,0.836661268
SoftWorx,0.822628309
SoftWorx,0.771755887
SoftWorx,0.799172593
SoftWorx,0.774477935
SoftWorx,0.916723435
SoftWorx,0.776869572
SoftWorx,0.98206135
SoftWorx,0.892443142
SoftWorx,0.964868042
SoftWorx,0.901515637
SoftWorx,0.926416652
SoftWorx,0.912250248
SoftWorx,0.871095536
SoftWorx,0.90861267
SoftWorx,0.914141953
SoftWorx,0.926343535
SoftWorx,0.774753757
SoftWorx,0.952673629
SoftWorx,0.965801757
SoftWorx,0.925524969
SoftWorx,0.818111858
SoftWorx,0.821059828
SoftWorx,0.817817672
SoftWorx,0.82985257
SoftWorx,0.841444778
SoftWorx,0.882715137
SoftWorx,0.846430626
SoftWorx,0.885605592
SoftWorx,0.863362633
SoftWorx,0.872798171
SoftWorx,0.775822808
SoftWorx,0.787441557
SoftWorx,0.895578319
SoftWorx,0.906876034
SoftWorx,0.935915281
SoftWorx,0.986773356
SoftWorx,1.002210862
SoftWorx,0.91408234
SoftWorx,0.826032128
SoftWorx,0.879313208
SoftWorx,0.92521433
SoftWorx,0.89006263
SoftWorx,0.945562501
SoftWorx,0.861858732
SoftWorx,0.745704314
SoftWorx,0.912115866
SoftWorx,0.742615284
SoftWorx,0.901943688
SoftWorx,0.809856975
SoftWorx,0.861304148
SoftWorx,0.830384031
SoftWorx,0.724669314
SoftWorx,0.834839449
SoftWorx,0.808097845
SoftWorx,0.811034936
SoftWorx,0.824484395
SoftWorx,0.907594808
SoftWorx,0.824703624
SoftWorx,0.853700594
SoftWorx,0.82027416
SoftWorx,0.860833581
SoftWorx,0.841162997
SoftWorx,0.853814203
SoftWorx,0.854354448
SoftWorx,0.866761215
SoftWorx,0.886587967
SoftWorx,0.965091133
SoftWorx,0.838836784
SoftWorx,0.782318991
SoftWorx,0.860322393
SoftWorx,0.936103308
SoftWorx,0.898640879
SoftWorx,0.824349024
SoftWorx,0.807456541
SoftWorx,0.896798478
SoftWorx,0.850978881
SoftWorx,0.888604012
SoftWorx,0.894308472
SoftWorx,0.865018541
SoftWorx,0.886527933
SoftWorx,0.891066589
SoftWorx,0.855998963
SoftWorx,0.834139812
SoftWorx,0.832435534
SoftWorx,0.949692985
SoftWorx,0.828356735
SoftWorx,0.96888352
SoftWorx,0.818069302
SoftWorx,0.869241354
SoftWorx,0.934597761
SoftWorx,0.880199181
SoftWorx,0.890992155
SoftWorx,0.94252074
SoftWorx,0.878842558
SoftWorx,0.887271251
SoftWorx,0.805379225
SoftWorx,0.866911008
SoftWorx,0.938309568
SoftWorx,0.867574082
SoftWorx,0.905371009
SoftWorx,0.859701654
SoftWorx,0.932061048
SoftWorx,0.867241355
SoftWorx,0.854613563
SoftWorx,0.871720419
SoftWorx,0.928648229
SoftWorx,0.98676874
SoftWorx,0.923106816
SoftWorx,0.907822929
SoftWorx,0.86863067
SoftWorx,0.718434542
SoftWorx,0.930603585
SoftWorx,0.905092969
SoftWorx,0.850765002
SoftWorx,0.871147115
SoftWorx,0.851830931
SoftWorx,0.948978736
SoftWorx,0.833162406
SoftWorx,0.907662541
SoftWorx,0.918159596
SoftWorx,0.883785807
SoftWorx,0.777548613
SoftWorx,0.75358
SoftWorx,0.868864067
SoftWorx,0.880141797
SoftWorx,0.695254565
SoftWorx,0.876140846
SoftWorx,0.803816641
SoftWorx,0.852491293
SoftWorx,0.837402272
SoftWorx,0.832831437
SoftWorx,0.918834611
SoftWorx,0.824469979
SoftWorx,0.796171436
SoftWorx,0.846142593
SoftWorx,0.740177544
SoftWorx,0.86664816
SoftWorx,0.764914841
SoftWorx,0.777686705
SoftWorx,0.838587079
SoftWorx,0.839220174
SoftWorx,0.882424527
SoftWorx,0.857498346
SoftWorx,0.823087597
SoftWorx,0.868586
SoftWorx,0.864168658
SoftWorx,0.802486274
SoftWorx,0.896187011
SoftWorx,0.814355145
SoftWorx,0.791061998
SoftWorx,0.837443151
SoftWorx,0.928938979
SoftWorx,0.860115263
SoftWorx,0.871710142
SoftWorx,0.904021031
SoftWorx,0.931421468
SoftWorx,0.91275166
SoftWorx,0.901188933
SoftWorx,0.897185067
SoftWorx,0.909367581
SoftWorx,0.770492682
SoftWorx,0.865484119
SoftWorx,0.908727661
SoftWorx,0.839516312
SoftWorx,0.822427665
SoftWorx,0.850746339
SoftWorx,0.884964079
SoftWorx,0.878950314
SoftWorx,0.814678736
SoftWorx,0.84209889
SoftWorx,0.887941893
SoftWorx,0.706383775
SoftWorx,0.922651134
SoftWorx,0.829535246
SoftWorx,0.891121218
SoftWorx,0.850789029
SoftWorx,0.87073739
SoftWorx,0.88404038
SoftWorx,0.885049171
SoftWorx,0.895362322
SoftWorx,0.885791359
SoftWorx,0.896453259
SoftWorx,0.899702029
SoftWorx,0.885950799
SoftWorx,0.874166715
SoftWorx,0.939501997
SoftWorx,0.863815051
SoftWorx,0.957653755
SoftWorx,0.912918502
SoftWorx,0.876724805
SoftWorx,0.952201001
SoftWorx,0.914576166
SoftWorx,0.902325506
SoftWorx,0.894417594
SoftWorx,0.881208573
SoftWorx,0.898530987
SoftWorx,0.901302341
SoftWorx,0.764540403
SoftWorx,0.868146133
SoftWorx,0.904797919
SoftWorx,0.916584217
SoftWorx,0.928982224
SoftWorx,0.763900372
SoftWorx,0.868238701
SoftWorx,0.844915603
SoftWorx,0.892799051
SoftWorx,0.895687422
SoftWorx,0.90647343
SoftWorx,0.877008386
SoftWorx,0.878164662
SoftWorx,0.833069053