Method,Length
FM2FM,4.224926207
FM2FM,4.76986253
FM2FM,4.027314541
FM2FM,4.579731686
FM2FM,4.05939875
FM2FM,4.397345288
FM2FM,7.87737609
FM2FM,5.246946609
FM2FM,4.450772366
FM2FM,8.562138645
FM2FM,5.932194205
FM2FM,10.30369808
FM2FM,9.35399063
FM2FM,5.10389224
FM2FM,2.912069293
FM2FM,4.449711201
FM2FM,4.212295133
FM2FM,4.562939002
FM2FM,4.371418123
FM2FM,4.042489965
FM2FM,4.988840086
FM2FM,4.858325284
FM2FM,5.013655152
FM2FM,5.015854225
FM2FM,4.208426989
FM2FM,6.128330559
FM2FM,5.07291517
FM2FM,4.796149896
FM2FM,8.891810537
FM2FM,4.521435225
FM2FM,4.707868284
FM2FM,4.772947188
FM2FM,5.943397088
FM2FM,8.85366448
FM2FM,4.141053062
FM2FM,0.622791655
FM2FM,0.724463022
FM2FM,5.088926334
FM2FM,6.298266983
FM2FM,3.924444236
FM2FM,3.200647704
FM2FM,6.324495229
FM2FM,3.347437615
FM2FM,3.783474246
FM2FM,3.20195946
FM2FM,7.332161684
FM2FM,4.504174388
FM2FM,6.917626811
FM2FM,5.046789078
FM2FM,4.243424986
FM2FM,4.381834632
FM2FM,6.271716752
FM2FM,4.482044168
FM2FM,4.764229494
FM2FM,4.452645783
FM2FM,3.930251547
FM2FM,3.149052077
FM2FM,5.212869099
FM2FM,4.405700497
FM2FM,4.083402388
FM2FM,4.972318825
FM2FM,6.940686644
FM2FM,4.119119736
FM2FM,4.383508874
FM2FM,5.189007411
FM2FM,4.960365847
FM2FM,6.407255646
FM2FM,7.75844077
FM2FM,3.193499422
FM2FM,2.762037549
FM2FM,3.536076401
FM2FM,6.181067516
FM2FM,3.325369278
FM2FM,7.81033756
FM2FM,4.924485671
FM2FM,4.941384453
FM2FM,2.875536323
FM2FM,8.647648223
FM2FM,5.671030262
FM2FM,3.001321864
FM2FM,5.243149663
FM2FM,4.46364949
FM2FM,7.929624743
FM2FM,4.420261881
FM2FM,7.871518094
FM2FM,8.208155888
FM2FM,6.282394323
FM2FM,4.433827217
FM2FM,4.422160354
FM2FM,4.306718236
FM2FM,4.468294212
FM2FM,5.539361042
FM2FM,4.510797695
FM2FM,3.777877324
FM2FM,4.581352073
FM2FM,5.099053567
FM2FM,5.455908772
FM2FM,5.196714612
FM2FM,4.851475447
FM2FM,5.821335406
FM2FM,4.706132639
FM2FM,1.583431616
FM2FM,7.528764006
FM2FM,4.786334659
FM2FM,4.522583653
FM2FM,4.568573017
FM2FM,4.133648965
FM2FM,4.975982121
FM2FM,7.296783825
FM2FM,4.950154202
FM2FM,8.281927782
FM2FM,1.77258592
FM2FM,4.064431649
FM2FM,3.871368319
FM2FM,3.806838375
FM2FM,4.122594217
FM2FM,3.278571154
FM2FM,4.554479979
FM2FM,4.008207575
FM2FM,3.49190759
FM2FM,8.796604829
FM2FM,3.216760112
FM2FM,5.258711254
FM2FM,4.599391303
FM2FM,7.114122636
FM2FM,4.158311565
FM2FM,3.323083266
FM2FM,3.965258891
FM2FM,5.617810392
FM2FM,3.230004122
FM2FM,3.00319601
FM2FM,6.205786329
FM2FM,3.175166147
FM2FM,5.921828631
FM2FM,9.234531587
FM2FM,5.704381106
FM2FM,8.269474925
FM2FM,7.464960029
FM2FM,7.404495551
FM2FM,8.772535301
FM2FM,7.198497567
FM2FM,3.93728295
FM2FM,4.579731686
FM2FM,3.969127035
FM2FM,6.157130453
FM2FM,7.684950224
FM2FM,4.014950427
FM2FM,3.599573173
FM2FM,6.416809793
FM2FM,7.250950568
FM2FM,4.340284093
FM2FM,7.587161461
FM2FM,5.643130537
FM2FM,6.941898291
FM2FM,5.623309927
FM2FM,5.859923506
FM2FM,7.698972814
FM2FM,7.759395672
FM2FM,7.072010405
FM2FM,5.29833744
FM2FM,5.186779106
FM2FM,6.134725512
FM2FM,4.836079928
FM2FM,7.894637606
FM2FM,6.502717026
FM2FM,8.894370567
FM2FM,7.887095771
FM2FM,8.063121239
FM2FM,4.786171831
FM2FM,7.573085849
FM2FM,9.2187735
FM2FM,5.216436124
FM2FM,4.783558183
FM2FM,5.255950418
FM2FM,4.495170579
FM2FM,5.942810372
FM2FM,4.966709866
FM2FM,3.783567254
FM2FM,2.904833283
FM2FM,4.194818549
FM2FM,4.035370057
FM2FM,4.020584441
FM2FM,4.827624618
FM2FM,4.363088794
FM2FM,4.55385463
FM2FM,7.025815143
FM2FM,4.4241966
FM2FM,4.27687895
FM2FM,10.63305296
FM2FM,4.533908294
FM2FM,4.963576076
FM2FM,4.609292898
FM2FM,5.824116058
FM2FM,7.727073173
FM2FM,7.424032305
FM2FM,3.312018156
FM2FM,9.298347655
FM2FM,3.038563805
FM2FM,3.81110829
FM2FM,6.984275898
FM2FM,7.031733815
FM2FM,3.456976615
FM2FM,3.355079658
FM2FM,4.401903552
FM2FM,3.997403525
FM2FM,7.096825471
FM2FM,7.914551248
FM2FM,7.135329089
FM2FM,7.355580594
FM2FM,3.709940584
FM2FM,2.384922248
FM2FM,9.829570838
FM2FM,2.95089639
FM2FM,1.305492179
FM2FM,1.347854146
FM2FM,8.410884818
FM2FM,6.362922478
FM2FM,6.612971201
FM2FM,7.409304998
FM2FM,6.861201184
FM2FM,5.698391921
FM2FM,5.843465626
FM2FM,5.543285397
FM2FM,4.959416646
FM2FM,9.451739551
FM2FM,7.336103065
FM2FM,4.26375254
FM2FM,4.496152556
FM2FM,3.968704676
FM2FM,4.646821881
FM2FM,6.682178644
FM2FM,6.373661452
FM2FM,6.549953598
FM2FM,6.0826602
FM2FM,5.034973944
FM2FM,5.440287682
FM2FM,5.668993537
FM2FM,6.738544845
FM2FM,6.986699683
FM2FM,7.017572652
FM2FM,7.22856589
FM2FM,7.356068863
FM2FM,6.200977383
FM2FM,4.839820236
FM2FM,4.692689495
FM2FM,5.47820182
FM2FM,3.389050038
FM2FM,4.12041874
FM2FM,8.549573896
FM2FM,7.33865242
FM2FM,4.029812482
FM2FM,3.8142057
FM2FM,5.046546976
FM2FM,6.38504963
FM2FM,7.884392461
FM2FM,5.631947612
FM2FM,5.566631071
FM2FM,4.114536417
FM2FM,3.843533333
FM2FM,4.021457273
FM2FM,4.408950747
FM2FM,5.802632429
FM2FM,8.085557524
FM2FM,4.090789747
FM2FM,4.392736915
FM2FM,4.657187456
FM2FM,4.132083319
FM2FM,8.673154176
FM2FM,5.299245544
FM2FM,4.437068553
FM2FM,4.068981233
FM2FM,5.938675997
FM2FM,5.90406977
FM2FM,5.71647553
FM2FM,6.133610119
FM2FM,5.891444595
FM2FM,1.771386982
FM2FM,6.176484198
FM2FM,5.496372267
FM2FM,3.888944398
FM2FM,3.171086491
FM2FM,4.408845587
FM2FM,5.829923369
FM2FM,3.409916628
FM2FM,5.816775166
FM2FM,5.357434881
FM2FM,7.933350491
FM2FM,7.937263897
FM2FM,7.416540159
FM2FM,8.627151558
FM2FM,9.493148154
FM2FM,3.074281153
FM2FM,5.614742759
FM2FM,8.229072834
FM2FM,9.301564882
FM2FM,8.412706711
FM2FM,6.161688717
FM2FM,4.268498686
FM2FM,9.267893535
FM2FM,5.440518965
FM2FM,4.308175808
FM2FM,5.511234322
FM2FM,4.799921787
FM2FM,8.104075044
FM2FM,6.621029001
FM2FM,10.88251726
FM2FM,7.202730354
FM2FM,5.366279054
FM2FM,4.625992023
FM2FM,3.775226584
FM2FM,5.688026346
FM2FM,5.691175172
FM2FM,5.095669186
FM2FM,6.327042302
FM2FM,4.862042433
FM2FM,4.010932512
FM2FM,3.5244548
FM2FM,7.819739753
FM2FM,5.606399572
FM2FM,3.696449263
FM2FM,6.393958059
FM2FM,3.946440324
FM2FM,5.460031853
FM2FM,6.686031536
FM2FM,4.666516921
FM2FM,2.939865683
FM2FM,1.970645801
FM2FM,5.431256534
FM2FM,5.454930786
FM2FM,5.59785673
FM2FM,6.663738488
FM2FM,3.223279444
FM2FM,2.828203512
FM2FM,5.536676196
FM2FM,5.7784942
FM2FM,5.79214472
FM2FM,2.668279579
FM2FM,5.849669344
FM2FM,5.525738496
FM2FM,4.031553745
FM2FM,5.004225465
FM2FM,4.614340196
FM2FM,5.841799907
FM2FM,4.588323909
FM2FM,5.005585354
FM2FM,5.39366479
FM2FM,4.949694706
FM2FM,3.878697887
FM2FM,5.396066925
FM2FM,4.607858405
FM2FM,5.851343585
FM2FM,4.680129104
FM2FM,6.907446935
FM2FM,6.42399112
FM2FM,4.504898978
FM2FM,3.003978361
FM2FM,1.567444779
FM2FM,6.26943074
FM2FM,4.977064972
FM2FM,4.812956568
FM2FM,4.223227641
FM2FM,11.0617332
FM2FM,4.586376305
FM2FM,4.359785826
FM2FM,7.36079072
FM2FM,7.304051989
FM2FM,5.195442809
FM2FM,3.820246578
FM2FM,4.708447686
FM2FM,5.41424634
FM2FM,5.951964257
FM2FM,5.277044529
FM2FM,5.310525028
FM2FM,6.416809793
FM2FM,6.198268428
FM2FM,5.016445615
FM2FM,5.132755571
FM2FM,8.051244701
FM2FM,5.020642889
FM2FM,5.813463512
FM2FM,6.366694369
FM2FM,5.194574237
FM2FM,7.184861059
FM2FM,8.399469905
FM2FM,6.558899266
FM2FM,6.984463781
FM2FM,8.146282805
FM2FM,2.997841676
FM2FM,4.45739193
FM2FM,2.871326181
FM2FM,4.502902723
FM2FM,3.751199421
FM2FM,7.202770445
FM2FM,5.592186366
FM2FM,5.295790367
FM2FM,4.733070409
FM2FM,4.823235305
FM2FM,7.289944152
FM2FM,4.860457463
FM2FM,6.025273349
FM2FM,5.867676963
FM2FM,4.814783842
FM2FM,4.547022198
FM2FM,5.82159404
FM2FM,5.075799923
FM2FM,5.3609061
FM2FM,4.802769461
FM2FM,5.608436548
FM2FM,5.01447451
FM2FM,4.943931045
FM2FM,6.330375268
FM2FM,5.462390563
FM2FM,4.974742611
FM2FM,4.272132804
FM2FM,6.997145922
FM2FM,5.070817771
FM2FM,5.289081456
FM2FM,4.470355513
FM2FM,6.895007687
FM2FM,6.459598661
FM2FM,5.643601549
FM2FM,5.576426045
FM2FM,5.95416388
FM2FM,7.569202066
FM2FM,5.275395792
FM2FM,5.086502548
FM2FM,7.440208723
FM2FM,5.530618293
FM2FM,5.440260343
FM2FM,4.739130739
FM2FM,7.197360662
FM2FM,8.102255858
FM2FM,5.922565872
FM2FM,4.561398411
FM2FM,4.513205535
FM2FM,5.646771687
FM2FM,5.673414027
FM2FM,9.080434855
FM2FM,6.088493872
FM2FM,6.945649472
FM2FM,9.667004968
FM2FM,5.190671857
FM2FM,5.132600058
FM2FM,6.31643743
FM2FM,6.10272912
FM2FM,6.65327513
FM2FM,7.700585222
FM2FM,4.841056468
FM2FM,6.344125224
FM2FM,5.787326701
FM2FM,5.033100526
FM2FM,4.8540484
FM2FM,5.353676979
FM2FM,4.98062265
FM2FM,6.50998519
FM2FM,6.721263112
FM2FM,5.753554643
FM2FM,5.712758322
FM2FM,5.096368721
FM2FM,6.178286417
FM2FM,6.520979102
FM2FM,7.155122838
FM2FM,4.740792191
FM2FM,6.614773868
FM2FM,7.255112424
FM2FM,5.100117014
FM2FM,7.81230876
FM2FM,6.711285527
FM2FM,6.509981014
FM2FM,7.132269006
FM2FM,4.99605104
FM2FM,5.86830377
FM2FM,6.512500605
FM2FM,5.607048422
FM2FM,5.52799478
FM2FM,6.583735645
FM2FM,6.857377878
FM2FM,5.941074727
FM2FM,6.677626217
FM2FM,7.702095279
FM2FM,5.231465682
FM2FM,6.050251243
FM2FM,6.568710761
FM2FM,4.975219824
FM2FM,7.292545966
FM2FM,6.931452549
FM2FM,5.598668158
FM2FM,6.652648323
FM2FM,7.18764116
FM2FM,5.801357256
FM2FM,5.62822937
FM2FM,1.895842721
FM2FM,7.35122427
FM2FM,7.475465353
FM2FM,6.364020847
FM2FM,5.940549415
FM2FM,6.157105398
FM2FM,5.724656567
FM2FM,5.600541576
FM2FM,1.670315084
FM2FM,2.907765427
FM2FM,4.174608114
FM2FM,6.286114828
FM2FM,6.634640704
FM2FM,5.859372689
FM2FM,5.476792382
FM2FM,5.4640393
FM2FM,5.966064016
FM2FM,6.657188223
FM2FM,4.86267833
FM2FM,4.746657537
FM2FM,7.237930255
FM2FM,5.046727194
FM2FM,4.538830527
FM2FM,8.422620595
FM2FM,4.681647295
FM2FM,4.194677033
FM2FM,8.717963969
FM2FM,4.390863497
FM2FM,5.816959786
FM2FM,4.402954248
FM2FM,5.762650529
FM2FM,5.406620294
FM2FM,4.15575413
FM2FM,8.895175658
FM2FM,5.802398402
FM2FM,7.950549873
FM2FM,4.17663073
FM2FM,7.824735636
FM2FM,7.38768888
FM2FM,3.874477053
FM2FM,6.910172353
FM2FM,4.156683547
FM2FM,4.368808288
FM2FM,4.565659266
FM2FM,3.295654552
FM2FM,4.21778151
FM2FM,3.414288992
FM2FM,4.937313513
FM2FM,4.402330453
FM2FM,5.167592366
FM2FM,9.220689614
FM2FM,7.801560408
FM2FM,4.93048217
FM2FM,5.209280779
FM2FM,5.564920022
FM2FM,10.22081275
FM2FM,5.064370008
FM2FM,8.817882716
FM2FM,6.419335073
FM2FM,10.81830655
FM2FM,7.430075902
FM2FM,4.849602029
FM2FM,7.655497536
FM2FM,4.636705972
FM2FM,5.779032881
FM2FM,4.757722647
FM2FM,7.926843644
FM2FM,4.207711815
FM2FM,3.707351545
FM2FM,3.502809872
FM2FM,7.954667101
FM2FM,3.96048724
FM2FM,4.814850864
FM2FM,4.344519963
FM2FM,3.909570856
FM2FM,4.572865049
FM2FM,8.12807152
FM2FM,10.19921632
FM2FM,4.899471429
FM2FM,4.909485843
FM2FM,4.343918211
FM2FM,4.281462269
FM2FM,6.883098326
FM2FM,4.030598856
FM2FM,4.372130598
FM2FM,5.269725429
FM2FM,3.710199219
FM2FM,6.496950409
FM2FM,4.702397097
FM2FM,4.006538008
FM2FM,5.116734947
FM2FM,6.257803238
FM2FM,4.681154745
FM2FM,8.796610657
FM2FM,5.088339617
FM2FM,7.564737266
FM2FM,6.542022278
FM2FM,7.375051023
FM2FM,8.016175953
FM2FM,8.282524967
FM2FM,3.236623686
FM2FM,3.274843236
FM2FM,6.939192736
FM2FM,6.704780657
FM2FM,5.640289895
FM2FM,8.829213934
FM2FM,6.718553691
FM2FM,5.874158754
FM2FM,7.598527723
FM2FM,5.071088146
FM2FM,5.38693469
FM2FM,5.775199571
FM2FM,6.176953348
FM2FM,5.175237672
FM2FM,3.891176178
FM2FM,5.550911444
FM2FM,7.645958301
FM2FM,9.516868353
FM2FM,6.216632958
FM2FM,5.904256674
FM2FM,3.952356712
FM2FM,7.589410216
FM2FM,3.939443239
FM2FM,1.09174752
FM2FM,1.823266748
FM2FM,1.025393209
FM2FM,5.179793652
FM2FM,2.468437659
FM2FM,1.066907399
FM2FM,2.297690057
FM2FM,7.300906906
FM2FM,3.848190415
FM2FM,7.759131349
FM2FM,2.479677621
FM2FM,2.184516939
FM2FM,8.38910433
FM2FM,4.856909554
FM2FM,8.935316759
FM2FM,6.386951171
FM2FM,6.165322834
FM2FM,6.030483476
FM2FM,6.062956192
FM2FM,5.31475045
FM2FM,5.927788751
FM2FM,6.305049855
FM2FM,5.301185114
FM2FM,5.151694271
FM2FM,1.643831818
FM2FM,5.844923198
FM2FM,5.200164151
FM2FM,4.489983519
FM2FM,7.343211664
FM2FM,4.292086466
FM2FM,4.219492099
FM2FM,6.896892172
FM2FM,3.470312548
FM2FM,4.555702993
FM2FM,4.69258234
FM2FM,4.544800711
FM2FM,5.036973841
FM2FM,5.097181728
FM2FM,4.318982283
FM2FM,7.943278446
FM2FM,5.494013077
FM2FM,5.495100601
FM2FM,4.691357042
FM2FM,6.214817476
FM2FM,4.111601835
FM2FM,4.22261542
FM2FM,4.84242527
FM2FM,4.477460849
FM2FM,4.168774923
FM2FM,4.68362291
FM2FM,4.645637054
FM2FM,6.196523885
FM2FM,5.095472291
FM2FM,5.058053365
FM2FM,4.924610533
FM2FM,6.016070363
FM2FM,5.424774742
FM2FM,1.928365248
FM2FM,4.596006922
FM2FM,8.609026721
FM2FM,5.33641669
FM2FM,5.355699236
FM2FM,5.27246121
FM2FM,5.132273952
FM2FM,4.084213816
FM2FM,1.837078107
FM2FM,4.601861906
FM2FM,1.471655734
FM2FM,1.556979137
FM2FM,5.778532537
FM2FM,1.401281224
FM2FM,3.901614481
FM2FM,4.733602844
FM2FM,8.263843923
FM2FM,4.419026565
FM2FM,1.627953116
FM2FM,5.299363081
FM2FM,1.435751231
FM2FM,0.698348952
FM2FM,1.858608859
FM2FM,5.140683844
FM2FM,1.67617308
FM2FM,3.937519712
FM2FM,2.676555092
FM2FM,3.184932253
FM2FM,1.654666655
FM2FM,3.268457251
FM2FM,7.315903473
FM2FM,7.308904234
FM2FM,6.30498481
FM2FM,6.213844129
FM2FM,5.903557139
FM2FM,6.161525889
FM2FM,8.090921822
FM2FM,6.631217638
FM2FM,5.945401659
FM2FM,7.732144547
FM2FM,5.891868484
FM2FM,4.302988748
FM2FM,5.579824536
FM2FM,5.311275968
FM2FM,4.975065075
FM2FM,4.814783842
FM2FM,4.158409348
FM2FM,5.001528877
FM2FM,4.336348782
FM2FM,4.467095275
FM2FM,4.028668228
FM2FM,4.235328411
FM2FM,5.310831249
FM2FM,4.54385151
FM2FM,5.255164045
FM2FM,5.212141205
FM2FM,7.642065549
FM2FM,7.304214817
FM2FM,7.26463349
FM2FM,7.901079307
FM2FM,7.560122267
FM2FM,2.745251586
FM2FM,4.73808229
FM2FM,4.304216034
FM2FM,4.618499627
FM2FM,5.067243069
FM2FM,5.025878505
FM2FM,7.909459571
FM2FM,6.223333231
FM2FM,6.402398965
FM2FM,6.221622641
FM2FM,5.484683611
FM2FM,5.242200462
FM2FM,5.182991128
FM2FM,3.963421822
FM2FM,4.650868492
FM2FM,4.025578896
FM2FM,3.988936423
FM2FM,5.627417942
FM2FM,4.488008512
FM2FM,4.423589052
FM2FM,3.824650027
FM2FM,3.915852741
FM2FM,5.63372808
FM2FM,4.492394103
FM2FM,3.902960606
FM2FM,8.647245776
FM2FM,4.945584455
FM2FM,4.62130728
FM2FM,7.260117205
FM2FM,8.673975882
FM2FM,4.653310728
FM2FM,10.22642869
FM2FM,7.15673434
FM2FM,7.632923967
FM2FM,6.864426005
FM2FM,5.959308209
FM2FM,6.270130275
FM2FM,4.984385265
FM2FM,5.910089334
FM2FM,4.32587325
FM2FM,5.074165773
FM2FM,4.367921849
FM2FM,5.785014329
FM2FM,4.987857975
FM2FM,6.292408737
FM2FM,4.690745271
FM2FM,4.603923206
FM2FM,4.923051178
FM2FM,5.517326077
FM2FM,4.989486217
FM2FM,5.646543278
FM2FM,5.097730486
FM2FM,8.2054552
FM2FM,4.846243528
FM2FM,5.958777142
FM2FM,6.452852797
FM2FM,7.164434258
FM2FM,5.758076558
FM2FM,5.313960814
FM2FM,5.506651003
FM2FM,5.801199465
FM2FM,6.564152498
FM2FM,5.694399993
FM2FM,4.035166535
FM2FM,5.331471367
FM2FM,5.459644314
FM2FM,5.125555875
FM2FM,5.37183572
FM2FM,4.545126187
FM2FM,6.177705319
FM2FM,4.494685287
FM2FM,4.168717713
FM2FM,3.819543236
FM2FM,5.174538137
FM2FM,4.755661347
FM2FM,4.299504754
FM2FM,3.750411518
FM2FM,4.624746344
FM2FM,5.924651249
FM2FM,5.891776854
FM2FM,4.012361834
FM2FM,5.648403908
FM2FM,4.27481765
FM2FM,4.256388569
FM2FM,5.842861897
FM2FM,4.515264553
FM2FM,4.437986647
FM2FM,5.246946609
FM2FM,4.681154745
FM2FM,5.426510387
FM2FM,4.219817755
FM2FM,4.689897494
FM2FM,4.550271897
FM2FM,4.650868492
FM2FM,4.865827155
FM2FM,4.572076012
FM2FM,4.582352551
FM2FM,6.746638962
FM2FM,4.416928435
FM2FM,2.831174459
FM2FM,3.638801351
FM2FM,1.768839084
FM2FM,3.837984656
FM2FM,4.431706384
FM2FM,4.336164754
FM2FM,5.49059001
FM2FM,5.861858343
FM2FM,6.105979369
FM2FM,5.900024516
FM2FM,5.963491063
FM2FM,2.584270819
FM2FM,5.131549362
FM2FM,5.518502487
FM2FM,5.012593987
FM2FM,5.628668295
FM2FM,4.79100647
FM2FM,5.100252504
FM2FM,5.231135352
FM2FM,4.793474862
FM2FM,5.572132483
FM2FM,4.652766965
FM2FM,4.705351473
FM2FM,5.782166655
FM2FM,6.429058201
FM2FM,6.085086412
FM2FM,6.243564978
FM2FM,4.348476474
FM2FM,4.405422412
FM2FM,3.46269611
FM2FM,6.21596926
FM2FM,3.610475455
FM2FM,4.556886291
FM2FM,5.800303035
FM2FM,5.152893209
FM2FM,5.474059402
FM2FM,5.35095309
FM2FM,5.698256432
FM2FM,5.275938845
FM2FM,5.402644522
FM2FM,5.110305614
FM2FM,5.444750103
FM2FM,3.299242456
FM2FM,6.018818897
FM2FM,4.499002957
FM2FM,4.183774751
FM2FM,6.527460893
FM2FM,4.201158825
FM2FM,3.355006931
FM2FM,6.231780516
FM2FM,6.224195594
FM2FM,4.548437841
FM2FM,2.95383987
FM2FM,5.292942694
FM2FM,4.737331084
FM2FM,1.360193934
FM2FM,6.913538806
FM2FM,3.824785518
FM2FM,4.229358272
FM2FM,5.584993213
FM2FM,3.968167969
FM2FM,6.051986888
FM2FM,5.95231253
FM2FM,4.985644893
FM2FM,3.755031799
FM2FM,4.019398255
FM2FM,7.920124476
FM2FM,8.247755841
FM2FM,7.836424291
FM2FM,5.956484814
FM2FM,5.674715792
FM2FM,6.188419268
FM2FM,7.323561781
FM2FM,6.424867593
FM2FM,4.385407346
FM2FM,6.014085002
FM2FM,6.140047531
FM2FM,5.058053365
FM2FM,4.944579646
FM2FM,2.647618751
FM2FM,3.738648402
FM2FM,5.335692201
FM2FM,6.091414273
FM2FM,5.742004241
FM2FM,5.585704575
FM2FM,7.765863664
FM2FM,5.142015003
FM2FM,4.770624827
FM2FM,5.703674775
FM2FM,6.017617675
FM2FM,6.405245281
FM2FM,4.981917381
FM2FM,9.584949363
FM2FM,5.722916198
FM2FM,5.407206528
FM2FM,5.870226318
FM2FM,4.684063823
FM2FM,2.706773402
FM2FM,3.488553793
FM2FM,5.961479436
FM2FM,3.02421438
FM2FM,3.806876132
FM2FM,5.493712476
FM2FM,8.832633358
FM2FM,7.057183782
FM2FM,2.125919826
FM2FM,4.787088877
FM2FM,6.435007577
FM2FM,4.386954658
FM2FM,4.317806424
FM2FM,6.915200392
FM2FM,4.464073378
FM2FM,6.705807025
FM2FM,4.397283884
FM2FM,5.319656232
FM2FM,4.383084985
FM2FM,6.403222665
FM2FM,5.659565589
FM2FM,9.055619718
FM2FM,4.239886675
FM2FM,0.854046866
FM2FM,4.356504048
FM2FM,7.471601386
FM2FM,9.588778464
FM2FM,6.419359148
FM2FM,5.197224847
FM2FM,4.32845897
FM2FM,6.759665306
FM2FM,4.724389544
FM2FM,4.220328582
FM2FM,6.968128067
FM2FM,4.504337216
FM2FM,4.241161352
FM2FM,4.319716221
FM2FM,3.467878897
FM2FM,6.003023992
FM2FM,3.790742411
FM2FM,4.474847202
FM2FM,4.521235997
FM2FM,4.309911452
FM2FM,6.119039789
FM2FM,4.244307165
FM2FM,3.575197032
FM2FM,2.800648335
FM2FM,4.579759024
FM2FM,4.56411869
FM2FM,5.913350584
FM2FM,5.990667851
FM2FM,4.573412722
FM2FM,9.483370216
FM2FM,4.959390676
FM2FM,6.116641904
FM2FM,7.639802646
FM2FM,5.671030262
FM2FM,5.616190004
FM2FM,5.398684749
FM2FM,4.672394972
FM2FM,5.478825365
FM2FM,3.794901841
FM2FM,4.061047936
FM2FM,5.877705963
FM2FM,5.230358774
FM2FM,5.334057071
FM2FM,9.735380084
FM2FM,3.961523349
FM2FM,6.018192089
FM2FM,4.458203358
FM2FM,5.431905134
FM2FM,5.803243011
FM2FM,5.166739418
FM2FM,5.461057494
FM2FM,5.468810951
FM2FM,3.691990087
FM2FM,4.885211126
FM2FM,3.787051248
FM2FM,6.274289705
FM2FM,5.676028122
FM2FM,4.092569025
FM2FM,0.789554679
FM2FM,6.207684802
FM2FM,4.378986959
FM2FM,6.739897538
FM2FM,6.619478048
FM2FM,6.126345248
FM2FM,6.620823715
FM2FM,6.924554912
FM2FM,5.74658756
FM2FM,5.124444025
FM2FM,5.485086187
FM2FM,8.683505094
FM2FM,5.044840116
FM2FM,6.058727302
FM2FM,3.284481895
FM2FM,4.932290543
FM2FM,6.914715099
FM2FM,9.724328356
FM2FM,6.082022737
FM2FM,5.102150977
FM2FM,5.58760533
FM2FM,6.325163154
FM2FM,5.588690092
FM2FM,6.392922616
FM2FM,5.852191362
FM2FM,2.072317169
FM2FM,5.584407855
FM2FM,4.222803753
FM2FM,4.780348451
FM2FM,5.144052707
FM2FM,9.523833778
FM2FM,4.317342445
FM2FM,3.916547734
FM2FM,5.878809095
FM2FM,2.165397041
FM2FM,4.532882653
FM2FM,4.94256928
FM2FM,5.536614792
FM2FM,5.513919168
FM2FM,6.567464151
FM2FM,5.019976397
FM2FM,4.934231865
FM2FM,5.338507505
FM2FM,6.561614485
FM2FM,4.762143138
FM2FM,7.864208048
FM2FM,6.467714853
FM2FM,5.610758909
FM2FM,4.896337639
FM2FM,5.833235023
FM2FM,5.313174441
FM2FM,4.099901606
FM2FM,4.323824236
FM2FM,5.356815939
FM2FM,7.933325436
FM2FM,5.3699859
FM2FM,5.006463356
FM2FM,7.266144982
FM2FM,6.229615819
FM2FM,10.99505825
FM2FM,7.592832305
FM2FM,9.147611888
FM2FM,5.470224132
FM2FM,6.019605268
FM2FM,4.507781471
FM2FM,2.150407841
FM2FM,4.764044623
FM2FM,9.011834177
FM2FM,4.561398411
FM2FM,7.201781153
FM2FM,5.028593577
FM2FM,6.786842824
FM2FM,6.814415464
FM2FM,5.711979049
FM2FM,10.40321934
FM2FM,5.830818801
FM2FM,5.329565255
FM2FM,4.25474873
SoftWorx,4.292303147
SoftWorx,4.91135926
SoftWorx,3.954218836
SoftWorx,4.49123586
SoftWorx,4.125927183
SoftWorx,4.49058726
SoftWorx,7.941868278
SoftWorx,5.252284145
SoftWorx,4.450772366
SoftWorx,8.526396242
SoftWorx,7.678229414
SoftWorx,4.485841114
SoftWorx,4.884645722
SoftWorx,4.438483263
SoftWorx,4.291587973
SoftWorx,4.562939002
SoftWorx,4.308962181
SoftWorx,4.080268614
SoftWorx,4.235865118
SoftWorx,4.557601466
SoftWorx,4.995201016
SoftWorx,5.058807583
SoftWorx,4.208426989
SoftWorx,6.128330559
SoftWorx,5.086441145
SoftWorx,4.631423118
SoftWorx,8.899509311
SoftWorx,4.51729272
SoftWorx,4.707868284
SoftWorx,4.821616095
SoftWorx,5.120766274
SoftWorx,8.704110678
SoftWorx,4.205545249
SoftWorx,1.538160571
SoftWorx,4.867126158
SoftWorx,6.362596342
SoftWorx,4.031298391
SoftWorx,3.21910184
SoftWorx,6.359125053
SoftWorx,3.381927676
SoftWorx,3.680638006
SoftWorx,4.208426989
SoftWorx,6.735701858
SoftWorx,2.011984411
SoftWorx,5.200200979
SoftWorx,4.276092327
SoftWorx,2.240713332
SoftWorx,4.292328202
SoftWorx,5.818409316
SoftWorx,4.448001061
SoftWorx,4.596300601
SoftWorx,4.496306755
SoftWorx,3.829854128
SoftWorx,4.147731747
SoftWorx,4.083402388
SoftWorx,4.949809096
SoftWorx,7.0544021
SoftWorx,4.070275977
SoftWorx,4.383508874
SoftWorx,5.146161681
SoftWorx,4.884645722
SoftWorx,6.431762947
SoftWorx,7.642232554
SoftWorx,3.403223882
SoftWorx,2.697284301
SoftWorx,3.37262503
SoftWorx,6.181067516
SoftWorx,3.017358249
SoftWorx,7.876800948
SoftWorx,4.886707022
SoftWorx,4.908888658
SoftWorx,2.871376893
SoftWorx,8.523783874
SoftWorx,5.579109361
SoftWorx,3.15183699
SoftWorx,5.144027652
SoftWorx,4.758681714
SoftWorx,7.895872923
SoftWorx,4.291277506
SoftWorx,7.936010282
SoftWorx,8.208155888
SoftWorx,6.263575756
SoftWorx,4.433827217
SoftWorx,4.422160354
SoftWorx,4.306718236
SoftWorx,4.45739193
SoftWorx,5.539361042
SoftWorx,4.730247541
SoftWorx,3.792886908
SoftWorx,4.581352073
SoftWorx,5.099053567
SoftWorx,5.375378119
SoftWorx,5.196714612
SoftWorx,4.678930167
SoftWorx,5.880707567
SoftWorx,4.718309599
SoftWorx,3.02923434
SoftWorx,4.531050755
SoftWorx,4.584941812
SoftWorx,4.074862308
SoftWorx,4.109492861
SoftWorx,4.895678677
SoftWorx,7.446699482
SoftWorx,4.906152397
SoftWorx,8.319706431
SoftWorx,4.864265733
SoftWorx,3.947936221
SoftWorx,3.994144266
SoftWorx,4.23261851
SoftWorx,3.358391312
SoftWorx,4.635220064
SoftWorx,4.081539348
SoftWorx,6.464771372
SoftWorx,5.151943937
SoftWorx,5.022709896
SoftWorx,4.725064025
SoftWorx,7.125024918
SoftWorx,4.143934802
SoftWorx,3.331022617
SoftWorx,3.953769893
SoftWorx,5.730384042
SoftWorx,3.144407355
SoftWorx,2.96601683
SoftWorx,5.024695207
SoftWorx,4.965413145
SoftWorx,2.003841131
SoftWorx,8.12110658
SoftWorx,7.504709878
SoftWorx,7.366716902
SoftWorx,8.82008234
SoftWorx,7.198497567
SoftWorx,7.515049727
SoftWorx,4.594532338
SoftWorx,4.071087405
SoftWorx,6.19678252
SoftWorx,7.684950224
SoftWorx,4.00849369
SoftWorx,3.539811943
SoftWorx,6.44368616
SoftWorx,7.175230442
SoftWorx,4.357643112
SoftWorx,7.622903864
SoftWorx,5.601353004
SoftWorx,6.904119642
SoftWorx,5.62551947
SoftWorx,5.811286954
SoftWorx,3.992135258
SoftWorx,7.718044309
SoftWorx,4.307494925
SoftWorx,7.134719838
SoftWorx,5.188677578
SoftWorx,5.114027515
SoftWorx,6.146529323
SoftWorx,4.73693485
SoftWorx,7.788631228
SoftWorx,6.57165993
SoftWorx,7.263751323
SoftWorx,8.276804494
SoftWorx,9.117674609
SoftWorx,7.829156127
SoftWorx,5.039557262
SoftWorx,8.063121239
SoftWorx,4.877377557
SoftWorx,7.588734278
SoftWorx,9.23043735
SoftWorx,5.000869433
SoftWorx,3.707290141
SoftWorx,4.978739213
SoftWorx,4.495170579
SoftWorx,2.814902235
SoftWorx,4.938906814
SoftWorx,3.83633592
SoftWorx,2.494478273
SoftWorx,4.171402559
SoftWorx,4.043725266
SoftWorx,4.199260352
SoftWorx,4.827624618
SoftWorx,4.320027291
SoftWorx,4.521684941
SoftWorx,3.800014831
SoftWorx,7.068117653
SoftWorx,4.52443119
SoftWorx,1.27877864
SoftWorx,8.570606021
SoftWorx,4.544662938
SoftWorx,4.811798325
SoftWorx,7.641313579
SoftWorx,3.371327556
SoftWorx,4.991499877
SoftWorx,3.925019378
SoftWorx,3.840478325
SoftWorx,6.721547239
SoftWorx,3.456650959
SoftWorx,3.308709515
SoftWorx,4.952934855
SoftWorx,4.362251485
SoftWorx,4.103030394
SoftWorx,4.2779908
SoftWorx,7.773044203
SoftWorx,1.72832548
SoftWorx,1.310075497
SoftWorx,5.409937742
SoftWorx,2.670831823
SoftWorx,2.300767401
SoftWorx,4.611028543
SoftWorx,0.831492758
SoftWorx,1.455462519
SoftWorx,0.773306781
SoftWorx,5.472970381
SoftWorx,6.859874841
SoftWorx,7.408154008
SoftWorx,6.928163974
SoftWorx,5.655867126
SoftWorx,5.928285367
SoftWorx,5.569998936
SoftWorx,4.959416646
SoftWorx,9.497413172
SoftWorx,7.357034347
SoftWorx,4.301531188
SoftWorx,4.713926187
SoftWorx,3.896459032
SoftWorx,4.415116758
SoftWorx,6.72378513
SoftWorx,6.42708853
SoftWorx,6.392806155
SoftWorx,6.216227894
SoftWorx,5.163958319
SoftWorx,5.431793241
SoftWorx,5.668993537
SoftWorx,6.738544845
SoftWorx,6.986699683
SoftWorx,6.979794003
SoftWorx,3.620243845
SoftWorx,3.62643435
SoftWorx,7.387902428
SoftWorx,6.187229952
SoftWorx,4.852362455
SoftWorx,4.692689495
SoftWorx,5.35236627
SoftWorx,3.323958381
SoftWorx,8.411180237
SoftWorx,7.572792384
SoftWorx,2.939303291
SoftWorx,4.211800046
SoftWorx,3.745130194
SoftWorx,5.277783161
SoftWorx,6.728152018
SoftWorx,8.073000503
SoftWorx,3.116610965
SoftWorx,5.556443963
SoftWorx,4.541978092
SoftWorx,4.05004423
SoftWorx,3.318063306
SoftWorx,4.257456643
SoftWorx,5.841126252
SoftWorx,8.085557524
SoftWorx,8.136819425
SoftWorx,8.591210893
SoftWorx,8.608661989
SoftWorx,5.401796746
SoftWorx,4.507558769
SoftWorx,4.014513786
SoftWorx,6.009554169
SoftWorx,5.934643003
SoftWorx,6.571057347
SoftWorx,6.162359903
SoftWorx,5.929223244
SoftWorx,2.63760209
SoftWorx,5.45257995
SoftWorx,5.968212154
SoftWorx,6.211925489
SoftWorx,2.912797689
SoftWorx,4.184944026
SoftWorx,4.717907753
SoftWorx,3.439010499
SoftWorx,10.65018259
SoftWorx,5.357434881
SoftWorx,8.661862408
SoftWorx,7.38982662
SoftWorx,9.519861693
SoftWorx,3.20284164
SoftWorx,5.388943698
SoftWorx,8.233656153
SoftWorx,9.439102104
SoftWorx,4.749342383
SoftWorx,6.301575374
SoftWorx,4.770200938
SoftWorx,9.326440638
SoftWorx,5.199516031
SoftWorx,7.580759506
SoftWorx,6.018947968
SoftWorx,4.912058796
SoftWorx,7.957065899
SoftWorx,6.594315463
SoftWorx,5.866207031
SoftWorx,7.179328469
SoftWorx,5.463041446
SoftWorx,4.625829195
SoftWorx,3.798628469
SoftWorx,5.610272258
SoftWorx,6.476716341
SoftWorx,5.190230944
SoftWorx,6.235836576
SoftWorx,4.805367469
SoftWorx,4.016812551
SoftWorx,3.445161961
SoftWorx,7.964963947
SoftWorx,5.586306328
SoftWorx,3.787654989
SoftWorx,6.25181287
SoftWorx,3.890712198
SoftWorx,4.99481153
SoftWorx,6.503101692
SoftWorx,1.777169239
SoftWorx,1.200051204
SoftWorx,4.92043906
SoftWorx,5.491839058
SoftWorx,5.533364542
SoftWorx,6.607505703
SoftWorx,1.074236967
SoftWorx,2.861435206
SoftWorx,5.656566661
SoftWorx,1.347854146
SoftWorx,5.79214472
SoftWorx,5.876382883
SoftWorx,5.428480058
SoftWorx,3.94977329
SoftWorx,5.026735195
SoftWorx,4.641053735
SoftWorx,5.841799907
SoftWorx,4.604571807
SoftWorx,5.025260611
SoftWorx,5.423527154
SoftWorx,5.079662602
SoftWorx,3.863212287
SoftWorx,5.286694929
SoftWorx,4.873680678
SoftWorx,6.078700427
SoftWorx,6.912784472
SoftWorx,4.579232283
SoftWorx,6.181670798
SoftWorx,4.660499109
SoftWorx,3.118117705
SoftWorx,1.449525514
SoftWorx,6.26943074
SoftWorx,4.977064972
SoftWorx,4.835086788
SoftWorx,4.238496561
SoftWorx,4.59276229
SoftWorx,6.739270731
SoftWorx,7.368544177
SoftWorx,3.876799415
SoftWorx,5.087727396
SoftWorx,4.921637997
SoftWorx,5.492415755
SoftWorx,6.113109031
SoftWorx,5.277044529
SoftWorx,5.453223926
SoftWorx,6.508178347
SoftWorx,6.214508247
SoftWorx,5.091411523
SoftWorx,7.805779296
SoftWorx,4.98373231
SoftWorx,1.100950506
SoftWorx,5.732932859
SoftWorx,6.385512936
SoftWorx,5.224154158
SoftWorx,3.505657546
SoftWorx,6.278821609
SoftWorx,7.016786279
SoftWorx,8.159997328
SoftWorx,2.976899984
SoftWorx,3.625312456
SoftWorx,4.850664018
SoftWorx,3.814368528
SoftWorx,7.400479166
SoftWorx,4.819367161
SoftWorx,5.922287338
SoftWorx,5.936752469
SoftWorx,4.936438649
SoftWorx,4.665836646
SoftWorx,5.827376296
SoftWorx,5.052398038
SoftWorx,5.549199875
SoftWorx,4.882747249
SoftWorx,5.641623798
SoftWorx,5.01447451
SoftWorx,4.979673448
SoftWorx,6.310655173
SoftWorx,5.4036265
SoftWorx,5.084604076
SoftWorx,4.253314237
SoftWorx,7.03912838
SoftWorx,4.97145808
SoftWorx,5.380287182
SoftWorx,4.35227342
SoftWorx,6.916546517
SoftWorx,6.67779891
SoftWorx,5.643601549
SoftWorx,5.673414027
SoftWorx,5.862958154
SoftWorx,7.693066415
SoftWorx,5.275395792
SoftWorx,5.086502548
SoftWorx,7.440208723
SoftWorx,5.418992486
SoftWorx,5.3699859
SoftWorx,4.739130739
SoftWorx,7.197360662
SoftWorx,8.104671778
SoftWorx,5.687839921
SoftWorx,4.567784396
SoftWorx,4.512113739
SoftWorx,5.666446944
SoftWorx,5.678751564
SoftWorx,9.171640581
SoftWorx,6.056434716
SoftWorx,6.907870823
SoftWorx,9.64316391
SoftWorx,5.190671857
SoftWorx,5.166643165
SoftWorx,6.023286509
SoftWorx,6.277387115
SoftWorx,6.659155169
SoftWorx,7.775580808
SoftWorx,4.841056468
SoftWorx,6.547414556
SoftWorx,5.810728587
SoftWorx,5.06185031
SoftWorx,4.8540484
SoftWorx,5.472256736
SoftWorx,4.98062265
SoftWorx,6.608454904
SoftWorx,6.760578229
SoftWorx,5.726841105
SoftWorx,5.688602219
SoftWorx,5.096368721
SoftWorx,6.365281188
SoftWorx,6.502160535
SoftWorx,7.145474176
SoftWorx,4.740792191
SoftWorx,6.608387883
SoftWorx,7.302082765
SoftWorx,5.091085867
SoftWorx,7.818694745
SoftWorx,6.684571988
SoftWorx,6.608963263
SoftWorx,7.167738046
SoftWorx,4.998608476
SoftWorx,5.779069245
SoftWorx,6.43262105
SoftWorx,5.580334883
SoftWorx,5.59674463
SoftWorx,6.448969014
SoftWorx,6.897029945
SoftWorx,5.815760849
SoftWorx,6.66181496
SoftWorx,7.717654672
SoftWorx,5.19363235
SoftWorx,6.088029892
SoftWorx,6.588967564
SoftWorx,5.080647564
SoftWorx,6.554960805
SoftWorx,7.094486085
SoftWorx,5.625381697
SoftWorx,7.255059989
SoftWorx,5.887223761
SoftWorx,5.47815888
SoftWorx,7.155785068
SoftWorx,7.44083553
SoftWorx,6.347672883
SoftWorx,5.940549415
SoftWorx,6.101642075
SoftWorx,2.983702234
SoftWorx,2.70693623
SoftWorx,6.377157726
SoftWorx,6.699132892
SoftWorx,5.878214322
SoftWorx,5.667120119
SoftWorx,5.467612014
SoftWorx,5.914672359
SoftWorx,6.611775529
SoftWorx,4.86267833
SoftWorx,4.746657537
SoftWorx,7.232592718
SoftWorx,4.987355033
SoftWorx,4.594045686
SoftWorx,8.422620595
SoftWorx,4.638604445
SoftWorx,4.194677033
SoftWorx,8.717963969
SoftWorx,4.342019738
SoftWorx,5.811124127
SoftWorx,4.336588642
SoftWorx,5.697109893
SoftWorx,5.42221404
SoftWorx,4.2720714
SoftWorx,8.877317687
SoftWorx,5.802398402
SoftWorx,7.950549873
SoftWorx,4.17663073
SoftWorx,7.824735636
SoftWorx,7.439242539
SoftWorx,3.716745176
SoftWorx,6.752503239
SoftWorx,2.675864085
SoftWorx,4.368808288
SoftWorx,4.624643008
SoftWorx,6.860629059
SoftWorx,4.229958469
SoftWorx,4.937313513
SoftWorx,4.39062951
SoftWorx,5.167592366
SoftWorx,9.137237345
SoftWorx,7.795174423
SoftWorx,4.976014276
SoftWorx,5.220400572
SoftWorx,5.604277117
SoftWorx,10.08766038
SoftWorx,3.66965431
SoftWorx,9.494855666
SoftWorx,6.400374991
SoftWorx,7.411621766
SoftWorx,4.878188985
SoftWorx,7.700148655
SoftWorx,4.841867896
SoftWorx,5.771594798
SoftWorx,4.730846281
SoftWorx,8.060574166
SoftWorx,4.162894884
SoftWorx,6.306576064
SoftWorx,3.441781804
SoftWorx,7.979507222
SoftWorx,4.087435369
SoftWorx,4.781588512
SoftWorx,4.196575506
SoftWorx,3.9037886
SoftWorx,4.514040561
SoftWorx,8.133409056
SoftWorx,6.419494639
SoftWorx,4.886473443
SoftWorx,4.818442944
SoftWorx,4.389956262
SoftWorx,5.120764635
SoftWorx,3.962302622
SoftWorx,3.681587207
SoftWorx,4.219654927
SoftWorx,3.733624171
SoftWorx,5.285373858
SoftWorx,3.670547152
SoftWorx,6.443523332
SoftWorx,4.831381472
SoftWorx,4.006538008
SoftWorx,0.880760405
SoftWorx,6.298890528
SoftWorx,4.713324434
SoftWorx,7.761131316
SoftWorx,7.741747346
SoftWorx,6.633228004
SoftWorx,7.403800808
SoftWorx,7.96995983
SoftWorx,8.491812786
SoftWorx,3.0810886
SoftWorx,3.273524332
SoftWorx,6.96794252
SoftWorx,6.704780657
SoftWorx,5.478809726
SoftWorx,9.516394566
SoftWorx,6.790962163
SoftWorx,5.901035121
SoftWorx,7.598527723
SoftWorx,4.930875833
SoftWorx,5.303037219
SoftWorx,5.803938993
SoftWorx,6.176953348
SoftWorx,5.175237672
SoftWorx,3.896513715
SoftWorx,5.260501581
SoftWorx,7.645958301
SoftWorx,10.12874466
SoftWorx,3.637790747
SoftWorx,5.904256674
SoftWorx,3.957694249
SoftWorx,7.580379069
SoftWorx,3.897820797
SoftWorx,1.09174752
SoftWorx,1.921802042
SoftWorx,1.084702609
SoftWorx,0.80002032
SoftWorx,5.973358814
SoftWorx,2.468437659
SoftWorx,1.181091122
SoftWorx,2.190236434
SoftWorx,7.344565594
SoftWorx,3.743621544
SoftWorx,7.759131349
SoftWorx,2.236933411
SoftWorx,2.103661148
SoftWorx,8.523870962
SoftWorx,4.746201244
SoftWorx,8.986186401
SoftWorx,6.321020748
SoftWorx,6.035066794
SoftWorx,7.956069016
SoftWorx,6.075530289
SoftWorx,5.217599639
SoftWorx,5.855988308
SoftWorx,6.30301361
SoftWorx,6.230140678
SoftWorx,5.301185114
SoftWorx,1.793571885
SoftWorx,5.726841105
SoftWorx,5.146574245
SoftWorx,4.440291983
SoftWorx,4.360151367
SoftWorx,4.292086466
SoftWorx,3.540684774
SoftWorx,4.464497267
SoftWorx,4.69258234
SoftWorx,4.564896967
SoftWorx,8.733770723
SoftWorx,5.097181728
SoftWorx,4.337436419
SoftWorx,7.943278446
SoftWorx,5.494013077
SoftWorx,5.495100601
SoftWorx,4.691357042
SoftWorx,6.240915565
SoftWorx,4.18093957
SoftWorx,4.254448985
SoftWorx,4.84242527
SoftWorx,4.455330629
SoftWorx,4.168774923
SoftWorx,4.567630466
SoftWorx,4.832493322
SoftWorx,6.061153525
SoftWorx,5.129838772
SoftWorx,5.009209606
SoftWorx,4.995296822
SoftWorx,6.071370859
SoftWorx,5.531466069
SoftWorx,3.394057245
SoftWorx,4.596006922
SoftWorx,8.674061411
SoftWorx,5.299750621
SoftWorx,5.450053788
SoftWorx,5.234682561
SoftWorx,5.132273952
SoftWorx,4.150579421
SoftWorx,1.681380194
SoftWorx,4.659124591
SoftWorx,1.498369272
SoftWorx,8.895639637
SoftWorx,5.753093676
SoftWorx,1.27187296
SoftWorx,1.5187766
SoftWorx,4.627727668
SoftWorx,8.31268467
SoftWorx,4.28588276
SoftWorx,1.509434382
SoftWorx,4.081503915
SoftWorx,1.476838521
SoftWorx,0.842557868
SoftWorx,1.672731554
SoftWorx,5.545216025
SoftWorx,7.201458689
SoftWorx,6.30498481
SoftWorx,6.213844129
SoftWorx,6.304124729
SoftWorx,6.204587392
SoftWorx,8.090921822
SoftWorx,6.631217638
SoftWorx,5.970023539
SoftWorx,7.760894331
SoftWorx,5.891868484
SoftWorx,4.302988748
SoftWorx,5.579824536
SoftWorx,5.424611915
SoftWorx,5.001778614
SoftWorx,4.943768217
SoftWorx,4.168222117
SoftWorx,5.097214968
SoftWorx,4.302505444
SoftWorx,4.467095275
SoftWorx,3.958393784
SoftWorx,4.18835807
SoftWorx,5.316613505
SoftWorx,4.474776003
SoftWorx,6.251119213
SoftWorx,5.008199001
SoftWorx,7.504821771
SoftWorx,7.315117099
SoftWorx,7.335287443
SoftWorx,7.809710752
SoftWorx,3.67070739
SoftWorx,3.732166611
SoftWorx,4.307690516
SoftWorx,4.577148264
SoftWorx,5.067243069
SoftWorx,5.025878505
SoftWorx,7.94723822
SoftWorx,6.223333231
SoftWorx,6.398826251
SoftWorx,6.215742602
SoftWorx,5.538110689
SoftWorx,5.215486923
SoftWorx,5.273597386
SoftWorx,3.909994745
SoftWorx,4.624154954
SoftWorx,8.30368086
SoftWorx,4.040321543
SoftWorx,5.794018138
SoftWorx,4.07166904
SoftWorx,4.651980342
SoftWorx,3.931434727
SoftWorx,5.621492782
SoftWorx,4.582441587
SoftWorx,4.031782153
SoftWorx,8.518270822
SoftWorx,5.030756122
SoftWorx,8.225682001
SoftWorx,7.328182106
SoftWorx,4.908837242
SoftWorx,4.870047989
SoftWorx,10.90834632
SoftWorx,7.092242152
SoftWorx,7.548945992
SoftWorx,1.917218724
SoftWorx,5.941650823
SoftWorx,6.275197356
SoftWorx,5.0594015
SoftWorx,5.663834826
SoftWorx,4.523558359
SoftWorx,5.006361932
SoftWorx,4.367921849
SoftWorx,5.712768685
SoftWorx,5.775512884
SoftWorx,6.227916549
SoftWorx,4.796751649
SoftWorx,4.596006922
SoftWorx,5.086502548
SoftWorx,5.662348917
SoftWorx,4.979673448
SoftWorx,5.646543278
SoftWorx,4.908837242
SoftWorx,5.421303274
SoftWorx,4.797399769
SoftWorx,5.999295041
SoftWorx,6.458190334
SoftWorx,6.585099494
SoftWorx,5.663298118
SoftWorx,9.692100768
SoftWorx,5.558204663
SoftWorx,5.838978114
SoftWorx,6.564152498
SoftWorx,5.694399993
SoftWorx,3.900899306
SoftWorx,5.293692718
SoftWorx,5.364865874
SoftWorx,4.90937395
SoftWorx,5.488480307
SoftWorx,4.533112055
SoftWorx,6.209521871
SoftWorx,4.483457349
SoftWorx,4.414019358
SoftWorx,3.915440427
SoftWorx,5.246925296
SoftWorx,4.701634801
SoftWorx,4.235012567
SoftWorx,3.795943624
SoftWorx,4.746519764
SoftWorx,5.924651249
SoftWorx,5.891776854
SoftWorx,4.012361834
SoftWorx,3.028090085
SoftWorx,4.331980269
SoftWorx,4.366554377
SoftWorx,5.778369709
SoftWorx,4.413544042
SoftWorx,4.3678855
SoftWorx,5.197869271
SoftWorx,1.332205717
SoftWorx,5.395472529
SoftWorx,6.468338398
SoftWorx,4.747769387
SoftWorx,4.833279945
SoftWorx,4.887957375
SoftWorx,4.534297363
SoftWorx,4.482798386
SoftWorx,6.746638962
SoftWorx,3.024813849
SoftWorx,3.716905722
SoftWorx,1.754027139
SoftWorx,4.188871179
SoftWorx,4.645498551
SoftWorx,4.383733105
SoftWorx,5.537462569
SoftWorx,5.864391884
SoftWorx,6.26943074
SoftWorx,5.794180966
SoftWorx,4.375352841
SoftWorx,3.372089853
SoftWorx,4.940784982
SoftWorx,5.795855207
SoftWorx,4.746170887
SoftWorx,5.100252504
SoftWorx,5.332838008
SoftWorx,4.883414629
SoftWorx,5.636624671
SoftWorx,5.305491392
SoftWorx,5.404578428
SoftWorx,5.735739367
SoftWorx,6.42399112
SoftWorx,6.103540548
SoftWorx,6.243564978
SoftWorx,4.364124903
SoftWorx,4.171086815
SoftWorx,3.515699299
SoftWorx,6.131684289
SoftWorx,3.655137741
SoftWorx,4.454778282
SoftWorx,5.915073476
SoftWorx,5.365753742
SoftWorx,5.517620307
SoftWorx,5.148827888
SoftWorx,5.53411876
SoftWorx,5.471584539
SoftWorx,5.416126103
SoftWorx,5.093549744
SoftWorx,5.610921737
SoftWorx,3.390448182
SoftWorx,5.933297603
SoftWorx,4.523619762
SoftWorx,4.246832446
SoftWorx,6.579520499
SoftWorx,4.190256543
SoftWorx,3.347111959
SoftWorx,6.300789001
SoftWorx,6.373600049
SoftWorx,4.462343422
SoftWorx,2.894467709
SoftWorx,4.660661937
SoftWorx,9.409540412
SoftWorx,0.918539054
SoftWorx,3.8318238
SoftWorx,4.266013497
SoftWorx,5.542685929
SoftWorx,4.407113678
SoftWorx,6.029008891
SoftWorx,9.432990772
SoftWorx,4.816656345
SoftWorx,3.664401216
SoftWorx,4.395516543
SoftWorx,4.602024734
SoftWorx,8.255532365
SoftWorx,7.904228132
SoftWorx,5.895088507
SoftWorx,5.782756134
SoftWorx,6.057544463
SoftWorx,7.611790511
SoftWorx,6.435357345
SoftWorx,4.392736915
SoftWorx,6.116972233
SoftWorx,6.158866098
SoftWorx,5.058053365
SoftWorx,4.901083786
SoftWorx,4.067662329
SoftWorx,5.6742004
SoftWorx,5.488716593
SoftWorx,6.580475407
SoftWorx,7.765863664
SoftWorx,5.059303718
SoftWorx,4.906339301
SoftWorx,5.661817922
SoftWorx,6.079026083
SoftWorx,6.351818203
SoftWorx,4.981917381
SoftWorx,9.547116032
SoftWorx,5.882539018
SoftWorx,9.461972205
SoftWorx,6.093301172
SoftWorx,5.961479436
SoftWorx,2.850558429
SoftWorx,3.736774984
SoftWorx,8.818256595
SoftWorx,6.611271025
SoftWorx,4.948351536
SoftWorx,6.537438959
SoftWorx,4.411696997
SoftWorx,4.523619762
SoftWorx,6.888486853
SoftWorx,4.464073378
SoftWorx,6.705807025
SoftWorx,4.350313543
SoftWorx,5.316648922
SoftWorx,4.383084985
SoftWorx,6.39530638
SoftWorx,9.085482082
SoftWorx,4.174516484
SoftWorx,4.381344169
SoftWorx,7.430696979
SoftWorx,9.634496464
SoftWorx,6.425745133
SoftWorx,5.173936384
SoftWorx,4.323338944
SoftWorx,6.759665306
SoftWorx,4.773233303
SoftWorx,4.249078367
SoftWorx,6.973195148
SoftWorx,4.469707393
SoftWorx,4.270335755
SoftWorx,4.369292051
SoftWorx,7.76561314
SoftWorx,6.081249782
SoftWorx,3.8229121
SoftWorx,4.521235997
SoftWorx,4.541732068
SoftWorx,6.098206289
SoftWorx,4.378458688
SoftWorx,3.746706202
SoftWorx,3.099007852
SoftWorx,6.660054932
SoftWorx,4.56411869
SoftWorx,5.951553121
SoftWorx,6.141497061
SoftWorx,4.463388429
SoftWorx,9.845101177
SoftWorx,5.136295508
SoftWorx,6.116641904
SoftWorx,7.64771893
SoftWorx,5.678231372
SoftWorx,5.631838433
SoftWorx,5.439775051
SoftWorx,4.692443837
SoftWorx,5.478825365
SoftWorx,3.794901841
SoftWorx,4.037646051
SoftWorx,5.90977787
SoftWorx,5.39410143
SoftWorx,5.157061993
SoftWorx,5.332073119
SoftWorx,3.961523349
SoftWorx,5.983725094
SoftWorx,4.393711171
SoftWorx,5.338554911
SoftWorx,5.788862689
SoftWorx,5.161672337
SoftWorx,5.419706132
SoftWorx,5.41181116
SoftWorx,3.697772343
SoftWorx,4.881475584
SoftWorx,6.667512196
SoftWorx,6.183083979
SoftWorx,5.758974445
SoftWorx,6.228616084
SoftWorx,6.831103264
SoftWorx,6.456026677
SoftWorx,6.233798872
SoftWorx,6.653319509
SoftWorx,6.988884271
SoftWorx,5.6822582
SoftWorx,5.135346307
SoftWorx,5.188773385
SoftWorx,4.932865935
SoftWorx,5.142013993
SoftWorx,6.081410328
SoftWorx,3.098161604
SoftWorx,4.973380845
SoftWorx,6.941591466
SoftWorx,9.918938335
SoftWorx,10.28083152
SoftWorx,6.082022737
SoftWorx,5.102150977
SoftWorx,5.636286261
SoftWorx,6.287384505
SoftWorx,5.588690092
SoftWorx,3.095139708
SoftWorx,5.836380106
SoftWorx,5.493202129
SoftWorx,4.249517292
SoftWorx,4.866216641
SoftWorx,5.144052707
SoftWorx,5.298475213
SoftWorx,4.002686379
SoftWorx,5.222917916
SoftWorx,4.624966382
SoftWorx,5.007061467
SoftWorx,2.215676023
SoftWorx,5.662287514
SoftWorx,6.596213935
SoftWorx,5.293330233
SoftWorx,4.956741595
SoftWorx,5.4544372
SoftWorx,5.424350854
SoftWorx,7.967058027
SoftWorx,6.328256758
SoftWorx,5.610758909
SoftWorx,4.896337639
SoftWorx,5.833235023
SoftWorx,5.430245929
SoftWorx,5.775948691
SoftWorx,4.388316424
SoftWorx,5.31737025
SoftWorx,7.911195216
SoftWorx,5.3699859
SoftWorx,5.006463356
SoftWorx,4.10536978
SoftWorx,6.427838338
SoftWorx,11.05091009
SoftWorx,7.836424291
SoftWorx,9.147611888
SoftWorx,5.472195332
SoftWorx,3.63922524
SoftWorx,4.430054596
SoftWorx,4.764044623
SoftWorx,4.969900658
SoftWorx,4.726793963
SoftWorx,4.096565627
SoftWorx,3.104862395
SoftWorx,4.985045423
SoftWorx,6.786842824
SoftWorx,6.814415464
SoftWorx,5.810231971
SoftWorx,10.18675598
SoftWorx,5.812264575
SoftWorx,5.276808973