Method,solidity
FM2FM,0.940915805
FM2FM,0.91125
FM2FM,0.921052632
FM2FM,0.927927928
FM2FM,0.913375796
FM2FM,0.912138728
FM2FM,0.875471698
FM2FM,0.899624765
FM2FM,0.918552036
FM2FM,0.911816578
FM2FM,0.630136986
FM2FM,0.809971778
FM2FM,0.675255779
FM2FM,0.928342246
FM2FM,0.945652174
FM2FM,0.941527446
FM2FM,0.932061979
FM2FM,0.811843362
FM2FM,0.947795824
FM2FM,0.895833333
FM2FM,0.891129032
FM2FM,0.922029703
FM2FM,0.815706806
FM2FM,0.895947426
FM2FM,0.898390342
FM2FM,0.881959911
FM2FM,0.942192192
FM2FM,0.940896092
FM2FM,0.900763359
FM2FM,0.895257947
FM2FM,0.922497309
FM2FM,0.908203125
FM2FM,0.939516129
FM2FM,0.942324756
FM2FM,0.927072927
FM2FM,0.929372197
FM2FM,0.884615385
FM2FM,0.945945946
FM2FM,0.936633663
FM2FM,0.898419865
FM2FM,0.931125828
FM2FM,0.939935065
FM2FM,0.909836066
FM2FM,0.949704142
FM2FM,0.937416778
FM2FM,0.921904762
FM2FM,0.798177996
FM2FM,0.904466501
FM2FM,0.68358209
FM2FM,0.893764434
FM2FM,0.791817088
FM2FM,0.901464714
FM2FM,0.752593775
FM2FM,0.839240506
FM2FM,0.856687898
FM2FM,0.884615385
FM2FM,0.87593985
FM2FM,0.840909091
FM2FM,0.705882353
FM2FM,0.8488228
FM2FM,0.908029197
FM2FM,0.974683544
FM2FM,0.912436548
FM2FM,0.9375
FM2FM,0.918055556
FM2FM,0.88313413
FM2FM,0.87776607
FM2FM,0.784271284
FM2FM,0.884362681
FM2FM,0.876276958
FM2FM,0.906399236
FM2FM,0.930359086
FM2FM,0.928802589
FM2FM,0.88973384
FM2FM,0.944715447
FM2FM,0.955390335
FM2FM,0.95132128
FM2FM,0.90617849
FM2FM,0.947692308
FM2FM,0.907836991
FM2FM,0.916395223
FM2FM,0.868882733
FM2FM,0.941064639
FM2FM,0.780645161
FM2FM,0.873867069
FM2FM,0.951526032
FM2FM,0.920473773
FM2FM,0.912380952
FM2FM,0.849868766
FM2FM,0.949432405
FM2FM,0.759250799
FM2FM,0.901315789
FM2FM,0.861302682
FM2FM,0.908548708
FM2FM,0.923153693
FM2FM,0.943796394
FM2FM,0.934782609
FM2FM,0.903501281
FM2FM,0.932459677
FM2FM,0.904648391
FM2FM,0.94184839
FM2FM,0.933027523
FM2FM,0.926851852
FM2FM,0.920774648
FM2FM,0.929423459
FM2FM,0.89732528
FM2FM,0.941780822
FM2FM,0.942857143
FM2FM,0.90357599
FM2FM,0.914027149
FM2FM,0.910772579
FM2FM,0.907096774
FM2FM,0.936788875
FM2FM,0.963227783
FM2FM,0.826599327
FM2FM,0.952723535
FM2FM,0.815548044
FM2FM,0.882352941
FM2FM,0.921501706
FM2FM,0.927607362
FM2FM,0.930864198
FM2FM,0.935912938
FM2FM,0.941428571
FM2FM,0.926060606
FM2FM,0.938300349
FM2FM,0.938718663
FM2FM,0.95114656
FM2FM,0.94770206
FM2FM,0.907037359
FM2FM,0.903036239
FM2FM,0.923753666
FM2FM,0.926174497
FM2FM,0.944805195
FM2FM,0.948621554
FM2FM,0.909404659
FM2FM,0.938517179
FM2FM,0.931589537
FM2FM,0.909260992
FM2FM,0.932857143
FM2FM,0.933333333
FM2FM,0.908333333
FM2FM,0.894984326
FM2FM,0.917993631
FM2FM,0.79748062
FM2FM,0.800410467
FM2FM,0.914321451
FM2FM,0.88845727
FM2FM,0.913686806
FM2FM,0.933673469
FM2FM,0.916870416
FM2FM,0.896510229
FM2FM,0.913188648
FM2FM,0.798082046
FM2FM,0.940949936
FM2FM,0.901856764
FM2FM,0.91226645
FM2FM,0.700097847
FM2FM,0.894795127
FM2FM,0.897106109
FM2FM,0.924783028
FM2FM,0.721018418
FM2FM,0.919759278
FM2FM,0.839795172
FM2FM,0.6446437
FM2FM,0.651578073
FM2FM,0.886517944
FM2FM,0.735449735
FM2FM,0.888153054
FM2FM,0.783223374
FM2FM,0.638548057
FM2FM,0.791240046
FM2FM,0.92081448
FM2FM,0.763100437
FM2FM,0.743326489
FM2FM,0.715995647
FM2FM,0.644032922
FM2FM,0.849637681
FM2FM,0.874233129
FM2FM,0.727536232
FM2FM,0.91813602
FM2FM,0.821316614
FM2FM,0.796033994
FM2FM,0.870588235
FM2FM,0.934065934
FM2FM,0.936245573
FM2FM,0.916461916
FM2FM,0.855878635
FM2FM,0.913734393
FM2FM,0.928398058
FM2FM,0.92414665
FM2FM,0.920103093
FM2FM,0.886157827
FM2FM,0.687817259
FM2FM,0.909411765
FM2FM,0.840497738
FM2FM,0.949608063
FM2FM,0.897590361
FM2FM,0.753464203
FM2FM,0.766595289
FM2FM,0.944827586
FM2FM,0.694055944
FM2FM,0.914460285
FM2FM,0.919137466
FM2FM,0.80431433
FM2FM,0.744635193
FM2FM,0.929429429
FM2FM,0.904682274
FM2FM,0.929040736
FM2FM,0.904632153
FM2FM,0.792270531
FM2FM,0.882477129
FM2FM,0.867028494
FM2FM,0.881290323
FM2FM,0.940054496
FM2FM,0.757142857
FM2FM,0.840346535
FM2FM,0.8224
FM2FM,0.934322034
FM2FM,0.956331878
FM2FM,0.946808511
FM2FM,0.948275862
FM2FM,0.647707487
FM2FM,0.76056338
FM2FM,0.676989042
FM2FM,0.810024752
FM2FM,0.872461413
FM2FM,0.922487223
FM2FM,0.854486661
FM2FM,0.933523267
FM2FM,0.796244507
FM2FM,0.916897507
FM2FM,0.925518926
FM2FM,0.928988327
FM2FM,0.928756477
FM2FM,0.929724596
FM2FM,0.896983076
FM2FM,0.939597315
FM2FM,0.907715582
FM2FM,0.902188782
FM2FM,0.922810061
FM2FM,0.948511665
FM2FM,0.900455927
FM2FM,0.925593329
FM2FM,0.847813062
FM2FM,0.954015544
FM2FM,0.874496258
FM2FM,0.904761905
FM2FM,0.951635846
FM2FM,0.950328022
FM2FM,0.919617225
FM2FM,0.937998229
FM2FM,0.936324168
FM2FM,0.9210823
FM2FM,0.892530897
FM2FM,0.899458158
FM2FM,0.905335628
FM2FM,0.917345751
FM2FM,0.944591029
FM2FM,0.938534279
FM2FM,0.943569554
FM2FM,0.928229665
FM2FM,0.933227345
FM2FM,0.929601357
FM2FM,0.935881628
FM2FM,0.919896641
FM2FM,0.940633245
FM2FM,0.928097345
FM2FM,0.926767677
FM2FM,0.865616798
FM2FM,0.928
FM2FM,0.929384966
FM2FM,0.917059378
FM2FM,0.949888641
FM2FM,0.879115226
FM2FM,0.926470588
FM2FM,0.973471742
FM2FM,0.945812808
FM2FM,0.888888889
FM2FM,0.910828025
FM2FM,0.868167203
FM2FM,0.907325684
FM2FM,0.897880539
FM2FM,0.945525292
FM2FM,0.857028112
FM2FM,0.932780083
FM2FM,0.882889734
FM2FM,0.906497623
FM2FM,0.929032258
FM2FM,0.877659574
FM2FM,0.927937916
FM2FM,0.950207469
FM2FM,0.918070444
FM2FM,0.934065934
FM2FM,0.86993725
FM2FM,0.888341544
FM2FM,0.794459834
FM2FM,0.875820293
FM2FM,0.79439941
FM2FM,0.965665236
FM2FM,0.696816208
FM2FM,0.693133047
FM2FM,0.669435216
FM2FM,0.863137816
FM2FM,0.919220056
FM2FM,0.921641791
FM2FM,0.895454545
FM2FM,0.838990826
FM2FM,0.919529837
FM2FM,0.803118908
FM2FM,0.882556131
FM2FM,0.854597003
FM2FM,0.901544402
FM2FM,0.830550918
FM2FM,0.933568905
FM2FM,0.694148936
FM2FM,0.878443114
FM2FM,0.923941227
FM2FM,0.939037433
FM2FM,0.93258427
FM2FM,0.813411079
FM2FM,0.885780886
FM2FM,0.804738562
FM2FM,0.829234013
FM2FM,0.936279548
FM2FM,0.934256055
FM2FM,0.949928469
FM2FM,0.833670374
FM2FM,0.89072327
FM2FM,0.945981555
FM2FM,0.924261874
FM2FM,0.893687708
FM2FM,0.78429934
FM2FM,0.71136131
FM2FM,0.733014354
FM2FM,0.916067146
FM2FM,0.942857143
FM2FM,0.927325581
FM2FM,0.897386254
FM2FM,0.905982906
FM2FM,0.908585056
FM2FM,0.94214876
FM2FM,0.942508711
FM2FM,0.910121457
FM2FM,0.781725888
FM2FM,0.867647059
FM2FM,0.879518072
FM2FM,0.773371105
FM2FM,0.847586791
FM2FM,0.811272417
FM2FM,0.930446194
FM2FM,0.798101812
FM2FM,0.807314897
FM2FM,0.798878205
FM2FM,0.940571429
FM2FM,0.895635674
FM2FM,0.860635697
FM2FM,0.930521092
FM2FM,0.942196532
FM2FM,0.790144435
FM2FM,0.846984698
FM2FM,0.882113821
FM2FM,0.927392739
FM2FM,0.917655269
FM2FM,0.921568627
FM2FM,0.810661765
FM2FM,0.824626866
FM2FM,0.946428571
FM2FM,0.939690302
FM2FM,0.915878023
FM2FM,0.896245059
FM2FM,0.921156373
FM2FM,0.74925816
FM2FM,0.935409458
FM2FM,0.900447427
FM2FM,0.805392732
FM2FM,0.715846995
FM2FM,0.886587771
FM2FM,0.927710843
FM2FM,0.919191919
FM2FM,0.913644214
FM2FM,0.823389021
FM2FM,0.669965076
FM2FM,0.918446602
FM2FM,0.893739703
FM2FM,0.651593011
FM2FM,0.878524946
FM2FM,0.925816024
FM2FM,0.932277924
FM2FM,0.737111008
FM2FM,0.905940594
FM2FM,0.922628952
FM2FM,0.914877301
FM2FM,0.906327034
FM2FM,0.849773243
FM2FM,0.753140097
FM2FM,0.891621829
FM2FM,0.879107254
FM2FM,0.77221404
FM2FM,0.929856115
FM2FM,0.940954774
FM2FM,0.936386768
FM2FM,0.931572629
FM2FM,0.928774929
FM2FM,0.900672143
FM2FM,0.938325991
FM2FM,0.878504673
FM2FM,0.908433735
FM2FM,0.908587258
FM2FM,0.886666667
FM2FM,0.774471417
FM2FM,0.913369714
FM2FM,0.858125537
FM2FM,0.803809524
FM2FM,0.762289981
FM2FM,0.934911243
FM2FM,0.871652816
FM2FM,0.893965517
FM2FM,0.949229374
FM2FM,0.930890924
FM2FM,0.93011811
FM2FM,0.907569721
FM2FM,0.848760331
FM2FM,0.941666667
FM2FM,0.89976322
FM2FM,0.798043326
FM2FM,0.930936613
FM2FM,0.939814815
FM2FM,0.843397478
FM2FM,0.927721866
FM2FM,0.889393939
FM2FM,0.906284454
FM2FM,0.90019698
FM2FM,0.852387844
FM2FM,0.899454404
FM2FM,0.89790795
FM2FM,0.814643799
FM2FM,0.749868628
FM2FM,0.915157293
FM2FM,0.934701493
FM2FM,0.845538462
FM2FM,0.868480726
FM2FM,0.901821061
FM2FM,0.916580844
FM2FM,0.863354037
FM2FM,0.767813863
FM2FM,0.91918429
FM2FM,0.910994764
FM2FM,0.938061938
FM2FM,0.942880129
FM2FM,0.926116838
FM2FM,0.838150289
FM2FM,0.726912181
FM2FM,0.726978998
FM2FM,0.838826367
FM2FM,0.926765475
FM2FM,0.787732042
FM2FM,0.743746187
FM2FM,0.898318043
FM2FM,0.801663468
FM2FM,0.650285213
FM2FM,0.861611374
FM2FM,0.785858586
FM2FM,0.901453958
FM2FM,0.936888889
FM2FM,0.932573599
FM2FM,0.792438272
FM2FM,0.915084915
FM2FM,0.928517682
FM2FM,0.754396249
FM2FM,0.895127993
FM2FM,0.934707904
FM2FM,0.921859545
FM2FM,0.747474747
FM2FM,0.921568627
FM2FM,0.677324152
FM2FM,0.925224327
FM2FM,0.727272727
FM2FM,0.79628483
FM2FM,0.926605505
FM2FM,0.794117647
FM2FM,0.879099678
FM2FM,0.678414097
FM2FM,0.903581267
FM2FM,0.917274939
FM2FM,0.909162717
FM2FM,0.907577019
FM2FM,0.861754967
FM2FM,0.879120879
FM2FM,0.679956308
FM2FM,0.793774319
FM2FM,0.69040404
FM2FM,0.70597166
FM2FM,0.904962153
FM2FM,0.753542822
FM2FM,0.817513369
FM2FM,0.915540541
FM2FM,0.820253165
FM2FM,0.920373027
FM2FM,0.744877726
FM2FM,0.912847483
FM2FM,0.63968016
FM2FM,0.943063352
FM2FM,0.881761978
FM2FM,0.926923077
FM2FM,0.866909091
FM2FM,0.898274836
FM2FM,0.723360656
FM2FM,0.92147806
FM2FM,0.72382199
FM2FM,0.925956062
FM2FM,0.744732577
FM2FM,0.943708609
FM2FM,0.924302789
FM2FM,0.864705882
FM2FM,0.889358108
FM2FM,0.901090909
FM2FM,0.903636364
FM2FM,0.940693431
FM2FM,0.770967742
FM2FM,0.834258525
FM2FM,0.641752577
FM2FM,0.943193998
FM2FM,0.918918919
FM2FM,0.799119428
FM2FM,0.923379175
FM2FM,0.94057377
FM2FM,0.927272727
FM2FM,0.94047619
FM2FM,0.651361868
FM2FM,0.926052332
FM2FM,0.883404255
FM2FM,0.903301887
FM2FM,0.900744417
FM2FM,0.897526502
FM2FM,0.921855922
FM2FM,0.740191805
FM2FM,0.914746544
FM2FM,0.891779396
FM2FM,0.911627907
FM2FM,0.867178276
FM2FM,0.890588235
FM2FM,0.948717949
FM2FM,0.914617486
FM2FM,0.943137255
FM2FM,0.942857143
FM2FM,0.922171946
FM2FM,0.938053097
FM2FM,0.940298507
FM2FM,0.940691928
FM2FM,0.879893238
FM2FM,0.926829268
FM2FM,0.924831081
FM2FM,0.676644182
FM2FM,0.679116255
FM2FM,0.891915641
FM2FM,0.833901193
FM2FM,0.657462196
FM2FM,0.940337224
FM2FM,0.759835316
FM2FM,0.939849624
FM2FM,0.907317073
FM2FM,0.852468769
FM2FM,0.859318637
FM2FM,0.914036997
FM2FM,0.918875502
FM2FM,0.908350305
FM2FM,0.765136394
FM2FM,0.937203791
FM2FM,0.819230769
FM2FM,0.91986456
FM2FM,0.932650073
FM2FM,0.930194805
FM2FM,0.922711058
FM2FM,0.910539216
FM2FM,0.891734575
FM2FM,0.980595084
FM2FM,0.907068063
FM2FM,0.82083739
FM2FM,0.886945659
FM2FM,0.930538922
FM2FM,0.821714286
FM2FM,0.903805497
FM2FM,0.917004049
FM2FM,0.919793014
FM2FM,0.930120482
FM2FM,0.886506936
FM2FM,0.903629537
FM2FM,0.930751174
FM2FM,0.924623116
FM2FM,0.930136986
FM2FM,0.860314524
FM2FM,0.79024839
FM2FM,0.933246073
FM2FM,0.861111111
FM2FM,0.771224307
FM2FM,0.901452282
FM2FM,0.932934132
FM2FM,0.804461942
FM2FM,0.670357751
FM2FM,0.818813131
FM2FM,0.672971324
FM2FM,0.814649682
FM2FM,0.918795023
FM2FM,0.780732564
FM2FM,0.93814433
FM2FM,0.943037975
FM2FM,0.913994169
FM2FM,0.88006617
FM2FM,0.862515413
FM2FM,0.682650862
FM2FM,0.908462867
FM2FM,0.919610231
FM2FM,0.871794872
FM2FM,0.863979849
FM2FM,0.915973378
FM2FM,0.855875831
FM2FM,0.856900931
FM2FM,0.93832021
FM2FM,0.93258427
FM2FM,0.838880085
FM2FM,0.831493318
FM2FM,0.942281879
FM2FM,0.806451613
FM2FM,0.908291457
FM2FM,0.901112485
FM2FM,0.97005988
FM2FM,0.929530201
FM2FM,0.947368421
FM2FM,0.693548387
FM2FM,0.798327138
FM2FM,0.955263158
FM2FM,0.968944099
FM2FM,0.922865014
FM2FM,0.690610329
FM2FM,0.934278351
FM2FM,0.892026578
FM2FM,0.944933921
FM2FM,0.951388889
FM2FM,0.680927629
FM2FM,0.92849632
FM2FM,0.734570391
FM2FM,0.75501771
FM2FM,0.689228958
FM2FM,0.817073171
FM2FM,0.667846608
FM2FM,0.914912281
FM2FM,0.840342124
FM2FM,0.720404521
FM2FM,0.866929134
FM2FM,0.82172471
FM2FM,0.848404255
FM2FM,0.975206612
FM2FM,0.930427494
FM2FM,0.938852305
FM2FM,0.929455446
FM2FM,0.862006079
FM2FM,0.931924883
FM2FM,0.942111237
FM2FM,0.911363636
FM2FM,0.948648649
FM2FM,0.908241291
FM2FM,0.96460177
FM2FM,0.960707269
FM2FM,0.893636364
FM2FM,0.956637168
FM2FM,0.939759036
FM2FM,0.930898876
FM2FM,0.916747338
FM2FM,0.922953451
FM2FM,0.938413361
FM2FM,0.932061069
FM2FM,0.938679245
FM2FM,0.947058824
FM2FM,0.942164179
FM2FM,0.914869467
FM2FM,0.932522124
FM2FM,0.903526971
FM2FM,0.947524752
FM2FM,0.930630631
FM2FM,0.939508507
FM2FM,0.883587786
FM2FM,0.922135706
FM2FM,0.925386715
FM2FM,0.879406308
FM2FM,0.924170616
FM2FM,0.926153846
FM2FM,0.891601563
FM2FM,0.671222179
FM2FM,0.775170326
FM2FM,0.890569395
FM2FM,0.795989538
FM2FM,0.670811997
FM2FM,0.898159509
FM2FM,0.906976744
FM2FM,0.911542611
FM2FM,0.926315789
FM2FM,0.848484848
FM2FM,0.906820365
FM2FM,0.865248227
FM2FM,0.925219941
FM2FM,0.928489043
FM2FM,0.845948827
FM2FM,0.819499341
FM2FM,0.892655367
FM2FM,0.913432836
FM2FM,0.941558442
FM2FM,0.844680851
FM2FM,0.913793103
FM2FM,0.906779661
FM2FM,0.8456621
FM2FM,0.845360825
FM2FM,0.848484848
FM2FM,0.895988113
FM2FM,0.825557809
FM2FM,0.919243986
FM2FM,0.942028986
FM2FM,0.947284345
FM2FM,0.838730159
FM2FM,0.852067183
FM2FM,0.932151118
FM2FM,0.930879038
FM2FM,0.895053476
FM2FM,0.839238845
FM2FM,0.792880259
FM2FM,0.76713198
FM2FM,0.735738664
FM2FM,0.753521127
FM2FM,0.940463065
FM2FM,0.936326531
FM2FM,0.824159021
FM2FM,0.916003537
FM2FM,0.915085818
FM2FM,0.89135255
FM2FM,0.94049904
FM2FM,0.917218543
FM2FM,0.884575026
FM2FM,0.904076739
FM2FM,0.858285714
FM2FM,0.770382696
FM2FM,0.7995889
FM2FM,0.908341916
FM2FM,0.726718886
FM2FM,0.85629532
FM2FM,0.745810056
FM2FM,0.843483557
FM2FM,0.842138365
FM2FM,0.9000757
FM2FM,0.844086022
FM2FM,0.939285714
FM2FM,0.870300752
FM2FM,0.876180483
FM2FM,0.934689507
FM2FM,0.92706334
FM2FM,0.735893417
FM2FM,0.794820717
FM2FM,0.814304462
FM2FM,0.928802589
FM2FM,0.855221519
FM2FM,0.851246776
FM2FM,0.854385965
FM2FM,0.893544734
FM2FM,0.879576108
FM2FM,0.881683732
FM2FM,0.936842105
FM2FM,0.654654655
FM2FM,0.890928726
FM2FM,0.819639279
FM2FM,0.913301663
FM2FM,0.937793427
FM2FM,0.683982684
FM2FM,0.876430206
FM2FM,0.887323944
FM2FM,0.909535452
FM2FM,0.909599254
FM2FM,0.914678899
FM2FM,0.934131737
FM2FM,0.751070664
FM2FM,0.8125
FM2FM,0.891840607
FM2FM,0.83065513
FM2FM,0.834969325
FM2FM,0.90166113
FM2FM,0.841877256
FM2FM,0.794362588
FM2FM,0.875375375
FM2FM,0.8265625
FM2FM,0.912114014
FM2FM,0.909482759
FM2FM,0.879816514
FM2FM,0.899193548
FM2FM,0.869664634
FM2FM,0.731958763
FM2FM,0.867383513
FM2FM,0.814016173
FM2FM,0.85258216
FM2FM,0.800500835
FM2FM,0.885296382
FM2FM,0.98549323
FM2FM,0.776968895
FM2FM,0.892422825
FM2FM,0.819164265
FM2FM,0.864592094
FM2FM,0.70028169
FM2FM,0.808176101
FM2FM,0.890013495
FM2FM,0.79594689
FM2FM,0.784327822
FM2FM,0.822557471
FM2FM,0.820240623
FM2FM,0.795930949
FM2FM,0.844070278
FM2FM,0.943970767
FM2FM,0.897940913
FM2FM,0.844298246
FM2FM,0.799657534
FM2FM,0.825309491
FM2FM,0.89278206
FM2FM,0.927355278
FM2FM,0.706521739
FM2FM,0.955508475
FM2FM,0.940677966
FM2FM,0.874244256
FM2FM,0.796674225
FM2FM,0.945641026
FM2FM,0.92
FM2FM,0.88337469
FM2FM,0.932270916
FM2FM,0.951394422
FM2FM,0.92248062
FM2FM,0.886499403
FM2FM,0.922807018
FM2FM,0.940127389
FM2FM,0.931034483
FM2FM,0.80404463
FM2FM,0.884297521
FM2FM,0.905502392
FM2FM,0.823848238
FM2FM,0.772845953
FM2FM,0.905306122
FM2FM,0.841008772
FM2FM,0.861213235
FM2FM,0.929705215
FM2FM,0.730337079
FM2FM,0.919815668
FM2FM,0.794245859
FM2FM,0.774102079
FM2FM,0.742237844
FM2FM,0.874859076
FM2FM,0.926732673
FM2FM,0.948648649
FM2FM,0.970856102
FM2FM,0.938701923
FM2FM,0.907088123
FM2FM,0.920993228
FM2FM,0.768076398
FM2FM,0.913416537
FM2FM,0.685247748
FM2FM,0.833702882
FM2FM,0.854197349
FM2FM,0.759061834
FM2FM,0.951515152
FM2FM,0.93499044
FM2FM,0.943022296
FM2FM,0.907225691
FM2FM,0.84457478
FM2FM,0.910216718
FM2FM,0.980085349
FM2FM,0.853996737
FM2FM,0.916149068
FM2FM,0.920550847
FM2FM,0.836906585
FM2FM,0.910191726
FM2FM,0.90027959
FM2FM,0.937749401
FM2FM,0.832214765
FM2FM,0.665525114
FM2FM,0.862307692
FM2FM,0.926546392
FM2FM,0.897828863
FM2FM,0.920436817
FM2FM,0.758254717
FM2FM,0.941877794
FM2FM,0.947368421
FM2FM,0.912104857
FM2FM,0.911624204
FM2FM,0.880573248
FM2FM,0.875098193
FM2FM,0.9513382
FM2FM,0.919863598
FM2FM,0.915352697
FM2FM,0.931065354
FM2FM,0.934264585
FM2FM,0.946843854
FM2FM,0.938851603
FM2FM,0.940948693
FM2FM,0.929842932
FM2FM,0.930685358
FM2FM,0.942307692
FM2FM,0.931445604
FM2FM,0.921009772
FM2FM,0.91391794
FM2FM,0.93287037
FM2FM,0.945518453
FM2FM,0.927853881
FM2FM,0.91902834
FM2FM,0.943396226
FM2FM,0.928481807
FM2FM,0.925831202
FM2FM,0.940949936
FM2FM,0.906007752
FM2FM,0.933649289
FM2FM,0.926598264
FM2FM,0.925321888
FM2FM,0.926180258
FM2FM,0.945454545
FM2FM,0.930258718
FM2FM,0.93166287
FM2FM,0.899168975
FM2FM,0.936926606
FM2FM,0.948697068
FM2FM,0.943629344
FM2FM,0.940149626
FM2FM,0.908831909
FM2FM,0.934926959
FM2FM,0.933954934
FM2FM,0.928691275
FM2FM,0.918945313
FM2FM,0.921487603
FM2FM,0.916492693
FM2FM,0.842352941
FM2FM,0.657099698
FM2FM,0.912322275
FM2FM,0.798098025
FM2FM,0.8507109
FM2FM,0.93126177
FM2FM,0.753094463
FM2FM,0.926339286
FM2FM,0.855096883
FM2FM,0.919878296
FM2FM,0.917517007
FM2FM,0.637128435
FM2FM,0.86728972
FM2FM,0.897717667
FM2FM,0.818916734
FM2FM,0.79947403
FM2FM,0.813636364
FM2FM,0.931034483
FM2FM,0.944444444
FM2FM,0.933383234
FM2FM,0.945035461
FM2FM,0.936416185
FM2FM,0.914568345
FM2FM,0.661321115
FM2FM,0.68960396
FM2FM,0.887804878
FM2FM,0.921588595
FM2FM,0.698918919
FM2FM,0.828313253
FM2FM,0.910807975
FM2FM,0.851806491
FM2FM,0.916492693
FM2FM,0.681411531
FM2FM,0.917536534
FM2FM,0.905597327
FM2FM,0.90593047
FM2FM,0.782043344
FM2FM,0.714184397
FM2FM,0.64084507
FM2FM,0.965644172
FM2FM,0.977272727
FM2FM,0.944920441
FM2FM,0.796804793
FM2FM,0.885214008
FM2FM,0.761562998
FM2FM,0.915217391
FM2FM,0.904483431
FM2FM,0.81462141
FM2FM,0.952702703
FM2FM,0.932555123
FM2FM,0.826779026
FM2FM,0.948066298
FM2FM,0.928066038
FM2FM,0.948126801
FM2FM,0.894401134
FM2FM,0.928915663
FM2FM,0.966666667
FM2FM,0.944718657
FM2FM,0.924290221
FM2FM,0.808394161
FM2FM,0.957356077
FM2FM,0.928763441
FM2FM,0.956578947
FM2FM,0.845735027
FM2FM,0.909821429
FM2FM,0.780673872
FM2FM,0.847434119
FM2FM,0.933684211
FM2FM,0.924867725
FM2FM,0.947277442
FM2FM,0.84132343
FM2FM,0.902529303
FM2FM,0.811152416
FM2FM,0.688845401
FM2FM,0.903755869
FM2FM,0.935416667
FM2FM,0.900641026
FM2FM,0.931475029
FM2FM,0.951990632
FM2FM,0.802404207
FM2FM,0.950950951
FM2FM,0.931777379
FM2FM,0.934571176
FM2FM,0.927083333
FM2FM,0.916469661
FM2FM,0.938011696
FM2FM,0.880749574
FM2FM,0.775710088
FM2FM,0.824958124
FM2FM,0.828488372
FM2FM,0.809760132
FM2FM,0.946915352
FM2FM,0.883068288
FM2FM,0.934911243
FM2FM,0.865576102
FM2FM,0.846220678
FM2FM,0.907407407
FM2FM,0.925925926
FM2FM,0.935779817
FM2FM,0.803627267
FM2FM,0.850104094
FM2FM,0.654653039
FM2FM,0.914427157
FM2FM,0.775790922
FM2FM,0.808510638
FM2FM,0.918843284
FM2FM,0.930406852
FM2FM,0.925996205
FM2FM,0.921568627
FM2FM,0.925087108
FM2FM,0.888732394
FM2FM,0.813385827
FM2FM,0.917678812
FM2FM,0.701411509
FM2FM,0.796097934
FM2FM,0.934572491
FM2FM,0.803951368
FM2FM,0.904912837
FM2FM,0.936462094
FM2FM,0.920890937
FM2FM,0.906227631
FM2FM,0.844776119
FM2FM,0.950437318
FM2FM,0.8996139
FM2FM,0.917050691
FM2FM,0.928950159
FM2FM,0.933461909
FM2FM,0.794478528
FM2FM,0.917880795
FM2FM,0.947556615
FM2FM,0.913114754
FM2FM,0.925414365
FM2FM,0.951807229
FM2FM,0.869264069
FM2FM,0.936873747
FM2FM,0.931762794
FM2FM,0.915514593
FM2FM,0.824519231
FM2FM,0.944556452
FM2FM,0.730405405
FM2FM,0.77705768
FM2FM,0.823359073
FM2FM,0.66004415
FM2FM,0.815875081
FM2FM,0.793548387
FM2FM,0.803240741
FM2FM,0.812894184
FM2FM,0.795947902
FM2FM,0.919261822
FM2FM,0.91015625
FM2FM,0.857973422
FM2FM,0.904535865
FM2FM,0.738501971
FM2FM,0.816006601
FM2FM,0.937234043
FM2FM,0.951653944
FM2FM,0.914634146
FM2FM,0.800688976
FM2FM,0.725517241
FM2FM,0.785805355
FM2FM,0.896144768
FM2FM,0.840155945
FM2FM,0.859251969
FM2FM,0.933184855
FM2FM,0.894689469
FM2FM,0.797427653
FM2FM,0.870153291
FM2FM,0.87661895
FM2FM,0.937313433
FM2FM,0.879948086
FM2FM,0.932801065
FM2FM,0.805687204
FM2FM,0.685261003
FM2FM,0.814184397
FM2FM,0.789105058
FM2FM,0.895170789
SoftWorx,0.933802817
SoftWorx,0.922341697
SoftWorx,0.920821114
SoftWorx,0.908641975
SoftWorx,0.91813602
SoftWorx,0.909195402
SoftWorx,0.878976918
SoftWorx,0.899539171
SoftWorx,0.923509561
SoftWorx,0.914881297
SoftWorx,0.840548341
SoftWorx,0.924170616
SoftWorx,0.939566705
SoftWorx,0.941666667
SoftWorx,0.93270366
SoftWorx,0.812022901
SoftWorx,0.947976879
SoftWorx,0.894031669
SoftWorx,0.893203883
SoftWorx,0.920828258
SoftWorx,0.820646507
SoftWorx,0.895652174
SoftWorx,0.89194499
SoftWorx,0.879609544
SoftWorx,0.944690265
SoftWorx,0.9360519
SoftWorx,0.906976744
SoftWorx,0.898148148
SoftWorx,0.919491525
SoftWorx,0.907156673
SoftWorx,0.931411531
SoftWorx,0.942932397
SoftWorx,0.9296333
SoftWorx,0.931843575
SoftWorx,0.920704846
SoftWorx,0.940254652
SoftWorx,0.915978995
SoftWorx,0.933420366
SoftWorx,0.947030498
SoftWorx,0.910660661
SoftWorx,0.938571429
SoftWorx,0.942513369
SoftWorx,0.849217639
SoftWorx,0.677451972
SoftWorx,0.920152091
SoftWorx,0.880473373
SoftWorx,0.810513447
SoftWorx,0.917322835
SoftWorx,0.901907357
SoftWorx,0.785370549
SoftWorx,0.82767624
SoftWorx,0.8575983
SoftWorx,0.8
SoftWorx,0.831824062
SoftWorx,0.909090909
SoftWorx,0.797619048
SoftWorx,0.801186944
SoftWorx,0.857142857
SoftWorx,0.87480916
SoftWorx,0.856589147
SoftWorx,0.880681818
SoftWorx,0.774122807
SoftWorx,0.88173456
SoftWorx,0.872291904
SoftWorx,0.913043478
SoftWorx,0.92920354
SoftWorx,0.921030756
SoftWorx,0.894805195
SoftWorx,0.91708126
SoftWorx,0.950367647
SoftWorx,0.953846154
SoftWorx,0.869499241
SoftWorx,0.938159879
SoftWorx,0.91047619
SoftWorx,0.922992299
SoftWorx,0.862003781
SoftWorx,0.941860465
SoftWorx,0.781912388
SoftWorx,0.873427673
SoftWorx,0.946524064
SoftWorx,0.90980052
SoftWorx,0.912366115
SoftWorx,0.82952183
SoftWorx,0.934375
SoftWorx,0.764596849
SoftWorx,0.898756661
SoftWorx,0.870710295
SoftWorx,0.897205589
SoftWorx,0.924677899
SoftWorx,0.944915254
SoftWorx,0.935344828
SoftWorx,0.903583618
SoftWorx,0.930139721
SoftWorx,0.90295858
SoftWorx,0.941787942
SoftWorx,0.933088909
SoftWorx,0.923287671
SoftWorx,0.916814159
SoftWorx,0.929949239
SoftWorx,0.893401015
SoftWorx,0.941383353
SoftWorx,0.926136364
SoftWorx,0.934316354
SoftWorx,0.916846652
SoftWorx,0.905422446
SoftWorx,0.943396226
SoftWorx,0.944117647
SoftWorx,0.832962138
SoftWorx,0.943396226
SoftWorx,0.819905213
SoftWorx,0.920177384
SoftWorx,0.927536232
SoftWorx,0.928571429
SoftWorx,0.934601665
SoftWorx,0.946927374
SoftWorx,0.921708185
SoftWorx,0.940782123
SoftWorx,0.92903693
SoftWorx,0.949136276
SoftWorx,0.914433881
SoftWorx,0.910068426
SoftWorx,0.91825229
SoftWorx,0.923418424
SoftWorx,0.940514469
SoftWorx,0.945
SoftWorx,0.918524871
SoftWorx,0.938202247
SoftWorx,0.929460581
SoftWorx,0.8997669
SoftWorx,0.924924925
SoftWorx,0.945578231
SoftWorx,0.795070082
SoftWorx,0.801119023
SoftWorx,0.916983523
SoftWorx,0.897577093
SoftWorx,0.912990196
SoftWorx,0.934699104
SoftWorx,0.906666667
SoftWorx,0.914465409
SoftWorx,0.913333333
SoftWorx,0.794009459
SoftWorx,0.938722295
SoftWorx,0.912208505
SoftWorx,0.915918367
SoftWorx,0.701121404
SoftWorx,0.915789474
SoftWorx,0.894528675
SoftWorx,0.934235977
SoftWorx,0.727714749
SoftWorx,0.935483871
SoftWorx,0.835948645
SoftWorx,0.864942529
SoftWorx,0.650291424
SoftWorx,0.834862385
SoftWorx,0.876832845
SoftWorx,0.73458445
SoftWorx,0.885714286
SoftWorx,0.786614937
SoftWorx,0.808832074
SoftWorx,0.785861359
SoftWorx,0.925898204
SoftWorx,0.780742459
SoftWorx,0.761283306
SoftWorx,0.744588745
SoftWorx,0.706075534
SoftWorx,0.841435185
SoftWorx,0.873394495
SoftWorx,0.724458204
SoftWorx,0.91540404
SoftWorx,0.877990431
SoftWorx,0.795156408
SoftWorx,0.870666667
SoftWorx,0.934731935
SoftWorx,0.926860025
SoftWorx,0.847798742
SoftWorx,0.897360704
SoftWorx,0.924593968
SoftWorx,0.939849624
SoftWorx,0.93832021
SoftWorx,0.741506647
SoftWorx,0.914728682
SoftWorx,0.842105263
SoftWorx,0.895061728
SoftWorx,0.733333333
SoftWorx,0.914215686
SoftWorx,0.696629213
SoftWorx,0.87804878
SoftWorx,0.888888889
SoftWorx,0.945626478
SoftWorx,0.921568627
SoftWorx,0.734706617
SoftWorx,0.948306595
SoftWorx,0.813842482
SoftWorx,0.77643909
SoftWorx,0.813953488
SoftWorx,0.93
SoftWorx,0.73633678
SoftWorx,0.764943457
SoftWorx,0.934294872
SoftWorx,0.924731183
SoftWorx,0.776363636
SoftWorx,0.835714286
SoftWorx,0.906515581
SoftWorx,0.917767988
SoftWorx,0.92997543
SoftWorx,0.737857618
SoftWorx,0.776371308
SoftWorx,0.866935484
SoftWorx,0.776978417
SoftWorx,0.935393258
SoftWorx,0.936651584
SoftWorx,0.714285714
SoftWorx,0.900552486
SoftWorx,0.864935065
SoftWorx,0.816666667
SoftWorx,0.852941176
SoftWorx,0.923076923
SoftWorx,0.954545455
SoftWorx,0.747474747
SoftWorx,0.762761021
SoftWorx,0.687113647
SoftWorx,0.813186813
SoftWorx,0.877680699
SoftWorx,0.918874172
SoftWorx,0.86918138
SoftWorx,0.932647334
SoftWorx,0.806438792
SoftWorx,0.917236662
SoftWorx,0.933252427
SoftWorx,0.927466151
SoftWorx,0.939119171
SoftWorx,0.931132075
SoftWorx,0.899412628
SoftWorx,0.943143813
SoftWorx,0.916099773
SoftWorx,0.904632153
SoftWorx,0.924935289
SoftWorx,0.947833066
SoftWorx,0.914068441
SoftWorx,0.926564496
SoftWorx,0.85255648
SoftWorx,0.957391866
SoftWorx,0.954433498
SoftWorx,0.938826467
SoftWorx,0.903264813
SoftWorx,0.955696203
SoftWorx,0.950559701
SoftWorx,0.922562141
SoftWorx,0.941747573
SoftWorx,0.922239502
SoftWorx,0.895156998
SoftWorx,0.903614458
SoftWorx,0.928961749
SoftWorx,0.919724771
SoftWorx,0.932729625
SoftWorx,0.94028103
SoftWorx,0.947848761
SoftWorx,0.9342723
SoftWorx,0.93877551
SoftWorx,0.939189189
SoftWorx,0.935365854
SoftWorx,0.942633638
SoftWorx,0.939873418
SoftWorx,0.922404372
SoftWorx,0.919301165
SoftWorx,0.866946045
SoftWorx,0.849740933
SoftWorx,0.861488067
SoftWorx,0.88159918
SoftWorx,0.931756142
SoftWorx,0.970963995
SoftWorx,0.949131514
SoftWorx,0.8952
SoftWorx,0.904717854
SoftWorx,0.867741935
SoftWorx,0.909407666
SoftWorx,0.89212828
SoftWorx,0.940758294
SoftWorx,0.931799507
SoftWorx,0.874624625
SoftWorx,0.915625
SoftWorx,0.919661734
SoftWorx,0.882840237
SoftWorx,0.911360799
SoftWorx,0.961325967
SoftWorx,0.903053435
SoftWorx,0.925042589
SoftWorx,0.864232744
SoftWorx,0.881328253
SoftWorx,0.881725888
SoftWorx,0.797759104
SoftWorx,0.797218155
SoftWorx,0.957983193
SoftWorx,0.695714286
SoftWorx,0.690677966
SoftWorx,0.655006031
SoftWorx,0.87367406
SoftWorx,0.919266055
SoftWorx,0.930855019
SoftWorx,0.880753138
SoftWorx,0.840888067
SoftWorx,0.920737327
SoftWorx,0.807992203
SoftWorx,0.868600683
SoftWorx,0.863379143
SoftWorx,0.901608325
SoftWorx,0.807785888
SoftWorx,0.932153392
SoftWorx,0.695162359
SoftWorx,0.879341865
SoftWorx,0.929180887
SoftWorx,0.937106918
SoftWorx,0.931930693
SoftWorx,0.820402299
SoftWorx,0.890068234
SoftWorx,0.810136766
SoftWorx,0.825783972
SoftWorx,0.943377149
SoftWorx,0.935079727
SoftWorx,0.95132128
SoftWorx,0.826732673
SoftWorx,0.8953125
SoftWorx,0.944516129
SoftWorx,0.956756757
SoftWorx,0.910596026
SoftWorx,0.81996587
SoftWorx,0.722080571
SoftWorx,0.943965517
SoftWorx,0.939597315
SoftWorx,0.902217742
SoftWorx,0.892351275
SoftWorx,0.907794677
SoftWorx,0.917192429
SoftWorx,0.935251799
SoftWorx,0.942708333
SoftWorx,0.916396104
SoftWorx,0.948837209
SoftWorx,0.869755245
SoftWorx,0.831674959
SoftWorx,0.811509591
SoftWorx,0.94102228
SoftWorx,0.804106074
SoftWorx,0.807692308
SoftWorx,0.803843074
SoftWorx,0.940112994
SoftWorx,0.90719697
SoftWorx,0.867909238
SoftWorx,0.932515337
SoftWorx,0.944523471
SoftWorx,0.788284519
SoftWorx,0.845950704
SoftWorx,0.874598071
SoftWorx,0.923130678
SoftWorx,0.921166307
SoftWorx,0.932758621
SoftWorx,0.798394291
SoftWorx,0.826247689
SoftWorx,0.949308756
SoftWorx,0.942323314
SoftWorx,0.915271967
SoftWorx,0.901367188
SoftWorx,0.923280423
SoftWorx,0.744625649
SoftWorx,0.933102653
SoftWorx,0.876747141
SoftWorx,0.808850645
SoftWorx,0.720500272
SoftWorx,0.926646707
SoftWorx,0.91246138
SoftWorx,0.922030825
SoftWorx,0.908462867
SoftWorx,0.838270616
SoftWorx,0.67133275
SoftWorx,0.923523717
SoftWorx,0.896072013
SoftWorx,0.65112782
SoftWorx,0.885446686
SoftWorx,0.929824561
SoftWorx,0.740241636
SoftWorx,0.908734053
SoftWorx,0.966666667
SoftWorx,0.927680798
SoftWorx,0.926436782
SoftWorx,0.897009967
SoftWorx,0.846715328
SoftWorx,0.883792049
SoftWorx,0.895142637
SoftWorx,0.88716677
SoftWorx,0.772127139
SoftWorx,0.905204461
SoftWorx,0.925561798
SoftWorx,0.759584665
SoftWorx,0.901913876
SoftWorx,0.921832884
SoftWorx,0.872758326
SoftWorx,0.788571429
SoftWorx,0.763784461
SoftWorx,0.914988814
SoftWorx,0.883424408
SoftWorx,0.895762712
SoftWorx,0.943014706
SoftWorx,0.93344426
SoftWorx,0.932485323
SoftWorx,0.914576803
SoftWorx,0.840650407
SoftWorx,0.952282158
SoftWorx,0.907305577
SoftWorx,0.804152249
SoftWorx,0.932656827
SoftWorx,0.937641723
SoftWorx,0.841423948
SoftWorx,0.925266904
SoftWorx,0.897125567
SoftWorx,0.914940022
SoftWorx,0.903309539
SoftWorx,0.866522367
SoftWorx,0.904577192
SoftWorx,0.90625
SoftWorx,0.808290155
SoftWorx,0.745918367
SoftWorx,0.922429907
SoftWorx,0.934682613
SoftWorx,0.841691843
SoftWorx,0.865210843
SoftWorx,0.901098901
SoftWorx,0.91733871
SoftWorx,0.869063772
SoftWorx,0.774647887
SoftWorx,0.912137007
SoftWorx,0.911885246
SoftWorx,0.94076999
SoftWorx,0.935382191
SoftWorx,0.926683717
SoftWorx,0.84045584
SoftWorx,0.726351351
SoftWorx,0.720524017
SoftWorx,0.835242987
SoftWorx,0.937446444
SoftWorx,0.789389068
SoftWorx,0.744706594
SoftWorx,0.898431665
SoftWorx,0.810505319
SoftWorx,0.873015873
SoftWorx,0.785810811
SoftWorx,0.906752412
SoftWorx,0.923275862
SoftWorx,0.94028436
SoftWorx,0.78996139
SoftWorx,0.923837784
SoftWorx,0.921828909
SoftWorx,0.751614797
SoftWorx,0.896607431
SoftWorx,0.939862543
SoftWorx,0.924901186
SoftWorx,0.740667976
SoftWorx,0.919804742
SoftWorx,0.678517777
SoftWorx,0.929859719
SoftWorx,0.723536737
SoftWorx,0.800124922
SoftWorx,0.923076923
SoftWorx,0.781698565
SoftWorx,0.889394925
SoftWorx,0.662416851
SoftWorx,0.900369004
SoftWorx,0.917940467
SoftWorx,0.896389325
SoftWorx,0.908415842
SoftWorx,0.852365416
SoftWorx,0.884892086
SoftWorx,0.6726094
SoftWorx,0.796923077
SoftWorx,0.692774128
SoftWorx,0.70212766
SoftWorx,0.906276151
SoftWorx,0.752596213
SoftWorx,0.823246217
SoftWorx,0.920302013
SoftWorx,0.828688525
SoftWorx,0.915997078
SoftWorx,0.748370274
SoftWorx,0.642284569
SoftWorx,0.939873418
SoftWorx,0.866415094
SoftWorx,0.884643644
SoftWorx,0.900717703
SoftWorx,0.725105189
SoftWorx,0.930954228
SoftWorx,0.718603089
SoftWorx,0.937919463
SoftWorx,0.648648649
SoftWorx,0.919753086
SoftWorx,0.888797364
SoftWorx,0.894996476
SoftWorx,0.90608229
SoftWorx,0.942426926
SoftWorx,0.76849642
SoftWorx,0.835949765
SoftWorx,0.656708861
SoftWorx,0.941114616
SoftWorx,0.913812155
SoftWorx,0.791644349
SoftWorx,0.930164888
SoftWorx,0.940634596
SoftWorx,0.93368984
SoftWorx,0.939473684
SoftWorx,0.649190439
SoftWorx,0.926636569
SoftWorx,0.877601998
SoftWorx,0.918757467
SoftWorx,0.902459016
SoftWorx,0.899299475
SoftWorx,0.9184178
SoftWorx,0.733186813
SoftWorx,0.91749427
SoftWorx,0.898740818
SoftWorx,0.90919674
SoftWorx,0.862369338
SoftWorx,0.916412447
SoftWorx,0.951632406
SoftWorx,0.92906815
SoftWorx,0.909836066
SoftWorx,0.94673913
SoftWorx,0.919889503
SoftWorx,0.909354605
SoftWorx,0.92772384
SoftWorx,0.897482014
SoftWorx,0.924165824
SoftWorx,0.924686192
SoftWorx,0.672485453
SoftWorx,0.671586716
SoftWorx,0.893414211
SoftWorx,0.842061513
SoftWorx,0.647741935
SoftWorx,0.93637621
SoftWorx,0.758310872
SoftWorx,0.946268657
SoftWorx,0.911128903
SoftWorx,0.855757576
SoftWorx,0.866666667
SoftWorx,0.917056075
SoftWorx,0.916601101
SoftWorx,0.883505155
SoftWorx,0.767973856
SoftWorx,0.934367542
SoftWorx,0.821512081
SoftWorx,0.915125136
SoftWorx,0.926035503
SoftWorx,0.929373997
SoftWorx,0.919335706
SoftWorx,0.913324709
SoftWorx,0.88452381
SoftWorx,0.981958763
SoftWorx,0.895861148
SoftWorx,0.83253128
SoftWorx,0.900895141
SoftWorx,0.942571785
SoftWorx,0.839416058
SoftWorx,0.9
SoftWorx,0.925053533
SoftWorx,0.919842313
SoftWorx,0.920199501
SoftWorx,0.874055416
SoftWorx,0.902813299
SoftWorx,0.929471033
SoftWorx,0.923344948
SoftWorx,0.916411825
SoftWorx,0.919825073
SoftWorx,0.868913858
SoftWorx,0.775623269
SoftWorx,0.923694779
SoftWorx,0.921875
SoftWorx,0.893595041
SoftWorx,0.927203065
SoftWorx,0.812944523
SoftWorx,0.868679775
SoftWorx,0.677536232
SoftWorx,0.800248139
SoftWorx,0.915809769
SoftWorx,0.765503876
SoftWorx,0.947457627
SoftWorx,0.948113208
SoftWorx,0.917040359
SoftWorx,0.883544304
SoftWorx,0.867682927
SoftWorx,0.676169984
SoftWorx,0.896434635
SoftWorx,0.921865536
SoftWorx,0.890158172
SoftWorx,0.869674185
SoftWorx,0.916935484
SoftWorx,0.853372434
SoftWorx,0.855060034
SoftWorx,0.92516129
SoftWorx,0.933043478
SoftWorx,0.839153439
SoftWorx,0.825259516
SoftWorx,0.938420348
SoftWorx,0.804733728
SoftWorx,0.908635795
SoftWorx,0.900369004
SoftWorx,0.982035928
SoftWorx,0.926666667
SoftWorx,0.937888199
SoftWorx,0.9375
SoftWorx,0.732452519
SoftWorx,0.96124031
SoftWorx,0.929936306
SoftWorx,0.923943662
SoftWorx,0.683318057
SoftWorx,0.936467598
SoftWorx,0.886413043
SoftWorx,0.941441441
SoftWorx,0.952606635
SoftWorx,0.684003152
SoftWorx,0.93153527
SoftWorx,0.741414141
SoftWorx,0.756268222
SoftWorx,0.705539359
SoftWorx,0.809686221
SoftWorx,0.672908133
SoftWorx,0.922338569
SoftWorx,0.841883345
SoftWorx,0.716958358
SoftWorx,0.872
SoftWorx,0.816528926
SoftWorx,0.94637224
SoftWorx,0.931348222
SoftWorx,0.936448598
SoftWorx,0.934146341
SoftWorx,0.937427578
SoftWorx,0.944567627
SoftWorx,0.949868074
SoftWorx,0.914623838
SoftWorx,0.963285024
SoftWorx,0.953510436
SoftWorx,0.895907473
SoftWorx,0.952298352
SoftWorx,0.946236559
SoftWorx,0.931339978
SoftWorx,0.917874396
SoftWorx,0.925778132
SoftWorx,0.937759336
SoftWorx,0.931424265
SoftWorx,0.941314554
SoftWorx,0.979591837
SoftWorx,0.944082013
SoftWorx,0.902173913
SoftWorx,0.930957684
SoftWorx,0.916666667
SoftWorx,0.940357853
SoftWorx,0.923783287
SoftWorx,0.927592955
SoftWorx,0.881835938
SoftWorx,0.922033898
SoftWorx,0.923853211
SoftWorx,0.897584541
SoftWorx,0.901459854
SoftWorx,0.889872173
SoftWorx,0.676307448
SoftWorx,0.773109244
SoftWorx,0.896705254
SoftWorx,0.803697183
SoftWorx,0.672527473
SoftWorx,0.877526754
SoftWorx,0.91959799
SoftWorx,0.91684435
SoftWorx,0.924731183
SoftWorx,0.912524851
SoftWorx,0.884057971
SoftWorx,0.8515625
SoftWorx,0.930420712
SoftWorx,0.925201381
SoftWorx,0.85209713
SoftWorx,0.853448276
SoftWorx,0.881578947
SoftWorx,0.919889503
SoftWorx,0.940789474
SoftWorx,0.897196262
SoftWorx,0.84375
SoftWorx,0.943181818
SoftWorx,0.951612903
SoftWorx,0.883504194
SoftWorx,0.853674121
SoftWorx,0.93597561
SoftWorx,0.926883309
SoftWorx,0.894667544
SoftWorx,0.8388564
SoftWorx,0.79972312
SoftWorx,0.776582278
SoftWorx,0.739739256
SoftWorx,0.758257203
SoftWorx,0.942919868
SoftWorx,0.941320293
SoftWorx,0.831148805
SoftWorx,0.920704846
SoftWorx,0.921568627
SoftWorx,0.887276786
SoftWorx,0.937864078
SoftWorx,0.928490352
SoftWorx,0.878852285
SoftWorx,0.904358354
SoftWorx,0.865023474
SoftWorx,0.772651007
SoftWorx,0.803552769
SoftWorx,0.908523909
SoftWorx,0.706190061
SoftWorx,0.855453351
SoftWorx,0.744040863
SoftWorx,0.834581773
SoftWorx,0.84758118
SoftWorx,0.9015625
SoftWorx,0.922330097
SoftWorx,0.882780083
SoftWorx,0.940677966
SoftWorx,0.928909953
SoftWorx,0.744747082
SoftWorx,0.797619048
SoftWorx,0.810077519
SoftWorx,0.9304
SoftWorx,0.85984252
SoftWorx,0.846413502
SoftWorx,0.853785901
SoftWorx,0.893333333
SoftWorx,0.877629063
SoftWorx,0.753295669
SoftWorx,0.938002296
SoftWorx,0.658872902
SoftWorx,0.894396552
SoftWorx,0.915294118
SoftWorx,0.938011696
SoftWorx,0.690468283
SoftWorx,0.880681818
SoftWorx,0.887820513
SoftWorx,0.91456077
SoftWorx,0.901459854
SoftWorx,0.910326087
SoftWorx,0.940535183
SoftWorx,0.751317176
SoftWorx,0.801553063
SoftWorx,0.891690009
SoftWorx,0.840386941
SoftWorx,0.850737101
SoftWorx,0.908622909
SoftWorx,0.942363112
SoftWorx,0.796308084
SoftWorx,0.871206514
SoftWorx,0.831775701
SoftWorx,0.917786561
SoftWorx,0.901364113
SoftWorx,0.879638009
SoftWorx,0.896207585
SoftWorx,0.867768595
SoftWorx,0.741794311
SoftWorx,0.868139701
SoftWorx,0.814516129
SoftWorx,0.852367688
SoftWorx,0.797854785
SoftWorx,0.885345482
SoftWorx,0.989423077
SoftWorx,0.784953395
SoftWorx,0.892592593
SoftWorx,0.819742489
SoftWorx,0.84771987
SoftWorx,0.699944228
SoftWorx,0.817669173
SoftWorx,0.890510949
SoftWorx,0.807933194
SoftWorx,0.786324786
SoftWorx,0.81486676
SoftWorx,0.821879383
SoftWorx,0.795805059
SoftWorx,0.847494553
SoftWorx,0.945544554
SoftWorx,0.903548681
SoftWorx,0.841419261
SoftWorx,0.791311755
SoftWorx,0.824573379
SoftWorx,0.89375
SoftWorx,0.916666667
SoftWorx,0.715909091
SoftWorx,0.957761352
SoftWorx,0.936430318
SoftWorx,0.86260454
SoftWorx,0.799245283
SoftWorx,0.944668008
SoftWorx,0.923444976
SoftWorx,0.874378109
SoftWorx,0.933004926
SoftWorx,0.951854775
SoftWorx,0.913076342
SoftWorx,0.863309353
SoftWorx,0.952380952
SoftWorx,0.934296978
SoftWorx,0.93480663
SoftWorx,0.808304498
SoftWorx,0.891583452
SoftWorx,0.903730445
SoftWorx,0.807796917
SoftWorx,0.987261146
SoftWorx,0.904417671
SoftWorx,0.821782178
SoftWorx,0.861818182
SoftWorx,0.732235702
SoftWorx,0.924701561
SoftWorx,0.798101812
SoftWorx,0.756603774
SoftWorx,0.735967927
SoftWorx,0.902930403
SoftWorx,0.949197861
SoftWorx,0.974591652
SoftWorx,0.933253874
SoftWorx,0.916504854
SoftWorx,0.90969163
SoftWorx,0.77220339
SoftWorx,0.929699842
SoftWorx,0.686902754
SoftWorx,0.82204611
SoftWorx,0.916955017
SoftWorx,0.940789474
SoftWorx,0.91408326
SoftWorx,0.845652174
SoftWorx,0.913846154
SoftWorx,0.978586724
SoftWorx,0.856326531
SoftWorx,0.914979757
SoftWorx,0.908247423
SoftWorx,0.835347432
SoftWorx,0.915237134
SoftWorx,0.896235078
SoftWorx,0.939297125
SoftWorx,0.824094605
SoftWorx,0.669318182
SoftWorx,0.854354354
SoftWorx,0.915945612
SoftWorx,0.914814815
SoftWorx,0.930981595
SoftWorx,0.762831858
SoftWorx,0.940320233
SoftWorx,0.948620362
SoftWorx,0.912012242
SoftWorx,0.910094637
SoftWorx,0.881982691
SoftWorx,0.867127496
SoftWorx,0.943606037
SoftWorx,0.924512299
SoftWorx,0.916256158
SoftWorx,0.927129061
SoftWorx,0.935691318
SoftWorx,0.947194719
SoftWorx,0.93231441
SoftWorx,0.944709247
SoftWorx,0.930497925
SoftWorx,0.924943139
SoftWorx,0.940688019
SoftWorx,0.94100295
SoftWorx,0.926434923
SoftWorx,0.911040508
SoftWorx,0.939745075
SoftWorx,0.952380952
SoftWorx,0.916831683
SoftWorx,0.926961226
SoftWorx,0.932432432
SoftWorx,0.925742574
SoftWorx,0.94095941
SoftWorx,0.9066918
SoftWorx,0.923076923
SoftWorx,0.927921093
SoftWorx,0.934728033
SoftWorx,0.930212766
SoftWorx,0.942350333
SoftWorx,0.92167382
SoftWorx,0.93986637
SoftWorx,0.91422367
SoftWorx,0.930898876
SoftWorx,0.94256491
SoftWorx,0.933784801
SoftWorx,0.940143655
SoftWorx,0.90166205
SoftWorx,0.935779817
SoftWorx,0.930053805
SoftWorx,0.921939195
SoftWorx,0.929194956
SoftWorx,0.92431887
SoftWorx,0.913324709
SoftWorx,0.871255061
SoftWorx,0.969230769
SoftWorx,0.929971989
SoftWorx,0.756687898
SoftWorx,0.93061674
SoftWorx,0.863219349
SoftWorx,0.911793855
SoftWorx,0.924190801
SoftWorx,0.868396664
SoftWorx,0.903685092
SoftWorx,0.819500403
SoftWorx,0.808355438
SoftWorx,0.93880597
SoftWorx,0.944827586
SoftWorx,0.93697479
SoftWorx,0.660585329
SoftWorx,0.683830606
SoftWorx,0.945945946
SoftWorx,0.940340909
SoftWorx,0.710441335
SoftWorx,0.835
SoftWorx,0.915522703
SoftWorx,0.853836784
SoftWorx,0.920915713
SoftWorx,0.674327628
SoftWorx,0.918049793
SoftWorx,0.902953586
SoftWorx,0.910569106
SoftWorx,0.785185185
SoftWorx,0.954022989
SoftWorx,0.647058824
SoftWorx,0.952606635
SoftWorx,0.978128797
SoftWorx,0.799801292
SoftWorx,0.877292853
SoftWorx,0.752336449
SoftWorx,0.922580645
SoftWorx,0.908209438
SoftWorx,0.818181818
SoftWorx,0.955307263
SoftWorx,0.932138284
SoftWorx,0.82945014
SoftWorx,0.948351648
SoftWorx,0.92798111
SoftWorx,0.907130018
SoftWorx,0.897255454
SoftWorx,0.918984281
SoftWorx,0.944668008
SoftWorx,0.941483804
SoftWorx,0.797248804
SoftWorx,0.960292581
SoftWorx,0.925974026
SoftWorx,0.968627451
SoftWorx,0.853333333
SoftWorx,0.913461538
SoftWorx,0.788071066
SoftWorx,0.850171821
SoftWorx,0.941364606
SoftWorx,0.920251836
SoftWorx,0.93812709
SoftWorx,0.841716968
SoftWorx,0.902408894
SoftWorx,0.80849532
SoftWorx,0.694661458
SoftWorx,0.909090909
SoftWorx,0.936458333
SoftWorx,0.902147971
SoftWorx,0.935334873
SoftWorx,0.948417351
SoftWorx,0.802731411
SoftWorx,0.941295547
SoftWorx,0.930720146
SoftWorx,0.936720143
SoftWorx,0.925869894
SoftWorx,0.925159236
SoftWorx,0.93997599
SoftWorx,0.892055268
SoftWorx,0.794820717
SoftWorx,0.818791946
SoftWorx,0.827964861
SoftWorx,0.810920945
SoftWorx,0.940836941
SoftWorx,0.880301602
SoftWorx,0.925981873
SoftWorx,0.858262108
SoftWorx,0.842330763
SoftWorx,0.814700432
SoftWorx,0.851416724
SoftWorx,0.66045769
SoftWorx,0.917314488
SoftWorx,0.779532967
SoftWorx,0.919117647
SoftWorx,0.929487179
SoftWorx,0.926622766
SoftWorx,0.928501469
SoftWorx,0.925347222
SoftWorx,0.905405405
SoftWorx,0.820813772
SoftWorx,0.90019698
SoftWorx,0.706455103
SoftWorx,0.793103448
SoftWorx,0.934669636
SoftWorx,0.805701425
SoftWorx,0.899212598
SoftWorx,0.936917563
SoftWorx,0.924904215
SoftWorx,0.930976431
SoftWorx,0.834057971
SoftWorx,0.907595928
SoftWorx,0.917345751
SoftWorx,0.926854754
SoftWorx,0.938579655
SoftWorx,0.79893374
SoftWorx,0.954815696
SoftWorx,0.902985075
SoftWorx,0.944924406
SoftWorx,0.859560068
SoftWorx,0.945054945
SoftWorx,0.922098569
SoftWorx,0.92243346
SoftWorx,0.820472441
SoftWorx,0.946161515
SoftWorx,0.733827493
SoftWorx,0.805992509
SoftWorx,0.662451897
SoftWorx,0.820363165
SoftWorx,0.799428979
SoftWorx,0.802902979
SoftWorx,0.820083682
SoftWorx,0.8
SoftWorx,0.917714286
SoftWorx,0.906976744
SoftWorx,0.866500829
SoftWorx,0.901570681
SoftWorx,0.737940026
SoftWorx,0.818555008
SoftWorx,0.943855932
SoftWorx,0.953400504
SoftWorx,0.917302799
SoftWorx,0.802439024
SoftWorx,0.720342806
SoftWorx,0.788851351
SoftWorx,0.901960784
SoftWorx,0.962750716
SoftWorx,0.859390364
SoftWorx,0.894265233
SoftWorx,0.792527822
SoftWorx,0.859167405
SoftWorx,0.933774834
SoftWorx,0.93323217
SoftWorx,0.937869822
SoftWorx,0.878266412
SoftWorx,0.936170213
SoftWorx,0.810719132
SoftWorx,0.683647478
SoftWorx,0.810829817
SoftWorx,0.805488297