,Method,label,Width,Length,SurfaceArea,Volume
0,Automatic,1,0.7108543342165137,5.406278639959217,12.10794871649677,2.0749997123734576
1,Automatic,2,0.7898768495418985,5.962608883252207,13.92010094094465,2.6313166502933463
2,Automatic,3,0.8213047759696444,5.768004134624668,13.467941709322742,2.6247087444975934
3,Automatic,4,0.838066430524682,6.247361923362562,15.008260862423665,3.011235537653102
4,Automatic,5,0.8439634912971192,5.613505158403345,13.563704309518673,2.727246812973318
5,Automatic,6,0.7994444387296271,4.103634135120363,9.316615363486523,1.7397482781841513
6,Automatic,7,0.8705902402621634,4.92622131598491,12.517185819111225,2.573595148878519
7,Automatic,8,0.798800318546345,4.246393521039701,9.576727810376887,1.7850683726924896
8,Automatic,9,0.834024754702931,6.084037963469439,13.68053577666635,2.777634238920879
9,Automatic,10,0.8234274615670206,4.024979427326598,8.273522816491228,1.5588394340549547
10,Automatic,11,0.8339239754137409,5.624804294726106,11.928626171203735,2.338640382660021
11,Automatic,12,0.8072765177520779,4.928869813179786,9.622133427850574,1.827591037964073
12,Automatic,13,0.8696107740273132,5.078122284225124,10.873205021163251,2.2446626102039127
13,Automatic,14,0.9462304374101657,5.123958732974736,12.22537343614834,2.6902364480963343
14,Automatic,15,0.8641266445464753,6.578601988784218,14.233815144950434,2.921433298539471
15,Automatic,16,0.869522951768979,5.942035322946447,13.332807080978052,2.73904543425764
16,Automatic,17,0.9145336745793421,5.008010668515422,11.569047735736161,2.4613673988384828
17,Automatic,18,0.887086079401719,7.433985565452743,16.19499362284768,3.513415120528037
18,Automatic,19,0.9765404014474465,6.645823994029293,15.83765341486815,3.6350702646614983
19,Automatic,20,0.8993858234277325,7.964935897992527,18.67507984591468,4.02747553332822
20,Automatic,21,0.9072729168345873,5.067811392158267,12.151899981488418,2.568303023389845
21,Automatic,22,0.9291738584534033,4.8018202596329544,12.476324136727536,2.7202243420366274
22,Automatic,23,0.9046465689395553,5.704225592528109,13.453857066094406,2.8507688053807687
23,Automatic,24,0.8334935089845135,6.014371067294099,13.883624682270277,2.75717473040266
24,Automatic,25,0.8164593918231928,4.574688129880971,9.708667055436397,1.850864325672019
25,Automatic,26,0.8686302805732418,4.418161763390872,9.06254543152869,1.8736151980049853
26,Automatic,27,0.9589184258684708,4.212000832503312,10.059766586033854,2.2009421638232465
27,Automatic,28,0.8936035986582589,4.070841380848917,9.483874077622206,1.967590680106065
28,Automatic,29,0.8942653181887957,4.71329937930669,10.96525613450679,2.316883606144261
29,Automatic,30,0.8888351661709316,4.672932137943516,10.47342360629005,2.1607850224719973
30,Automatic,31,0.8360197561028864,4.6163113969207545,9.82911711384631,1.9145964833793996
31,Automatic,32,0.8224542366015285,5.20664642209549,10.432297304007317,2.005920483954156
32,Automatic,33,0.769636477047879,4.513503853360576,8.741856275577554,1.5664445583773337
33,Automatic,34,0.8329763771153785,3.632564980908635,7.68613485607517,1.4500055892027834
34,Automatic,35,0.7831579860782938,4.203407029891915,8.448878693046058,1.572682445500268
35,Automatic,36,0.8246840598974557,4.187050987239832,8.694946272050979,1.7200501158552135
36,Automatic,37,0.7728942438007178,3.37651335560442,6.656402387917039,1.2159070706034163
37,Automatic,38,0.821693526982943,3.6909265376818525,7.7539584625274065,1.469365421511644
38,Automatic,39,0.8582084481312665,3.8222634997753073,9.715252262461842,1.927596104371691
39,Automatic,40,0.8465127264697007,4.9002941504139494,10.65147276369793,2.1005915012941783
40,Automatic,41,0.8440713512717078,3.588972042788801,8.774493938131306,1.707605918563522
41,Automatic,42,0.8478399132809231,3.916547734401831,8.091785092912984,1.5629477775755278
42,Automatic,43,0.7731918593783822,4.051414432040428,7.7556526693419885,1.4208710785155474
43,Automatic,44,0.635630385414026,3.1296067032809978,5.084252005852855,0.7999034998654397
44,Automatic,1,1.0396489026294673,4.804408456290738,14.327695972073224,3.4571312546213777
45,Automatic,2,0.9959680229558115,3.246542700749934,9.549665159604256,2.1864716361061607
46,Automatic,3,0.9942899693711333,3.9074787685771653,10.559232126072413,2.439991282108157
47,Automatic,4,1.0247092013888888,3.3959557174184347,10.819181970988627,2.4915726883379676
48,Automatic,5,1.0292168097344643,5.153715014851651,12.831727161497879,3.0262738674412466
49,Automatic,6,1.02103341344808,3.7062146745245648,10.557171553226492,2.4186176818048066
50,Automatic,7,1.000652097607653,4.059210867010606,10.625563173630237,2.5452243662942875
51,Automatic,8,1.0905674388205275,5.719511536479452,17.712164832796663,4.61569751699182
52,Automatic,9,0.9749655266828008,7.001726992828385,17.789009489755415,4.136869032155013
53,Automatic,10,1.0452606594422251,4.550368734111437,12.546202810276275,3.048715779727493
54,Automatic,11,1.025898810347558,4.5009213619430755,13.787680690024105,3.263789858622424
55,Automatic,12,0.9837273768264436,3.2689052482488763,9.9648426929695,2.2068619638369764
56,Automatic,13,1.0352642522695636,5.5963407643884295,16.37794098136905,3.9591697639966323
57,Automatic,14,0.9845840609543562,3.938606756148044,12.122391723688178,2.7426962490340374
58,Automatic,15,1.037652096671249,5.16482739404594,13.148961560994387,3.1266984914727085
59,Automatic,16,1.022446894074291,4.900294150413949,11.873536151244211,2.9205052131510545
60,Automatic,17,1.0054928378947885,3.639193766853225,10.077954176613886,2.2837238218977918
61,Automatic,18,1.1503017312151265,4.0372835659890836,14.25091816613721,3.7115397960858534
62,Automatic,20,0.9939367336038364,2.8759528968369525,8.045968162632809,1.8319356023197009
63,Automatic,21,1.0035763961311348,4.3144947711072605,12.9310346677053,3.002808572529073
64,Automatic,22,1.007963016617706,2.951805906768497,8.374109565143085,1.8742860868656432
65,Automatic,23,1.0105639001542166,4.4984187660309916,12.277696214824577,2.839859876823703
66,Automatic,24,1.0229821169268956,4.846080699796085,14.554471087681085,3.498595020659458
67,Automatic,25,0.9948415101987341,7.825055323626442,23.183884774713118,5.592970838627653
68,Automatic,26,1.0537921945079567,4.294913906281087,12.761568641052722,3.0977396451276284
69,Automatic,27,1.068358812940189,4.501707735101722,11.637524527855195,2.8036775628504294
70,Automatic,28,1.030908607587357,2.7779776546384953,8.905969444396236,2.0161471166459313
71,Automatic,29,0.9906083419416437,5.133125370270823,11.899092322040786,2.7247870051048535
72,Automatic,30,1.011226423899433,5.577926063431456,13.341448163280457,3.117933594523659
73,Automatic,31,1.0112122087974194,5.066270801025693,14.923881429731502,3.5348309706927834
74,Automatic,32,1.0780671613309536,5.861095113958999,15.54332510796613,3.8801636041662
75,Automatic,33,1.0125758543853947,3.614378700868313,11.155397719444199,2.5702406361147845
76,Automatic,34,0.9921851659282928,5.397298907067636,14.608478251181431,3.4936078171944027
77,Automatic,35,1.0462733874737744,4.683900994673737,14.15622211169834,3.4042130112703313
78,Automatic,36,1.038194606858936,4.693031283261352,11.587520594102743,2.8539953900708293
79,Automatic,37,1.0403813653578415,2.8729682457542496,9.06251837488607,2.065194519148003
80,Automatic,38,0.9915573273459343,2.4323084467241505,7.46100533794124,1.6766529805679014
81,Automatic,39,1.105538179122341,3.8814775160419304,12.543620181091187,3.134673552976567
82,Automatic,40,1.0131234934307658,5.15750923321702,12.824417879705694,3.002086663131579
83,Automatic,41,1.0877137058563782,4.861343198204727,13.258640924414241,3.2859425899248498
84,Automatic,42,1.010909280608438,3.304034816365531,10.322279630684658,2.3547907374860886
85,Automatic,43,1.0083125444678145,4.401117178688826,13.780557461185756,3.215729891329544
86,Automatic,44,1.0265766243284224,5.896602579344485,14.703046061163018,3.5151160537872435
87,Automatic,45,1.007279435572193,4.279191322950621,10.891150889833675,2.5092827789243186
88,Automatic,46,1.0439818798758804,3.9542551848368688,12.079429603241739,2.8738760061314257
89,Automatic,47,1.1310672549253349,4.214936118038888,13.705636959754463,3.5858027035559745
90,Automatic,48,1.052487239334455,4.958687053939817,12.553151652314446,3.0136642770805557
91,Automatic,49,1.0459734586997536,2.712540018824748,8.158023973252273,1.8868132742650001
92,Automatic,50,0.9667253525365359,3.6640653607950036,8.50172358812801,1.8684953274203788
93,Automatic,51,1.036908391633429,5.023908833607259,15.63866870434767,3.800842169774639
94,Automatic,52,0.9134862016474216,3.99203383360726,11.031052656463183,2.5016850464868035
95,Automatic,53,1.0316536768405975,3.9846067328652213,10.686856372390285,2.4755067146540353
96,Automatic,54,1.1184727498816835,6.148293931062076,17.68645333685721,4.596780854030913
97,Automatic,55,1.0577292460812455,5.077293043479141,13.945339493350579,3.424324872563502
98,Automatic,56,0.9923938153235513,4.164859724505748,12.477794001192464,2.8732957840572744
99,Automatic,57,1.069855341870997,3.513874982377652,11.365234606164734,2.7249996222735766
100,Automatic,58,1.0299206912878789,5.212802077459217,16.725305462397877,4.027246632773556
101,Automatic,59,1.0344958805245188,4.162811995754249,13.039866881225686,3.090194377067423
102,Automatic,60,1.0786907979290807,4.715233285137131,12.804530962164865,3.1321427344553823
103,Automatic,61,1.0007556324877234,3.900828107377652,12.305300769957642,2.8367973595856983
104,Automatic,62,0.9786688756646078,4.607062220546138,11.749853090228877,2.702895688544357
105,Automatic,63,0.9679396716715734,3.038300919489181,7.777474316652534,1.6470178462984615
106,Automatic,64,1.009067365387968,4.118758860557588,10.12091766627697,2.3289856376374836
107,Automatic,65,1.0360493366463588,2.5438427570600504,8.22615110675083,1.8411316774541082
108,Automatic,66,1.045194089934806,5.505270528806774,14.947958301326475,3.623508387688309
109,Automatic,67,1.0207005094075627,5.15289320860726,15.981605073922625,3.8089882360612006
110,Automatic,68,0.9764600694492168,5.020326131249434,11.519753227951279,2.5895228937358272
111,Automatic,69,0.9360901993200501,5.112129042481331,11.547506588341662,2.5144508705600606
112,Automatic,70,1.009858524159381,5.350384909483858,16.48316464378216,3.9050819045610465
113,Automatic,71,1.0481318855518247,5.14838108829457,14.051346743448715,3.4085879677914663
114,Automatic,72,0.9585861894540206,4.635450337299641,12.959118053826032,2.9056146138155357
115,Automatic,73,0.9935602862242864,4.138636308376137,10.60543727481996,2.3938356758940906
116,Automatic,74,1.029237205178606,4.554383872488035,12.8068610989675,3.01250609578008
117,Automatic,75,0.9116739597656743,5.531133242832905,11.88399034514001,2.536646835476486
118,Automatic,76,1.0801339991640064,4.416755796054326,12.817396754846936,3.151242413419154
119,Automatic,77,1.0245131853846512,4.801252079361509,14.580231119925115,3.4556437646128217
120,Automatic,78,1.0344638216908222,2.948880391118938,9.044520411157897,2.0634224970019295
121,Automatic,79,0.9984053118898717,5.139081848979452,14.978852490149745,3.5693493474248603
122,Automatic,80,1.0259634029207632,5.128864515780997,14.851441928791791,3.5413216386657034
123,Automatic,82,1.045357237264978,4.918830344066166,13.223895538497962,3.1807913770195477
124,Automatic,84,0.9541777648465801,5.357633142180412,14.777012911935923,3.3207676321432245
125,Automatic,85,1.1009192953707656,5.3964442825230154,16.00509960035463,4.0752107379283755
126,Automatic,86,1.0301635483120386,6.213898218148126,19.755160037972672,4.807216088776946
127,Automatic,87,0.9155581032017349,5.0560194014422315,11.522441083001304,2.4658590385724937
128,Automatic,88,1.0284242522334643,4.947103945832474,13.292321153959227,3.154792103844724
129,Automatic,89,1.025301808620008,4.819357349743152,13.808855975550363,3.2717780094039357
130,Automatic,90,1.0485222911403682,5.628295998926519,15.60162608221872,3.879300019858833
131,Automatic,91,0.9583790391147994,2.874525718244387,7.557357135250826,1.68007940351988
132,Automatic,92,1.0272267903351446,6.844925947946446,18.143328816437705,4.405888272879899
133,Automatic,93,1.0033398312663384,5.223237603544876,14.82499092733048,3.5275216867280954
134,Automatic,94,0.9877693398515082,3.6694770897513043,9.703194648529225,2.276165138058201
135,Automatic,95,0.923842397138205,4.927170517090184,10.852743966581983,2.388062795059464
136,Automatic,96,0.8880465247336895,4.477460849388256,10.146139366525214,2.172543191547936
137,Automatic,97,0.8828131353334785,4.564108311945031,11.697115502710778,2.4175107769225597
138,Automatic,98,1.055700612256689,3.384890607377652,10.831336472118284,2.5530895337433805
139,Automatic,99,0.9623784709580332,2.7238793906410286,6.625574236675489,1.4380032760802826
140,Automatic,100,1.0268252809084928,3.5208747718369526,10.755193448141531,2.48305910756969
141,Automatic,101,1.002287956687945,4.5690490830364725,12.288367264296355,2.8215294722526907
142,Automatic,102,0.9425153278965966,4.095522203180625,11.596539191422115,2.525464839227269
143,Automatic,103,0.982635519167414,2.8200135422105226,6.907317682799263,1.5435809699425953
144,Automatic,104,1.010784170798332,4.614204705772899,13.184172582000523,3.077722331589114
145,Automatic,105,0.9172531753160407,5.934718505669341,13.673925593038478,3.0421216753090357
146,Automatic,107,1.0238966333406914,4.694118327872193,14.227286824841524,3.4398549833522782
147,Automatic,108,1.0102826200892874,5.355436350841135,15.770227978514805,3.7208939633220486
148,Automatic,109,1.069640986164004,5.077704198760218,14.047117251997557,3.4741497677846493
149,Automatic,110,0.9421810053489835,2.992444983203604,7.224365501669666,1.629521974600964
150,Automatic,111,0.9589806441824927,5.124048255126611,14.752932011625074,3.313235868977762
151,Automatic,112,1.0964598775076768,4.165314081856136,13.185089785460287,3.2813000171507
152,Automatic,113,0.9737253797200144,4.512772845142505,10.835239445025037,2.4469360392665265
153,Automatic,114,0.9878096431593555,4.581712860642595,12.263957460204434,2.7820356178999144
154,Automatic,115,0.9314120861980044,4.245096800801002,10.745268548852662,2.305966838440603
155,Automatic,116,1.0373789527836141,5.2345818003463425,13.829116156055877,3.3000782337782617
156,Automatic,117,1.0548762535773657,3.0513645598368697,9.543131345868169,2.2109547497077955
157,Automatic,118,1.0513620830346992,3.0227776033377713,9.246861894169736,2.1804321580998716
158,Automatic,119,0.9444291384317501,6.313267291502417,14.894218868026122,3.397678841930264
159,Automatic,120,0.9972676131833341,3.3340128851738275,10.1033718638624,2.2662790862234137
160,Automatic,122,0.9163154273326916,3.8786978872960853,10.296408516790793,2.301404175372376
161,Automatic,123,0.8726970905486016,3.9843531047062357,10.131881220384836,2.0446826398380815
162,Automatic,124,0.8745366707784247,2.631378932661147,6.148759516791227,1.1978944207090731
163,Automatic,125,1.027123916764006,3.145255131969824,8.572824522445238,1.9288987545045873
164,Automatic,126,0.9799888325122709,4.337142989255387,12.588175201977347,2.851317483489767
165,Automatic,127,1.040104622268186,5.508064184124765,16.124752133240644,3.916498994732995
166,Automatic,128,0.986717741403716,5.753069351339285,15.277356173781177,3.5308548856010904
167,Automatic,129,0.9643504212177524,5.8207671099332146,13.984261119763996,3.157142730990003
168,Automatic,130,1.0250947161664385,4.110484695194284,11.559041967385799,2.7002850399787643
169,Automatic,131,1.1056379283364781,5.528922738942842,18.032786459290836,4.694234379602579
170,Automatic,132,1.0326591892064034,3.8527385665404017,12.054596332625245,2.8545289378138055
171,Automatic,133,1.0410963283455203,3.7032862242961695,11.550983511805082,2.7252239001779612
172,Automatic,134,0.9602149690302928,4.937579555042808,13.185674587793898,2.938028903299736
173,Automatic,136,1.0585095664141368,3.90606230853639,10.752118792446456,2.5443689353163768
174,Automatic,137,0.9840872098838629,4.748958585971265,12.864174610936978,2.9864107636011954
175,Automatic,138,1.0078047201307858,5.126397862764854,13.801237614576129,3.219126943465069
176,Automatic,139,1.0951810094474657,4.195490743860667,11.345060907029653,2.8265331458809433
177,Automatic,140,1.057700058233126,4.765617619449043,13.208061585326583,3.2413599672078437
178,Automatic,141,1.0107867074393857,3.5706137132214217,11.040274892684625,2.5336340178798027
179,Automatic,142,0.9809511001848819,3.7075143728242788,11.107257337191319,2.5049167114460027
180,Automatic,143,0.9840759261638209,3.989384420789659,12.167208242903236,2.7548955957363415
181,Automatic,144,0.8641015613631109,2.5974326624658937,7.13126192414447,1.3876218326909249
182,Automatic,145,1.0347149909264748,6.307433620161145,19.332400293313718,4.75744448909901
183,Automatic,146,0.9363163218636184,5.686182556375283,13.99660585851748,3.0928729297334203
184,Automatic,147,1.0052426423037177,4.861343198204728,12.039829187507648,2.764283454036277
185,Automatic,148,1.0344567818157062,4.761356764959217,15.501246779747559,3.7193815069090235
186,Automatic,149,1.065236469968189,4.384847967247205,13.97368723809601,3.440924528434773
187,Automatic,150,1.124562560097064,4.253205427577166,12.380484277854839,3.1260029841474215
188,Automatic,151,0.9745714926108754,5.049568899960581,13.734750610297617,3.115120877523731
189,Automatic,152,1.1662480122256764,3.746187007612427,11.402918080289615,2.914204283220715
190,Automatic,153,1.0290149102424277,3.3495284294185184,10.5631211697749,2.43671079938753
191,Automatic,154,0.9578054950594991,2.7478637044102476,7.6961284635050164,1.6195892007601016
192,Automatic,155,1.0162961029050053,5.407727253684816,15.252233129395254,3.6242040016203765
193,Automatic,156,0.9761367500272193,5.3477829517471145,15.11401997638283,3.4591956873356775
194,Automatic,157,1.0255830792682927,3.6004973899592176,11.472514215613543,2.6662917652428404
195,Automatic,158,0.9586051579922288,4.98296004682868,14.10980416547124,3.1743642661434905
196,Automatic,159,1.004968086405065,4.7900042095192665,14.997917284175386,3.5096707720118907
197,Automatic,160,1.1347016142055721,4.090507724388256,11.291956226895008,2.9264040887378764
198,Automatic,161,0.8983874772452802,3.567302059836869,9.659867901537707,1.9823030960091366
199,Automatic,162,1.0298698480457742,5.965131538529955,16.881019057961204,4.069134640603182
200,Automatic,163,1.0714691040914754,3.604802522191847,11.759242415012753,2.8407625823731624
201,Automatic,164,1.0938289310626284,6.319701627814299,20.943889975480076,5.404921494491973
202,Automatic,165,0.8914275334705866,5.34636977110726,14.389021248149316,3.2300557320403946
203,Automatic,166,1.0132755797656192,5.724321849217025,15.468698292883042,3.6617110146843377
204,Automatic,167,1.196075946826359,5.303166144908512,16.44300182951112,4.4782490102405355
205,Automatic,168,1.1836462160497971,5.007386657478172,15.11758159900942,4.060536848911858
206,Automatic,169,1.013548720153736,4.346084757502027,11.704852229596483,2.697860397264904
207,Automatic,170,1.0284859514230988,4.205956386575699,10.973275742640789,2.569298177438157
208,Automatic,171,1.0486114658183123,4.444972138889902,11.945488104288453,2.9386555678124466
209,Automatic,172,1.0215924710856854,3.5341067297145203,9.879700401788636,2.280055863724835
210,Automatic,173,1.0868312026405118,4.31869215947512,11.843361536663876,2.8853172905991316
211,Automatic,174,1.1058591571831804,6.822492785227358,22.5243435241842,5.899678777877768
212,Automatic,175,1.0754793733486199,4.88768191581829,15.190110701861839,3.7679360583518187
213,Automatic,176,1.0880369935907837,3.630535392954588,10.934011470825798,2.6636697059077665
214,Automatic,177,1.0782188268960273,3.8644626392471157,11.58676685919667,2.8167800460471835
215,Automatic,178,1.079730559566477,5.970574606665548,18.207410967955987,4.627173053526125
216,Automatic,179,1.020338951148299,9.383065934141456,25.71471268253297,6.298594632536895
217,Automatic,180,1.0432193922210893,4.168346002092345,12.678140320969831,3.0212485456921816
218,Automatic,1,1.200943521635014,9.669693272729614,34.620813513924006,9.991172277275616
219,Automatic,2,1.1876591300634596,4.5854172925694145,15.601889846194023,4.279051245851728
220,Automatic,3,1.1310203332368394,7.375025968240213,23.576919409922986,6.322751932559112
221,Automatic,4,1.3307682101615046,10.46248803775106,38.911882340406855,12.35182825284703
222,Automatic,5,1.3536001939768412,9.248716811534573,36.922262330424324,11.866198801762339
223,Automatic,6,1.0778622655713113,18.082551462532024,54.6577355201402,14.454526459456774
224,Automatic,7,1.210604222320429,7.8144969901734225,24.955686645005297,7.146651679477626
225,Automatic,8,1.055436218680908,4.356856738525694,13.324424459951342,3.4775276078493853
226,Automatic,9,1.1243334323220147,5.537947860862562,17.696407744470278,4.614325203080925
227,Automatic,10,1.2336353464231633,7.199096307173735,25.84007647506538,7.53595401158185
228,Automatic,11,1.1545569102096738,8.209741951319657,24.86850125019784,6.920743168104584
229,Automatic,12,1.1919871378926081,5.815264232648633,18.304934828408463,5.133825991860564
230,Automatic,13,1.1729042644055858,7.943251482454972,26.270355547750736,7.3604080211594365
231,Automatic,14,1.1015850219956513,6.53142041697517,19.19790402691931,5.111444328881092
232,Automatic,1,1.3226703602469083,7.077951871031941,26.424455363318014,8.32298403916989
233,Automatic,2,1.3306178472669519,11.204605534088445,28.818919311323143,9.032863916446905
234,Automatic,3,1.3427375912676007,7.512596126846656,27.91600965593549,8.766006590877996
235,Automatic,4,1.3494355410974144,7.058331647309661,27.47117522274118,8.7730482747842
236,Automatic,5,1.3311495434647878,8.100899887562893,28.453460814050697,9.089139065616482
237,Automatic,6,1.3261265542543035,6.423099971717127,21.675197044548796,6.898086717318673
238,Automatic,7,1.1525253261423536,7.146470846525048,20.87945836079149,5.71931496722437
239,Automatic,8,1.3560327431120092,10.36501637903093,40.958076363053216,13.33218024065574
240,Automatic,9,1.1558284788110618,5.365898365218269,15.602875544562737,4.117224866857326
241,Automatic,10,1.1289716075955387,15.369915721307398,43.31563874726885,11.89327031000029
242,Automatic,11,1.081264000811814,5.834375954640478,15.796078423191785,3.9446608576995503
243,Automatic,12,1.1375556927491481,5.995261310185516,16.769778487600796,4.394448168053926
244,Automatic,13,1.230891868853231,6.49249844554205,22.44570781170586,6.536813119995332
245,Automatic,14,1.280473583917537,12.474359480697583,39.800344060329195,12.235815172586031
246,Automatic,15,1.2339813578965226,15.305589718867044,29.45112514387009,8.647045073907044
247,Automatic,16,1.1649292809707081,74.97205749462492,226.73014072752633,66.42601947676783
248,Automatic,17,1.381404933625601,4.7409093360781736,20.015822593191327,6.233703298538144
249,Automatic,18,1.1522872227612548,9.817670439554187,20.103854332459797,5.422127004286591
250,Automatic,19,1.1768567551056286,4.32769238017472,13.405155526147853,3.6658873896946202
251,Automatic,20,1.2089706031756884,8.619727451981479,25.61888315831098,7.3437044627683585
252,Automatic,21,1.3740630983439432,6.034490096634758,24.575747625902938,7.772672088463057
253,Automatic,22,1.3788274019359277,7.421390400617048,26.938471766985618,8.622942179321232
254,Automatic,23,1.3818889781089212,5.924320628282174,20.651802028971986,6.456199912787712
255,Automatic,24,1.3481829853441938,6.833070379608822,26.43987133887117,8.296424490525569
256,Automatic,25,1.1830421087834295,9.111940093656044,27.57579513422075,7.7428410767511116
257,Automatic,26,1.3121856714136515,8.144123862816246,28.452945643525293,8.779235626506606
258,Automatic,27,1.2076269921673386,14.649271703590836,27.12852012390637,7.746941248251235
259,Automatic,28,1.0759301491343627,12.543445787118316,21.76158792875564,5.579473742236489
260,Automatic,29,1.0703692088148289,4.385501455961718,11.886281477353,2.8874799374447813
261,Automatic,30,1.0763742439483912,15.148371252575044,42.60979270557193,11.210348203128904
262,Automatic,31,1.013419062729942,22.554460321004164,29.496207945872282,7.286237601729763
263,Automatic,32,1.1244688877786593,5.2911154192386975,13.859246388128762,3.632880447963852
264,Automatic,33,1.0822438262161775,7.608889679669296,21.81612985949747,5.611252287269391
265,Automatic,2,1.1543463088338861,11.687054086331338,38.45319551728254,10.72558657711282
266,Automatic,4,1.1078981541959836,9.809730677167146,30.333635437265233,8.057635684931084
267,Automatic,5,1.2812149111097861,7.106401054559621,27.18157305904634,8.185482729901159
268,Automatic,6,1.2721292660104302,7.44182506701396,26.791558958262023,7.999651115606461
269,Automatic,7,1.2404696033306473,11.569727981325434,30.025980440602755,8.840303474084783
270,Automatic,8,1.2674376873246025,7.987890336740924,24.832754253560793,7.447246250561187
271,Automatic,9,1.3305921061364434,5.631257579305873,19.114611615782923,5.748588928193003
272,Automatic,10,1.4193430876690485,3.4244680996492436,12.886215919613269,3.82728301560067
273,Automatic,11,1.211013130621373,4.4094686656865925,14.151114104496665,4.1365815536141035
274,Automatic,12,1.3378757233835132,5.290564024211006,18.4580183737026,5.567464397286843
275,Automatic,13,1.3226748613058708,10.626342038081107,35.463794055905126,11.182070548290714
276,Automatic,14,1.2412385761638856,4.620127611191162,15.32360000617753,4.25773807528516
277,Automatic,16,1.1302705260578823,20.917574324708003,63.07606957155344,17.60189035615642
278,Automatic,17,1.1053460172538905,8.314583142424551,22.470308609809752,6.011796919482435
279,Automatic,18,1.1449798890660052,7.970718154148853,23.21713853132686,6.276361618894183
280,Automatic,19,1.1189679405703168,6.242496231669721,20.950201955725046,5.545173910996297
281,Automatic,20,0.971875105323534,7.235593479357311,20.411794877725757,4.748640606019311
282,Automatic,21,1.3074171685378906,8.094454880327453,24.857254905847366,7.828899318784156
283,Automatic,22,1.3591273938289268,7.0591168509540045,23.66825743043946,7.544320638156655
284,Automatic,23,1.2615961725680496,12.73630069918759,41.38675924467984,12.568643382656367
285,Automatic,24,1.341259768111178,5.597822664757905,21.463507573688908,7.038855913374322
286,Automatic,25,1.2615285942219163,12.035204479208176,40.97249308693963,12.425493102413656
287,Automatic,26,1.3478666695829584,8.141447341940415,31.513719814947496,10.225891368698381
288,Automatic,27,1.1590255634044053,5.89178401703358,16.154213662851063,4.562708098655623
289,Automatic,28,1.1947386588219333,6.069533789551387,20.289529065311406,5.6567407889233365
290,Automatic,29,1.289788220220496,10.823489771268537,36.40227757282583,11.236377108876162
291,Automatic,3,0.7900162305077237,2.7491604246489456,6.180448908269808,1.097286240824651
292,Automatic,5,0.863742907870359,2.702944301581185,7.322502961221825,1.4196976760290994
293,Automatic,6,0.8119378539300532,2.0805203229265503,4.390719975478217,0.7690846197048169
294,Automatic,7,0.786734555989808,2.8182359307969893,6.480629590144773,1.152061514130841
295,Automatic,8,0.8103275217007468,2.0932484511152247,4.426065230323412,0.8096094323910656
296,Automatic,9,0.8225790487699061,2.0344228137024,4.678843249511683,0.8174314000256939
297,Automatic,10,0.8199583904714492,2.10811186442608,4.401542673800358,0.7793229726058466
298,Automatic,11,0.8373651978426249,3.787706404198048,8.668297181875742,1.662556730092615
299,Automatic,13,0.799805602618815,1.9311565624324407,4.239151807991923,0.7190572845027953
300,Automatic,15,0.8603209571067424,3.2768139172004243,7.868962632600739,1.5405318718830798
301,Automatic,16,0.7933385707388461,2.2189869465592347,4.603739223709456,0.8152383875605917
302,Automatic,17,0.8280463531173409,4.368735559023798,9.125990552150492,1.7571512716416375
303,Automatic,19,0.8309772155568964,2.1513466636620495,4.845290139400361,0.8656864776609035
304,Automatic,20,0.7467451785183544,3.323083265780997,6.309079164704081,1.1202961463941559
305,Automatic,21,0.8033792749587455,2.4853843635174107,5.27963056005367,0.9345404394548027
306,Automatic,22,0.773267736762614,2.513296839755304,5.118631861683689,0.9205054903814569
307,Automatic,23,0.8124077838419416,3.31356848018316,7.146080616236759,1.3507607000642905
308,Automatic,24,0.7666836947032987,3.309591932025483,6.771034774636195,1.2003228720714587
309,Automatic,25,0.8273871122873351,2.524088136935197,5.6326778827160595,1.0224744250388536
310,Automatic,26,0.8211116513959111,2.6054196119054627,6.347289935545491,1.1622552198183291
311,Automatic,27,0.8251922291772458,4.282875449571392,9.924362171175016,1.9048432985368124
312,Automatic,28,0.8246115247120827,2.393666984973224,5.656150270712304,1.028326904554667
313,Automatic,29,0.7803735124348503,3.32141126004019,6.549119405662327,1.17757006623658
314,Automatic,30,0.7957034128924539,3.412415574241118,4.862249546225646,0.8925109883107414
315,Automatic,31,0.7974647354337419,2.691287801513104,6.3759852394790055,1.1399583713172114
316,Automatic,32,0.7549848966193364,3.506054221044616,6.7650117676016315,1.1934831268773087
317,Automatic,33,0.7854125428175304,5.099422237470996,7.004584941562482,1.2567413988302223
318,Automatic,35,0.8085170175914653,2.3066206889704945,5.0864526883875305,0.8960235521074087
319,Automatic,36,0.5991521009667561,2.2023279130814557,3.6266202892343338,0.5230631333766858
320,Automatic,38,0.8020081026631994,2.8274025680930754,5.798519556442207,1.0402637768187204
321,Automatic,39,0.7597449823515139,1.7844875130274997,3.8246890576848322,0.6153592174062291
322,Automatic,40,0.8128325165402843,1.8803571207166363,4.8198209135634125,0.8411878485928165
323,Automatic,41,0.7729105124971781,2.5890169652427124,5.300215956778537,0.9105349099796773
324,Automatic,42,0.7228486614030996,3.528003013492968,4.633208825023977,0.7613312312133537
326,Automatic,44,0.8140176315293058,3.263174396929041,6.602323135095068,1.2143365372833252
327,Automatic,45,0.7931483031168622,2.6855055453567767,5.469226838704721,0.9622103032736872
328,Automatic,46,0.7952744911205388,3.530497667146961,7.285916428660017,1.3224279873832867
329,Automatic,47,0.7915723849977808,2.1741513640048193,4.820686203924529,0.8256934682644139
330,Automatic,49,0.8164450231973028,2.147437825275211,4.911395404260916,0.8619294182977396
331,Automatic,50,0.8030911857738643,3.738907024443917,7.83539849234034,1.464086880453573
332,Automatic,51,0.8209042860535272,1.8766002663406591,4.471436717607965,0.7746804491250866
333,Automatic,52,0.7908493744390445,2.4176706228242786,5.835144143895647,1.0257034333414097
334,Automatic,53,0.7828930550601533,2.8432138247285272,5.770531269138552,1.0081021882569972
335,Automatic,54,0.7671370580098154,2.9005756206485565,5.818198076006357,1.0039351017659892
336,Automatic,55,0.8588740402266576,2.854559174945583,6.493302468764231,1.230368474097986
337,Automatic,56,0.7739078516843515,2.889347682661147,6.167466449204232,1.0936809520085788
338,Automatic,57,0.7947149773642751,3.9230295257945706,7.843395897154232,1.4387796285041141
339,Automatic,58,0.7913153796792186,3.1833594366334674,6.58687283035674,1.1758451902961853
340,Automatic,59,0.8030086052185064,1.8801942927700104,4.38609790477556,0.7553719254181308
341,Automatic,60,0.8117302617958408,2.8502072684358453,5.974706853853961,1.084540418662523
342,Automatic,61,0.7607427398830601,4.03708064692904,8.036236879094856,1.435403922370358
343,Automatic,62,0.8068466540350937,3.0816253076528626,6.838075467124498,1.2436709384162628
344,Automatic,63,0.8046749220427202,2.108821868296989,4.671872116977511,0.8169492010319462
345,Automatic,64,0.8206698600855735,3.6268234193143982,7.789076430340102,1.4593548495204036
346,Automatic,65,0.838048913533439,1.971400018999619,4.794254796481819,0.8536865185318048
347,Automatic,66,0.7868663878701305,1.697191450283495,3.773822058951414,0.6223327027378786
348,Automatic,67,0.7894202713082249,3.1778760483132373,6.849259864967995,1.234083974671392
349,Automatic,68,0.7751198794553801,3.5459260577292273,7.535239543372057,1.346629026819867
350,Automatic,69,0.7916224492383599,1.8481432174184347,4.610179400815674,0.7837077565347159
351,Automatic,70,0.8147946084510838,3.636540393931538,8.597776527636979,1.616433688535857
352,Automatic,71,0.7872698411860005,2.573368536553887,6.13602769899667,1.083006796184808
353,Automatic,72,0.7271240831172819,2.2822044564315385,4.633309104717415,0.7830784203425751
355,Automatic,74,0.8008045569877115,2.143890616188826,5.288837536322224,0.9261234671308096
356,Automatic,75,0.7742712734122675,2.6220494674184343,6.27406033684246,1.092977376586588
357,Automatic,76,0.8083441645109974,3.4970276161805414,8.537215702735814,1.5898774272668073
358,Automatic,77,0.806178813232514,3.893498539142585,9.480102927393462,1.800248469053663
359,Automatic,78,0.7806925407359679,2.4066055127834955,5.641160246392029,0.9810405181840548
360,Automatic,80,0.772973569851353,1.6020760605682827,3.55167081857296,0.5698536057364715
361,Automatic,81,0.7440679767627192,2.798992745638071,5.750892431940214,0.9930473516776084
362,Automatic,83,0.7393231489075305,2.5358714023910798,5.42572167085788,0.9128980712952124
363,Automatic,85,0.7808341794615856,1.895788038721324,4.3881215324341,0.7390348485773254
364,Automatic,87,0.8111916062110187,2.5009600644510295,6.225647896695106,1.1260499433294582
365,Automatic,88,0.7717106463244872,1.7302239524592173,4.22692023611786,0.6952246227324093
366,Automatic,89,0.6919196570825475,3.358786851502615,6.854852255612586,1.1151883368423567
367,Automatic,90,0.748109375,1.8859218661888262,4.1029264962444785,0.677527995971948
368,Automatic,91,0.7906857573046672,3.6142473459033457,7.714640656754596,1.411235759437424
369,Automatic,92,0.8125098368052295,3.1675481799980156,6.992673646423426,1.2849839232347584
370,Automatic,94,0.7925415104439899,3.6821785972806156,7.165778577102866,1.3168887015159434
371,Automatic,95,0.7917129337400225,3.2235223303891605,6.406356233032482,1.1442072095924642
372,Automatic,96,0.8263597487086535,3.745293021594669,7.521856674355069,1.414186525559156
373,Automatic,97,0.8035085847796676,3.2936848811480433,8.067898594862104,1.4898874339283634
375,Automatic,99,0.7467900091591345,3.4002609509653055,6.325888071487444,1.0903622983312353
376,Automatic,100,0.8033829587626612,2.538738713221422,6.224173234579612,1.1263308421669256
377,Automatic,101,0.7598884535241979,1.8410626858839025,3.560952066071756,0.5893493261656024
378,Automatic,102,0.8008711726785008,3.058795552334885,6.105899548281878,1.0920064218944898
379,Automatic,103,0.7701412254461836,2.4008232566271674,5.678749378366537,0.9773788404969395
380,Automatic,104,0.8018489482984925,3.1563202420106062,6.305504259620694,1.1387638870938133
381,Automatic,105,0.7822604712266286,2.7132551936480436,6.3489018455430655,1.1244380463829637
382,Automatic,106,0.7626107852813506,2.6583604124862656,5.7121054149405595,0.9790755210887989
383,Automatic,107,0.78779922616701,2.581263508586482,6.21450869637975,1.09922543267962
384,Automatic,108,0.7862932624179408,4.509823016802992,6.373414140348916,1.133707708019396
385,Automatic,109,0.7973915530395129,2.9009494999917163,7.030079594047994,1.2783606165151944
386,Automatic,110,0.7924946534469571,4.187008724339922,6.269142780466164,1.1177183598814773
387,Automatic,112,0.7805054216628738,4.451200713547379,7.100110765769722,1.2615166790671717
388,Automatic,113,0.7658153001783411,4.503388014959217,6.714425397267625,1.1733144441023327
389,Automatic,7,0.7768250076883609,2.7998776012296087,4.714636716724648,0.7929774181711481
390,Automatic,8,0.7266371524410529,2.2010532354537586,4.849584781597396,0.7918216425448347
391,Automatic,9,0.888715525250094,2.49834794630289,6.847778030716639,1.3454954386699605
392,Automatic,10,0.8683499683626243,2.555790162138705,5.393294821508696,1.018810090695095
393,Automatic,11,0.8476553319843128,1.8423609612621068,4.734000522367036,0.8483044963522374
394,Automatic,12,0.8143414735102144,2.805435175958136,5.7712034027774815,1.040124655728308
395,Automatic,13,0.7903895978956048,2.7332297490242645,5.3034701636344685,0.930652799997938
396,Automatic,14,0.8123597828763167,2.6866379082289975,5.614917284603228,1.0054481039675935
397,Automatic,15,0.8223032168544392,2.834076032858281,4.906626637925014,0.8663269662178484
398,Automatic,16,0.8951100918726224,2.2066471588907555,5.64097228950905,1.0827558920585054
399,Automatic,17,0.8077085111718943,2.1661170895809545,4.611352292905979,0.7981447619164753
400,Automatic,18,0.8008557519575585,2.589016965242713,6.048088421267409,1.0787933136227936
401,Automatic,19,0.7478974189717005,2.3640807174184344,4.791857633978303,0.7943819123584863
402,Automatic,21,0.7218254047615538,3.738886091271325,5.192534703790784,0.8562317889736355
403,Automatic,22,0.8036070503881372,2.3735730106077733,5.359045711055358,0.943260952872979
404,Automatic,23,0.678353575846921,4.940010557896839,9.147517174399704,1.480585592015489
405,Automatic,24,0.6865209675045053,3.5907069575461303,7.29531937989001,1.1990853206318004
406,Automatic,25,0.8249643223275578,2.0006709931398556,4.791108823694791,0.8429039151620769
407,Automatic,26,0.8176305926792238,2.731588468240216,5.465405077176361,0.9868084789345368
408,Automatic,27,0.7967412203806339,2.2799949141343,4.957949488763582,0.8724296160980114
409,Automatic,28,0.7773895794088064,2.9510633946465292,6.002872887815718,1.0472175119849403
410,Automatic,29,0.8399778484959185,2.2776130590566512,5.311457858179258,0.9640797616565875
411,Automatic,30,0.846925188551117,4.26404241948463,6.566900718741983,1.237772062829442
412,Automatic,31,0.8361828936244277,2.358298461262107,5.035644956783981,0.9056078591956359
413,Automatic,32,0.806310318651751,4.185673224053886,6.240187125376362,1.1352539799537893
414,Automatic,33,0.7930028485844236,3.059259531869465,7.2582001794779645,1.3122858725705036
415,Automatic,34,0.7974522477510585,2.422253941472321,5.545448346878073,0.9742989460848315
416,Automatic,35,0.786509758320296,2.3152369586072608,5.055297696770473,0.8983144822215133
417,Automatic,36,0.8775971825800605,4.158959685324277,11.075365530046632,2.2669953961109117
418,Automatic,37,0.8229955288404692,3.2642250928314103,7.633052474109391,1.449124922219113
419,Automatic,38,0.797988885940636,3.5413999492411166,7.167882597372158,1.3967244015651556
420,Automatic,39,0.8459207306401013,2.438493760188445,5.733635048515121,1.06969772454442
421,Automatic,40,0.8384488831590816,2.3500082973160907,5.801815187741857,1.0655175721835033
422,Automatic,41,0.8276776531654133,5.041766718753211,6.479053413654497,1.2191641560091642
423,Automatic,42,0.7693062173350652,3.209747319469823,6.2403014036436195,1.1663028360763588
424,Automatic,43,1.0284695040806766,1.7251078866254734,5.298158012968302,1.079360296327781
425,Automatic,44,0.9861380322940378,1.7507813556893388,4.574258586722968,0.9238789330877117
426,Automatic,45,0.9006766759768221,3.9953454869918126,8.661001026238667,1.7594768218189867
427,Automatic,46,0.8544626191926682,3.6520510496489456,9.655725806581756,1.916106352042822
428,Automatic,47,0.8336246160292357,6.135924449796084,13.36867474024277,2.6466288466201053
429,Automatic,48,0.9827832054049382,2.097759040579671,5.234261706557342,1.067825524496048
430,Automatic,49,0.8836855512789891,2.5041302024592174,6.607304532484549,1.3039324035247855
431,Automatic,50,0.8753413168318835,2.5329564570650938,5.94570720974153,1.1282871412291633
432,Automatic,51,0.9013224111085822,2.9745355970325957,6.839296332479014,1.3499263167911673
433,Automatic,52,0.7931379749071391,2.880018217418434,6.059699196535371,1.0744380533137237
434,Automatic,53,0.8489773578688906,2.7778888965244084,7.340279104144353,1.4018191056443694
435,Automatic,55,0.8647722465956722,2.9634704869918127,7.726478336364916,1.5471173006934507
436,Automatic,56,0.7659052493871988,4.97411766997472,6.842451116517287,1.2003761141752751
437,Automatic,57,0.8414998975595734,2.347233351221324,5.907509613786809,1.0901583954118754
438,Automatic,58,1.0284994056843528,2.368381112053101,6.41853044167375,1.3744222723323065
439,Automatic,59,0.8369765336291667,2.3688055514428425,5.913140259764682,1.0849652169808712
440,Automatic,60,0.9334599893180004,2.905073868725632,6.7218482993772195,1.3587076768309752
441,Automatic,61,0.8944399605888523,1.7355614890811846,4.784554887842015,0.887113480190454
442,Automatic,63,0.9089399999686185,2.0170189570650936,5.536185896248123,1.065927599311347
443,Automatic,64,0.9075134406838908,3.3406301672145196,8.711843779394897,1.8365465940745958
444,Automatic,65,0.8320404490899002,2.8071085866348042,5.901340449772717,1.1002491083403478
445,Automatic,66,0.992244879103257,2.4579745674524087,5.2971795707743015,1.0765599933348382
446,Automatic,67,1.020565813058913,2.288523419877652,7.1362453470259615,1.5534005659072148
447,Automatic,68,1.0037015538328877,3.712150185934406,6.950833605135825,1.5079201216290998
448,Automatic,69,0.7876206812920103,2.7760117363499726,5.751504907274701,1.0577259008127207
449,Automatic,70,0.8822537465714395,2.809743773762107,5.185892039902096,0.9668438057635814
450,Automatic,71,0.856820533917749,2.385066682729228,5.092240988166873,0.9449786407087878
451,Automatic,72,0.8848823439429789,2.242554673643514,5.470933557628304,1.0360231942494011
452,Automatic,73,0.7869245594395469,2.8707901764386707,5.723919073988274,1.038450821841423
454,Automatic,75,0.829536186209242,2.9963693391857156,6.949854723582336,1.2952594910309354
455,Automatic,76,0.8230096330096933,2.9531776399426484,7.259866245526276,1.349418029594472
456,Automatic,77,0.8903188905565848,2.8360968871599876,7.176154824527265,1.4249325048182073
457,Automatic,78,0.8273188583961547,3.2029006050536757,6.962510550623244,1.2959181221852438
458,Automatic,80,0.7706828115330441,3.1273236280829364,6.020462565107377,1.0679038839736565
459,Automatic,81,0.7973603249912774,2.88201811442608,6.257749434849891,1.1324128113026704
460,Automatic,83,0.8479564765293155,2.655148991184828,6.770478508382318,1.2910529150591872
461,Automatic,84,0.8281184195422187,3.0728953111642916,7.250671035667144,1.356741384968702
462,Automatic,85,0.844721481979375,3.562718741188826,7.926587590511877,1.5373593374603944
463,Automatic,86,0.835655834143264,2.955575514959217,6.283675317269678,1.1679773661904476
464,Automatic,87,0.8544143696322568,2.5707641105663264,5.50711337107452,1.026499733782806
465,Automatic,88,0.8647515696640635,3.3133041157198004,7.163902468678895,1.3871134108828533
466,Automatic,89,0.835437101935312,3.3146161637213245,7.40385457444624,1.4084167782627117
467,Automatic,90,0.8319037642089815,3.085266480279145,7.6354114783568985,1.4578282184178968
468,Automatic,91,0.860437980749139,3.13185389840573,7.468814930492913,1.4455736992772208
469,Automatic,92,0.8106831232800961,3.063241098011509,6.297692792559855,1.1427918524944087
470,Automatic,93,0.7659248372610443,2.0655920784795194,4.399277696346575,0.7309245962216424
471,Automatic,94,0.6695577238201542,6.93536145314041,7.8232338407415165,1.252214837154297
472,Automatic,95,0.8059025871796472,2.1354167931829866,4.591964227942393,0.8070251312357338
473,Automatic,96,0.8130701477652328,3.0984726738499724,6.936104895436083,1.2717708149630627
474,Automatic,97,0.8182900130462104,1.9553230282301217,4.761324246270064,0.8362384957978081
475,Automatic,98,0.8075210298521698,2.164821898762107,5.421947755014572,0.9595404359894227
476,Automatic,99,0.8097279560909466,2.657954698419337,6.620389120239505,1.2110502699990455
477,Automatic,100,0.7889584188733756,2.100547221946245,5.052452200485863,0.8689968335021128
478,Automatic,101,0.7697549124249444,2.1589395761235095,4.633221492590131,0.8107430205409719
479,Automatic,102,0.8013978657119287,3.727749651755064,5.5227083530190875,0.9906980194719237
480,Automatic,103,0.7674709892110603,3.438480512783495,8.049166373663832,1.4268269732451997
481,Automatic,104,0.7351132475760066,4.623025008575012,6.132869536422415,1.0274378119712575
482,Automatic,5,0.845163718681964,2.0952327518110607,4.7403607287022,0.8583533512227971
483,Automatic,6,0.7657220365803904,2.1998542979454747,4.589112142615843,0.8259339038843212
486,Automatic,9,0.7994285304853744,2.665069846454838,6.181578580455574,1.111031711710076
487,Automatic,10,0.8536108727656326,2.9798911786722573,7.452068154137189,1.4294741982727492
488,Automatic,11,0.7827459290032618,2.15319286786815,4.424421518511338,0.7822472288246836
489,Automatic,12,0.8035134181330675,4.973597712113296,6.652878176164564,1.2233776385711788
490,Automatic,13,0.819544158607155,2.480126564608163,5.517729941784396,0.9953199628238978
491,Automatic,14,0.8454563070144061,1.5192004885256947,3.6729603910433504,0.633737772038161
492,Automatic,15,0.807204430520483,3.4978365168919776,6.787983540857496,1.2665728581415892
493,Automatic,16,0.8598863285968869,3.471513014959217,5.888657006259599,1.1089886103222433
494,Automatic,17,0.8779010466399152,2.328104735036785,6.244882288185192,1.2154911277803915
495,Automatic,18,0.8628730503003247,3.1002083186480434,7.887835731949386,1.5575840537580645
496,Automatic,19,0.8362235374797615,3.7886442812317953,9.01098486657056,1.7379893890810338
497,Automatic,20,0.8852647115015371,2.584270818648043,6.7207963135348106,1.3603930698557816
498,Automatic,21,0.8361180793381306,3.452067640780997,7.80982557937241,1.5427264100834446
499,Automatic,22,0.8497631556696291,4.462439228180638,10.03196385357153,1.9903756662173866
500,Automatic,23,0.8158907627796026,1.8573098547145208,4.20438929384812,0.7536815756368433
501,Automatic,24,0.8638481543035414,2.8104824741407586,7.18454457813773,1.3949655124620384
502,Automatic,25,0.8644982977515484,2.944510404918435,7.713959596159797,1.518539115350063
503,Automatic,26,0.8634874806263484,3.029375855131669,7.600484951551716,1.4751337022234237
504,Automatic,27,0.8231102640688317,4.057335128712228,8.202649944270227,1.5641401086958693
505,Automatic,28,0.7969574512632142,3.494429608199431,6.649188898374984,1.2457863441689845
506,Automatic,29,0.8041143723446453,1.8318709936126085,3.7827204639068808,0.6631412016542599
507,Automatic,30,0.8648104598993951,1.9105216248483807,4.82714783584241,0.875727334706617
508,Automatic,31,0.8089142152482015,3.1597013294274103,7.430051609095642,1.3979001292872941
509,Automatic,32,0.8418592090806155,3.105357041093615,7.327393456022328,1.4105682854077346
510,Automatic,33,0.8322087780451014,3.006667478866222,6.545458604947877,1.2752105766220367
511,Automatic,34,0.869926869678183,2.6372740076860968,6.52925113126185,1.2778088116402948
512,Automatic,35,0.879926480981861,2.2618098811480434,5.96521603701077,1.139044785931281
513,Automatic,36,0.9037705492338394,2.3798919740538866,6.22400168522259,1.2287932928305136
514,Automatic,37,0.9581316863315874,4.665861775355923,11.879077736309602,2.6251103400262563
515,Automatic,38,0.860607090190996,2.4898949544102478,6.1884812439291155,1.1827915084979213
516,Automatic,39,0.8693875962699079,1.821429678688826,4.863505242778755,0.8904493147724193
517,Automatic,40,0.8693470523876905,2.176625709181541,5.632736794597399,1.0646284796000933
518,Automatic,41,0.8745270288210164,1.761520809836869,4.728071567059882,0.8643557175990934
519,Automatic,42,0.8553384670209727,3.6978624434233502,8.996472780799062,1.7716972495771508
520,Automatic,43,0.8940200916482909,2.4543050168238976,6.021586649402093,1.171524881454761
521,Automatic,44,0.9234834170072485,3.3144320203476547,8.143915740646928,1.6794686802880057
522,Automatic,45,0.8326779980784597,3.057568266128438,6.562726427854769,1.2471038496381786
523,Automatic,46,0.8721394061927394,2.4007151114180534,5.684423305379194,1.0873943513048814
524,Automatic,47,0.8672933807521905,5.0315026540518994,11.793145631000364,2.4002832228176283
525,Automatic,48,0.9228726958397857,2.7493212641071465,6.668766074511461,1.3895851852463728
526,Automatic,49,0.8490313193642172,2.684829076607147,6.092801970924666,1.1671133059720016
527,Automatic,50,0.8550743139138465,2.2445886356077733,5.241964757653396,0.9660137587078577
528,Automatic,51,0.8355907952721574,4.910250423137868,11.037299105640109,2.157652252257688
529,Automatic,52,0.7600553272756703,2.6704523131818116,5.284360338680073,0.9070853414659953
530,Automatic,53,0.7903884440490185,4.44496505450232,9.238562351737617,1.8196526763153371
531,Automatic,54,0.8437694310106854,2.0182906223285846,4.433937289396048,0.7921247288587092
532,Automatic,55,0.7659122876850097,2.631378932661147,5.597820970474848,1.0004941205425286
533,Automatic,56,0.7586280662752232,2.325417213056506,4.456053947052057,0.7646765968164166
534,Automatic,57,0.8253068505969767,2.280127516153333,4.959433129151031,0.8761292642563947
535,Automatic,58,0.8195294802944767,2.352554640207278,4.715175567934473,0.8632720887675585
536,Automatic,59,0.8723558247352672,2.2267004386941154,5.121485750479211,0.9460730747858372
537,Automatic,60,0.8248912244895537,3.024580269726514,7.046814611201702,1.318072727074216
538,Automatic,61,0.7819351288906894,2.603817617089211,6.0055648511979465,1.0633116972856305
539,Automatic,62,0.7953746463652244,2.5628948165404015,6.1324474880524935,1.0966640129413134
540,Automatic,63,0.7777303954011567,2.304334676513104,5.166078560076088,0.8886248006572014
541,Automatic,65,0.8300132378679774,2.0997302425079645,4.844977073932179,0.8575741579886694
542,Automatic,66,0.8565990851842915,2.82080888380289,5.2836557148994725,0.9721808836754666
543,Automatic,67,0.8224226884193483,3.2740048681738854,5.2403214766597115,0.936270776747291
544,Automatic,68,0.7884591719508606,2.2175494409849126,4.4029940077615235,0.7957864065458247
545,Automatic,69,0.8357298345146473,1.8801396100324983,4.86466697129202,0.8676865161375046
546,Automatic,70,0.8291097559217602,2.594299819127168,5.7975051204295305,1.05827770568762
548,Automatic,72,0.7696146970218148,2.1816692649592175,5.18052608099061,0.8825841473233254
549,Automatic,74,0.7326031843377919,2.088727893931538,4.110124404395276,0.7217708912014229
550,Automatic,75,0.7554101230032894,2.4950649894260803,5.084452177267128,0.8576937482593181
551,Automatic,76,0.8683592303647578,2.1263437147553033,5.302793756284475,0.9986253619086255
552,Automatic,77,0.7768201609629264,5.158082069241782,6.86758530081124,1.2289110965551995
553,Automatic,78,0.803864435281524,2.6324907823422175,5.390541840684135,0.9940291692804233
554,Automatic,80,0.7912303058387986,2.093847919869367,4.486725882992494,0.8078550637568973
555,Automatic,81,0.7657678259430023,2.3594015924144363,5.343883824357899,0.9112776868029373
556,Automatic,82,0.8610352653328691,2.0542608985456994,5.030227325504304,0.9205737720502011
557,Automatic,83,0.8309992653445057,2.381142326747116,5.1966753005560875,0.9417803059506861
558,Automatic,84,0.8612797615433978,2.5108809197210404,6.1564832851931595,1.1614781483180272
559,Automatic,86,0.8569138136505512,1.8352046896081629,4.476547841016427,0.8065559440456435
560,Automatic,88,0.8173616508736581,3.634511432974004,7.72120457177368,1.4488562180580162
561,Automatic,89,0.8153147874390706,2.834134951325855,6.1587789109377855,1.1233044582330574
562,Automatic,90,0.8027202861946449,2.5264746656723545,5.311445897768434,0.939523122450909
563,Automatic,91,0.8204488951257666,2.740711117251257,5.714308952513195,1.0393414816251296
564,Automatic,92,0.8335511467521032,3.0071041196737385,6.1821038047290715,1.162951181827195
565,Automatic,93,0.8509726536748672,2.5164498087567573,5.763624238808844,1.0660426541794163
566,Automatic,94,0.8739514074275678,2.171302160734996,5.257647927261579,0.9752230506041963
567,Automatic,95,0.8396860491143323,2.6499151263133616,6.317711499299182,1.1750681187958831
568,Automatic,96,0.8617707846841819,3.667992000528971,8.490332445379266,1.6704012167972906
569,Automatic,97,0.8394827137231861,2.997937482377651,7.377056949354596,1.4117975571123595
570,Automatic,98,0.834274526896002,2.7126313985310433,6.210230086854475,1.1906883502189363
571,Automatic,99,0.8316680033424714,3.3228791315689232,6.730340105422339,1.266316917971732
572,Automatic,100,0.8798988986052745,3.5700192454740036,7.973728830548035,1.5803168739928717
573,Automatic,101,0.8359344421538416,3.785911265488188,8.46078273610272,1.6206821225655184
574,Automatic,102,0.8585121527234674,2.326302068648043,5.934519942479308,1.1258425405703019
575,Automatic,103,0.8691972862405734,3.335764475521679,8.691829445890058,1.7203583873326733
576,Automatic,104,0.8386018495902063,3.2919724461058246,7.0049580509957465,1.3289673515270517
578,Automatic,106,0.8853791984343347,2.9389243468759845,7.016007905489774,1.372324727710267
579,Automatic,107,0.8073590644092931,2.7826794221761215,6.317546261544245,1.141360258299766
580,Automatic,108,0.8590520675813255,3.1779330148026066,7.364459104005876,1.4210286741381268
581,Automatic,109,0.8557925526349253,3.8218540699091843,6.867199375799699,1.3202494947655192
582,Automatic,110,0.6822439110893713,1.8142327124727915,3.5258774203142247,0.5825999719027468
583,Automatic,111,0.8727188731036829,2.3207695136276523,5.886922713212327,1.1245784958016976
584,Automatic,112,0.8819621943423547,2.9090941731602475,7.592450991338945,1.5052633739107721
585,Automatic,113,0.8502938009680764,2.2770135903025084,5.630069426509103,1.0387888596229438
587,Automatic,115,0.8306759972660099,3.468710872766034,7.296515542184216,1.3817763329709682
588,Automatic,116,0.846851279303404,2.720749825203322,6.473317274884699,1.21659782373996
589,Automatic,117,0.8147290444722851,3.5255985040364033,7.89295326091192,1.4834617121342542
590,Automatic,118,0.8657143158145275,2.944065685384074,7.061684500489859,1.362911166592954
591,Automatic,119,0.8526279410256697,3.070487469856874,6.728763624142559,1.281247879358651
592,Automatic,120,0.7648797952689868,3.155022204423412,6.5513708072284205,1.1431146093897893
593,Automatic,122,0.7816719112586091,3.227319275878554,6.2914844674980905,1.109926688510695
594,Automatic,124,0.7678161255633277,7.131779079933063,9.140924279293444,1.6762651409164646
595,Automatic,125,0.8407582877916968,1.9960876744918128,5.182997627042122,0.9372859245512039
596,Automatic,126,0.7758082077115979,2.0038411311480435,4.502632886920831,0.7758425890856221
597,Automatic,127,0.8492186024014354,3.4906075599671373,8.871635427842282,1.7278564302985444
598,Automatic,128,0.8157772701998587,2.2461614524592175,5.491009819084432,1.010954916046037
599,Automatic,129,0.814225730347311,1.9881927024592174,5.016003975999505,0.8831459449982607
600,Automatic,130,0.8628610507013533,2.938782831499619,7.666966906756925,1.4921695760957507
601,Automatic,131,0.8909515462474777,4.531797542822309,9.261378496221461,1.8839885028954624
602,Automatic,132,0.8373989080632745,4.196185469351194,9.515660997349078,1.9070571590354553
603,Automatic,133,0.873541830679814,4.2911529783798015,7.2351707505366,1.4089150726593718
604,Automatic,1,0.7745435728483805,8.18622557490576,16.711955728184236,3.146596597036062
605,Automatic,3,0.8781854651727503,7.781066585806306,18.345454697370084,3.887674862019785
606,Automatic,4,0.8361971417540766,8.346042827748828,16.893339731904312,3.42542220182746
607,Automatic,5,0.8617076067907788,8.5870264385803,18.912920173833047,3.9267702378361546
609,Automatic,7,0.5962455424457477,2.4915935204591073,4.124112655648109,0.5653453630283615
610,Automatic,1,0.8218602474561739,6.003168184281898,13.83118447453548,2.750375899321713
611,Automatic,2,0.6938728044161577,3.044882768444129,5.475547429328974,0.8918538089597575
612,Automatic,3,0.7713681102444614,2.9257839084798656,6.999303879259498,1.232304528298859
613,Automatic,4,0.7683869992311925,3.7601791535827256,8.152177214881082,1.5082148339731225
614,Automatic,5,0.7327143385608538,6.920800003480913,14.869333660176338,2.6666145221382203
615,Automatic,1,0.8380852265152396,6.2408801319698215,15.034821919922637,3.020254295163231
616,Automatic,2,0.8007487657239601,9.196557071191986,19.744120128183376,3.848423670777283
617,Automatic,3,0.8588172781883174,8.483944174176052,19.559818639405158,4.094933259803222
618,Automatic,4,0.4664537600717397,3.2807212983625624,4.136134187645724,0.4777841158632628
619,Automatic,5,0.7298189946137048,8.053929546521207,15.614726863336125,2.765936432536274
620,Automatic,3,0.7373576549313453,4.831218644265907,8.705835647529494,1.611516630551852
621,Automatic,4,0.8459783952827513,3.9804834314616353,8.514013942757575,1.6606004310303775
622,Automatic,5,0.8152361575116872,4.527426502437155,9.026938903739449,1.717960892670506
623,Automatic,6,0.8295803687072721,4.835086788090655,9.792626119963792,1.898891924276109
624,Automatic,7,0.7617948001471431,5.584918201904248,12.369753699038386,2.2486905756045092
625,Automatic,1,0.8923811595646662,5.0260659285405715,12.90849477390107,2.718528956211786
626,Automatic,2,0.8047687112686516,4.035881709420755,8.057720145890208,1.4957763167151477
627,Automatic,3,0.8357226229455049,4.493464662605052,10.698981934795809,2.0959165594897584
628,Automatic,4,0.8532238424564137,4.976550983191146,11.033650961594205,2.2070121731832133
629,Automatic,5,0.8127667004988776,4.795501296186838,10.528362790745929,2.034972956362641
630,Automatic,6,0.4936125261732214,2.4937159749291307,3.179713953644618,0.36277766497308045
631,Automatic,7,0.8041304664255303,5.07294022543529,10.384232670152004,1.9932817158288683
632,Automatic,2,0.9882182458487928,6.953768691432833,17.299024127089748,4.041166323968312
633,Automatic,3,1.024419240297774,6.1882394276692505,15.009873826632264,3.6286511824069763
634,Automatic,4,1.0108012852617136,6.278246216390575,15.254182588712105,3.6070419738330948
635,Automatic,5,1.0281682056359642,5.697478153167309,17.586647697183356,4.253209994788734
636,Automatic,6,1.0194448056711316,6.957173903685787,17.048064291748272,4.078771816721331
637,Automatic,7,0.9834152232516009,4.88844266721452,14.535577352931211,3.3354227908019247
638,Automatic,8,0.9504299194115226,2.570556295789659,7.463216081603833,1.5669744120856917
639,Automatic,9,1.0149410884217014,2.705501736991813,8.214319578316191,1.8260498462988175
640,Automatic,10,1.029670599270202,5.426836043189338,16.589061599862543,4.052811083639755
641,Automatic,11,1.156807849788933,4.670792109916977,13.579325602977542,3.5492633316452924
642,Automatic,12,1.0272945611956592,4.680017211262107,14.789882603778098,3.532573787193008
643,Automatic,13,1.1519113765148872,5.553341270936996,16.022715285596465,4.25989353425913
644,Automatic,14,1.244159359918727,4.471477503011781,13.715601944459605,3.793605554710643
645,Automatic,15,0.9577942211421083,5.1796067473368685,14.980706963413725,3.3693815554243436
646,Automatic,16,1.1129174999651257,4.768965168536289,13.109653797380203,3.3010391269541683
647,Automatic,17,1.171081062007496,4.184556285555632,12.309077521577999,3.2056017937838535
648,Automatic,18,1.043609410976396,5.114240812396606,13.052475339903769,3.128698452327459
649,Automatic,19,1.0058204832272601,5.601056967480606,15.14889719713168,3.552783027359698
650,Automatic,20,1.1956330096757581,3.8864104312934087,11.488901430751818,3.0100423462510824
651,Automatic,21,1.1709345294735412,5.008214930620094,14.49130156464991,3.8280962832475534
652,Automatic,22,1.0029576802398303,5.663797530940117,14.88417480875288,3.4792602014870737
653,Automatic,23,1.0936004445353409,5.66555423688977,15.700848823816793,3.9741410130953168
654,Automatic,24,0.9983073146800414,6.164238072141661,14.787907216711785,3.461926316232746
655,Automatic,25,1.1847119503238401,5.106724484376105,15.070846763750142,4.038287379756264
656,Automatic,26,1.102582556741862,4.49424699942555,13.47611211454041,3.374396787059655
657,Automatic,27,1.063276722152005,5.383063657590275,14.957748205264007,3.7172633594908295
658,Automatic,28,1.123600323959876,4.76736567661655,15.380924309774471,3.960057678016124
659,Automatic,29,1.037049137291419,5.791554619733671,15.928951220296284,3.8694286867296253
660,Automatic,30,1.128227027956079,5.145163826980516,14.232274964562192,3.6651552968122614
661,Automatic,31,1.0843043202889775,3.104030885899857,8.695995223551591,2.0345093323390104
662,Automatic,32,1.0889697249201786,4.381910156656393,12.652395236027042,3.1226156306074073
663,Automatic,33,0.9263271034116186,6.744608267158265,16.6490252966976,3.819416444515149
664,Automatic,34,1.0858198501964684,6.041870979182354,15.529895924440662,3.932411041070853
665,Automatic,35,1.0915859387368332,4.831218644265907,12.770911353572027,3.251123144850467
666,Automatic,36,1.1288874616934332,5.595472964864979,15.519807228316516,4.060068295390124
667,Automatic,37,1.0621292938595186,3.9810041566522205,10.97209904645413,2.7338281829262687
668,Automatic,38,1.1130141325932978,5.104735765392523,14.149950399419724,3.6029164515856404
669,Automatic,39,1.0506546513400572,4.264741831770079,11.311612266598411,2.9011510118169714
670,Automatic,40,1.0984765417152553,3.0838789505174935,8.884645682294414,2.1411952295715366
671,Automatic,41,1.1375775460997875,3.399257559479662,10.228686284468523,2.5584723702841212
672,Automatic,42,1.1446491117791928,3.3873928226752965,11.425801694699505,2.8873826069557977
673,Automatic,43,1.1367774664012542,4.591205742059622,15.409880994640286,4.00598892722014
674,Automatic,44,1.106785665934401,4.578935501176675,14.343964643845606,3.620343471990112
675,Automatic,45,1.0624574305168062,2.4841126982539197,7.387631286340235,1.6962645905887315
676,Automatic,46,1.1126110504851137,3.820591684832871,12.045232497957093,3.0831874981027307
677,Automatic,47,1.146266880443427,2.5855912997979704,8.715741074164999,2.1102575878499916
678,Automatic,49,1.141648810589506,4.355196617926785,14.47784134503526,3.758851497471612
679,Automatic,50,1.1345711799362461,5.670504144576034,18.851112362690213,4.991906595641578
680,Automatic,51,1.0534305368065962,5.6665463055823775,14.613512429141213,3.557260872207425
681,Automatic,53,1.0766222448336915,5.475389579193003,17.001006251469406,4.271779312772763
682,Automatic,54,1.0423170492066194,5.193123761274653,15.571712939590167,3.7708200752125487
683,Automatic,55,1.1529118025506637,8.255786373158646,26.937586942936548,7.384268639349324
684,Automatic,56,1.0999798586164198,7.942710265841933,22.30091397224615,5.793250327632827
685,Automatic,57,1.0753024187547942,5.782384847805637,16.748688113172562,4.36884588522012
686,Automatic,58,1.0834970702633837,4.43519299161522,12.48672685178924,3.0602726561799938
687,Automatic,59,1.0943998625175437,3.8891012693927225,10.79543418270322,2.616043492261954
688,Automatic,60,1.090523773782383,3.5063677285972124,10.118449301922587,2.4204010323861147
689,Automatic,61,1.1281231382768753,4.060107459739369,12.063372200075724,3.031324875906384
690,Automatic,62,1.1002756797183357,3.3627603872960865,10.701581329820682,2.601123234950348
691,Automatic,63,1.063851886867909,3.536886358460365,10.680073176519342,2.5338309396332845
692,Automatic,64,1.0964438271948962,4.665785912968769,14.086619585577587,3.5368235286409697
693,Automatic,65,1.0542985307375201,4.3457312552147,11.166795723599039,2.707465550262223
694,Automatic,66,1.0163936138616834,2.8593455570337687,7.6768973674413346,1.773928290980416
695,Automatic,67,1.0776591164640046,4.8371797690761955,15.518543822653294,3.8623349731744567
696,Automatic,68,1.0729744418936917,3.009200853450806,8.491277902285116,2.001104893720251
697,Automatic,69,1.0452258778288839,3.8039021921469134,11.580714099261872,2.7312580879062898
698,Automatic,70,1.0010143957824962,2.9992121600053476,8.705115655985708,2.033916665585627
699,Automatic,71,1.0455041419559543,7.116469106113935,22.52789358643987,5.639025737763659
700,Automatic,72,1.0373351563247393,3.722999973566478,11.541792127006591,2.7022468164386977
701,Automatic,2,0.7599972396601264,5.840440318718819,12.21322901723022,2.235040233212458
702,Automatic,3,0.7821070246733994,4.838371622196898,10.943346359804673,2.0235952251168796
703,Automatic,4,0.820587663861796,6.05578383360726,15.061010462201393,2.9825838562314027
704,Automatic,5,0.7947540998258951,6.386563631561018,14.345358921678676,2.7426640687575956
705,Automatic,6,0.8040911085984978,5.409094840827531,12.249802620718564,2.33229305469378
706,Automatic,7,0.8514937339310507,5.538647396098974,12.682345087954154,2.560663809554972
707,Automatic,8,0.8517767343193866,4.696864577459217,12.293900709226877,2.489606396475694
708,Automatic,9,0.8498239921962906,8.483375311701549,20.597091382521608,4.235534449084133
709,Automatic,10,0.7535566411519384,7.143358192620181,13.189317032363778,2.424146974545699
710,Automatic,11,0.8609166813706645,5.942774023325097,12.748446816144146,2.5907518635617826
711,Automatic,12,0.8103952915021047,5.229108917766012,12.251871330884832,2.3604278827082266
712,Automatic,13,0.7981252161466165,5.234836491184828,12.956052294577661,2.470828032423275
713,Automatic,14,0.8557333223124609,5.770315101184853,12.353156664940496,2.49297983918195
714,Automatic,15,0.8237424374448311,4.6387583749960015,11.97381421802131,2.346951645100046
715,Automatic,16,0.7792296509494968,3.9284908472125344,7.413808867596142,1.429258673540009
716,Automatic,17,0.8255540882658795,5.802398402255302,13.595282539471762,2.679494010603819
717,Automatic,18,0.8568605357063251,3.751742407897707,9.466191410182867,1.9199066890414114
718,Automatic,19,0.8119136238510419,4.76773422769182,7.171741150982102,1.3205403864030225
720,Automatic,21,0.8519267318070799,5.3394432601801585,13.404346877220368,2.7014290785939057
721,Automatic,22,0.8571663297901905,5.301831245842955,11.9206554222318,2.4007332374566728
722,Automatic,23,0.8830039833996611,4.045399507382798,8.511055159910688,1.7544619585464376
723,Automatic,25,0.8334686580619097,5.03127325146921,10.103841212528133,1.9619086455449084
724,Automatic,26,0.8580599644238961,5.592349194402261,12.425095386348465,2.5215851245326424
725,Automatic,27,0.9046583901912743,9.320014625267381,11.595671886759737,2.448720542592633
726,Automatic,28,0.8767699207131181,4.362194275147662,11.14504967819091,2.2761582314679347
727,Automatic,29,0.8763321396724695,6.144304643399372,12.607739490659785,2.6016876892819267
728,Automatic,30,0.8563121725142112,5.520339555745359,10.967987434775958,2.2977918927820604
729,Automatic,31,0.9256008342109547,4.261301719930023,9.83643744755128,2.0849887324267424
730,Automatic,32,0.8647436624227168,6.701489643479982,14.373357507677584,2.957715644643803
731,Automatic,33,0.8796144258946741,8.55484542531359,21.732660728137112,4.65161125238581
732,Automatic,34,0.8761637328814341,4.255535103360577,9.2959140003367,1.869834434642833
733,Automatic,35,0.901429210944186,5.558950341771196,12.161827845296289,2.5556234134754154
734,Automatic,36,0.874399580683726,5.231946780185243,11.332186196605015,2.3346456198696064
735,Automatic,38,0.5817958905219912,2.9509307926274966,4.477096670569304,0.6044621179539188
736,Automatic,39,0.8826196194201348,6.31660025745723,15.777754922972237,3.3195233401021595
737,Automatic,40,0.9429686177410205,6.649014205411961,14.778571464383216,3.287219973793381
738,Automatic,41,0.8849154158940553,5.141990676608123,10.790243562934009,2.2676544930698683
739,Automatic,42,0.8676477912363434,4.78123063068396,10.184260601350678,2.045008482943232
740,Automatic,43,0.9336274364846476,7.418014743139855,21.183424482246856,4.751049440849354
741,Automatic,44,0.9398251119010617,4.206528516602777,9.849146773236747,2.1003405971678752
742,Automatic,45,0.5673169479307174,1.8091656311397586,3.1876100634782616,0.4376303959745474
743,Automatic,46,0.8711990808112782,5.538134765267066,11.152364757465497,2.3481023580013662
744,Automatic,47,0.3652239861767532,1.8992479337117916,2.0070156576535276,0.19412799121205523
745,Automatic,48,0.7950789440751819,3.7057787280262073,8.381733196130897,1.537361994117038
746,Automatic,49,0.9026307323911238,5.810921063063446,12.74999134566941,2.689918833579845
747,Automatic,50,0.9425509876534949,3.6950388446028675,8.497158244045766,1.8039304626623944
748,Automatic,51,0.8729563565860449,7.378410349379968,17.727390992922903,3.7058883699105407
749,Automatic,52,0.7930500342886131,3.7156704053314105,8.406527212582843,1.5606417606937657
750,Automatic,55,0.8583138986904083,6.504130206434423,14.942266508305176,3.043200292040963
751,Automatic,56,0.8569484521329928,5.2326212604464475,11.554108803302972,2.316030916831823
752,Automatic,57,0.8447282661001334,9.54012258784639,21.670813720898575,4.443775869323704
753,Automatic,58,0.7827535883077296,5.293292425999174,10.66540166118902,2.0049857563629656
754,Automatic,59,0.8253342248187938,6.6340653119595485,13.80644561641276,2.7040639944105247
755,Automatic,60,0.7561314962819913,5.492664792136474,11.208694429888258,2.0430008100606405
756,Automatic,61,0.7561033391649292,7.983929823708949,14.6677787372199,2.668214317690751
757,Automatic,62,0.7794140132866076,4.047297980127496,8.44011824479523,1.5446305269581107
758,Automatic,63,0.8317368485959157,4.691734563022653,9.450431630410584,1.847085078832448
759,Automatic,65,0.7731249110387169,5.115053156153188,10.025843243095531,1.9059999267474335
760,Automatic,67,0.746384362792896,3.620268170125711,7.125984207328726,1.254283270522514
761,Automatic,68,0.7485733787156648,5.667818675503479,10.558357083100388,1.9068002915396676
762,Automatic,70,0.7902107963334698,5.271187260892817,11.092484475756493,2.068214400859871
763,Automatic,71,0.7444281043452629,1.968772383256206,3.975260476729754,0.6382975404025271
764,Automatic,72,0.710301673488259,4.673810140713437,8.69813087871564,1.4555740363429477
765,Automatic,73,0.7165070127989062,6.189714011992786,11.122963377003732,2.0248201349962454
766,Automatic,75,0.7453775275235033,7.144557130128467,13.246004623186813,2.4365880987675173
767,Automatic,76,0.8227546564410201,5.686664580927558,13.259350495001803,2.584811116777153
768,Automatic,77,0.7601366096215266,5.371996265226027,10.21868490326887,1.8369037427876644
769,Automatic,78,0.7363456529681567,4.375799795972437,7.978845479460485,1.389907399885709
770,Automatic,79,0.7757498140619721,4.660571837083886,9.79848532561032,1.856450424023597
771,Automatic,81,0.7779994156823057,5.356835412393901,12.421585615040778,2.3716978603486476
772,Automatic,82,0.8398029351188165,4.17769553576735,9.015154527453761,1.7628154275921553
773,Automatic,83,0.8025109117640801,5.1344985303314115,12.069881615404581,2.3207540148812003
774,Automatic,84,0.7187321238898348,4.046247284225125,7.49737091823033,1.2525496420896414
775,Automatic,85,0.7290341202327875,5.2787518246561165,11.768960033519814,2.098647347093007
776,Automatic,86,0.7698302185308478,7.435924194081958,8.977996458752843,1.614411007802541
777,Automatic,87,0.7325340045632895,6.045064183677324,10.195928997228693,1.8817934445679896
778,Automatic,88,0.63598460178807,1.0093081391109182,1.922998855999838,0.2572331896393086
779,Automatic,90,0.6346929496363007,1.1715086269681931,2.2308832096977276,0.2914396085022597
780,Automatic,8,0.816588550809974,5.046980176067254,10.484678074130558,2.0432930952072614
781,Automatic,10,0.9551115792032435,3.644148550044881,9.527545558984295,2.1026470531524524
782,Automatic,11,0.9983266702863046,4.950285441896917,14.91987217974448,3.469221339416551
783,Automatic,12,0.8440342828901211,7.549340833725814,16.33889841462235,3.3158152663440377
784,Automatic,14,0.7922446307920225,5.292033513122036,11.635622236362762,2.3443082014266134
785,Automatic,15,0.8806897120924831,7.894347849379969,19.669181616405396,4.1755512261564345
786,Automatic,16,0.8581725042107172,3.389473926025694,7.445525546716799,1.4536514838950378
787,Automatic,17,0.9296849466884347,5.305607887304793,12.04227534176619,2.606589356143781
788,Automatic,18,1.0322510193324905,4.076647484979195,10.168592371730687,2.3597791352828397
789,Automatic,19,0.9019493929562868,5.357022316798405,12.114404381419249,2.681450309666057
790,Automatic,21,0.8392891799851693,4.18467394333646,8.8137765827505,1.700019766265287
791,Automatic,22,0.9557519863987743,6.579152326105274,17.880293342834406,4.070115028526858
792,Automatic,23,0.896373822603729,4.53151473432868,11.03666921170738,2.3749261747105863
793,Automatic,24,0.8922323681086789,4.469693282564997,12.213983575327315,2.550260559768633
794,Automatic,25,0.7511839816529094,8.624406223566478,20.180460135533476,3.721909596446231
795,Automatic,26,1.0128974268702062,4.28371591179617,13.158015488563704,3.0698867737507562
796,Automatic,27,0.7326145093671457,4.043562438321779,7.9861807277811705,1.3691009338172784
797,Automatic,29,0.8812221374702497,4.818239421893545,10.329765991096986,2.1022526898026452
798,Automatic,32,0.8990316811759815,44.33881161007156,102.68959645388551,23.065476235691502
799,Automatic,33,0.9649174756747377,3.8905172153107936,11.632470363095441,2.5941357154813023
800,Automatic,34,0.9887013522009199,4.657886991180541,13.744044877101338,3.167124399647607
801,Automatic,35,0.9790012014466447,5.9393018243173845,14.765168455431608,3.377263983119095
802,Automatic,36,0.9264683474110437,3.718416654918435,10.480572622814687,2.2328648590302715
803,Automatic,37,0.8543838790704031,7.96342387219264,11.738763398191377,2.3696526000769764
804,Automatic,38,0.9116596984091196,6.746538895087685,15.516875705135064,3.348344137325435
805,Automatic,39,0.9074176069315903,6.463831069127168,17.92883363471771,3.899007648997863
806,Automatic,40,0.8954483542656584,6.844367928086399,15.596033019660073,3.3096840097245814
807,Automatic,41,0.94606622968601,4.126301062491716,11.622544470180916,2.6092593084368736
808,Automatic,42,0.9851100917688907,6.02137634633665,14.450961059119825,3.3172423338810506
809,Automatic,43,0.782323383942388,5.157639355201929,11.926507456863224,2.232163940264924
810,Automatic,44,0.9062141239593758,4.206496361418052,11.088049983232592,2.33261889779893
811,Automatic,45,0.9472707170265812,5.087671428939817,11.95638574477175,2.6150688267139746
812,Automatic,46,0.6012793019529058,6.0755916925229645,10.616381952208247,1.7129211108776692
813,Automatic,47,0.9369267343767466,4.887182326022556,10.869619502043014,2.3892833384232683
814,Automatic,48,0.9284032137340048,4.11650608829457,9.536346822577679,2.0224874127618704
815,Automatic,49,0.916086842086135,6.529359366188825,18.70884443364491,4.089044377016437
816,Automatic,50,0.8229458506578886,5.640243752108163,14.203831066127192,2.7944770168041333
817,Automatic,51,0.9057242580299028,4.841497381148042,13.571491142905783,2.8789321852058434
818,Automatic,52,0.9205532208057928,4.396121295691146,10.091686507820045,2.151394203364621
819,Automatic,53,0.8319134988438421,4.043102201192146,8.67596272280832,1.66378569991857
820,Automatic,54,0.8775452068790636,4.626606220344378,10.149425068564378,2.0844066137438513
821,Automatic,55,1.0403297743668234,6.962990678037659,17.839993933427685,4.3774802531033075
822,Automatic,56,0.991939384495013,4.8628980090621665,12.189822110350338,2.770967681508515
823,Automatic,57,0.8393959958756574,4.403284577302605,11.326628605330818,2.2367588981441537
824,Automatic,58,0.7889329611518249,6.483301877543942,13.07982960256474,2.483255320684552
825,Automatic,59,0.8357780014976206,7.966588342375533,9.577968828976728,1.8781528287082476
826,Automatic,60,0.8221995631690592,5.732140045140463,11.765561203386955,2.3001369209189995
827,Automatic,61,0.8431369178541297,5.938555135450734,12.60734271968303,2.5556594813385027
828,Automatic,62,0.8915640625785586,4.139411971260383,9.679761356332085,2.0010584976492445
829,Automatic,64,1.0305355603838287,3.328814117100833,10.913674017360965,2.5262439420376825
830,Automatic,65,0.8365277126397948,6.330977020882566,15.62351864810771,3.1292813310582552
831,Automatic,66,0.9378100060792816,9.071569298472236,22.597375207580534,5.088970742322924
832,Automatic,68,0.859013828845729,5.015432763113867,11.26215171966369,2.2761760009689174
833,Automatic,69,0.8927861073641277,4.1127794598461875,9.768312672875714,1.997605539913234
834,Automatic,70,0.8264505602526477,3.3864666159641335,8.092573145741985,1.5348995295919299
835,Automatic,71,0.8213077912808562,6.441226025575254,14.057877239840973,2.7669489307323043
836,Automatic,72,0.8400124564695632,5.408268210752463,11.71459499922903,2.339929174163355
837,Automatic,73,0.8996727206275744,3.770699477606879,10.111681565060398,2.1073680248610476
838,Automatic,74,0.9063495302239172,4.175858466706331,10.563952698387373,2.207229568742406
839,Automatic,75,0.8275058917618989,3.3050189170579087,7.521094806907804,1.4141346083417048
840,Automatic,76,0.7607785002175923,6.5094773512030875,13.94348053303804,2.5780193847969515
841,Automatic,77,0.8727823112432223,5.65547961644735,12.413167261224498,2.5531749226193945
842,Automatic,78,0.8097008858925283,3.4833675105228545,7.4216037014142575,1.40603426776714
843,Automatic,80,1.0326049988875226,3.872165913698461,10.824654409657287,2.5125797515897057
844,Automatic,81,0.7786860022359255,7.871424535193589,16.950876768811444,3.1943843508732073
845,Automatic,82,0.8844178214597751,4.327672597024311,11.718414860992677,2.4150847156684225
846,Automatic,83,1.007621520851929,4.469139212460581,12.265670664112003,2.8336602423811557
848,Automatic,86,0.8877986887225645,4.601861905740213,11.421102136022862,2.359299330601875
849,Automatic,87,0.8347819316219952,4.8521749818143975,11.105547740746387,2.1807030641373033
850,Automatic,88,0.7979261440042824,4.635382891755815,10.668713823123802,2.0075866480378672
851,Automatic,89,0.8634635499967929,3.973969484884172,10.715224006316406,2.1541746399286668
852,Automatic,91,0.888532706187204,3.9133063980582903,10.1975610961848,2.084757675606514
853,Automatic,92,0.7838641437715002,4.531075809769308,10.063713598269004,1.8516413971723207
854,Automatic,93,0.8817098463389363,6.541837656869464,17.3711520451238,3.6889709363842056
855,Automatic,94,0.8016989986925575,4.705183437912977,11.246706214836726,2.153900105425422
856,Automatic,95,0.8199500196276432,14.131934987889208,18.888307773746355,3.922193124217304
857,Automatic,96,0.9214190765550483,12.773322848717065,19.557091470062428,4.328822857834555
858,Automatic,97,0.7875950264391731,5.678022400878555,13.826226794684967,2.6014995154638645
859,Automatic,98,0.908370309043278,14.286996509875644,21.05044937317777,4.640309673875004
860,Automatic,99,0.9438785109473279,5.528944051513103,15.746926231610804,3.536658141464645
861,Automatic,100,0.8957284118603858,5.45986854536506,15.077509387058603,3.202388524878153
862,Automatic,101,0.8669400128321465,10.921712417319482,16.03077735988452,3.325927624492872
863,Automatic,102,0.9323851917907557,3.771843732377652,11.088094796640254,2.3775577550372713
864,Automatic,103,0.866716009695041,7.866847937491715,14.793729426870899,3.0466187983739887
865,Automatic,104,0.9616758701064259,3.419358153540485,9.095427763405322,1.9591827756925422
866,Automatic,105,0.8082744752964027,4.741911390780996,10.561037050224911,1.9997188239321306
867,Automatic,106,0.9818017630299628,3.421433023970297,9.85294019548652,2.179822179361771
868,Automatic,107,0.8272566331995049,4.611053598011508,10.414329905981669,2.0175108323686404
869,Automatic,108,0.7218986092786701,3.6501525769042487,7.407962819506777,1.244196332820227
870,Automatic,109,0.739956274521607,8.306630028977466,17.15292321616863,3.0866260235650422
871,Automatic,110,0.742112110269438,4.204798560245846,8.720030622418173,1.52360497220595
872,Automatic,111,0.7678326390652596,6.0260847775221125,11.861696255759746,2.1655553826248033
873,Automatic,112,0.7784119562324324,4.989569248714138,10.925309234636325,2.0135178184356914
874,Automatic,113,0.819489587197988,4.486556735303594,9.074954545448854,1.73468756109664
875,Automatic,114,0.8461612274067773,5.590450721657564,11.418430992766169,2.272146956861378
876,Automatic,115,0.7245834295637845,4.524406135454733,7.788438842937848,1.3502807117069466
877,Automatic,116,0.8335016538872194,4.784823725858749,9.583487249669158,1.858382969271544
878,Automatic,117,0.8745997863002981,4.249615074232832,9.600044210933362,1.9422199511272766
879,Automatic,120,0.8765330648539614,4.512823578124384,10.489790005931118,2.12889374455658
880,Automatic,121,0.9654480378401935,4.556457210806309,10.880333788542387,2.4082106797888905
881,Automatic,122,0.8110922765746265,7.207200954834189,15.484115024752073,3.0212577603165673
882,Automatic,123,0.6886351520232776,3.070996838419595,5.518927988037887,0.8885519985195082
883,Automatic,125,0.7357366244295196,2.2476190121561164,4.526122156669631,0.7475239388736586
884,Automatic,126,0.7664948884885755,5.190610453693972,10.493886213798884,1.9171023854402014
885,Automatic,128,0.7741658812253964,4.814722438734755,9.802876856961621,1.8075518388278218
886,Automatic,130,0.8438755391813723,5.923002513117862,13.391480833017285,2.717977151336886
887,Automatic,131,0.862220966801711,5.7095631291500775,12.799204163295236,2.5974330054526042
888,Automatic,132,0.8021333991755486,5.508392266189974,11.603333896546735,2.2196722914507623
889,Automatic,133,0.7360271851117023,7.46581583639723,14.832459368147395,2.6388590608470603
890,Automatic,134,0.7208599971418325,6.1885198111101225,11.593328041928451,2.0555275571028204
891,Automatic,136,0.8764694062600935,6.309539780045274,14.343041960792414,3.0276751842745426
892,Automatic,137,0.7677235953249865,5.833279401560363,11.988399243666015,2.198971481372736
893,Automatic,138,0.9353833626801316,4.994811530028111,11.592612623566014,2.5139710992570676
894,Automatic,139,0.7532999554410037,3.706207290106878,8.03050282919654,1.4101471155552
895,Automatic,140,0.9034122696438477,6.938647985968238,15.400328704378516,3.313170149910418
896,Automatic,141,0.9170735007072689,4.326509082253317,9.81901387700772,2.0689617156962252
897,Automatic,142,0.8678750743466662,5.185139267090184,11.037148033947874,2.2504223647003214
898,Automatic,143,0.7817254031393894,3.7477168070234783,8.112422230018133,1.462362004513178
899,Automatic,144,0.9682523443955009,5.277426332745593,13.180339114039304,2.957736137407233
900,Automatic,145,0.9635248648024145,5.672464755615878,13.322623574076026,2.9982050647503438
901,Automatic,146,0.9376485444920574,5.790221192628469,13.076053162710663,2.864074541531224
902,Automatic,147,0.9265840312480224,7.764414202740544,16.764810455319946,3.696760486021163
903,Automatic,148,0.8145753845326786,5.677497943631473,13.808477490741678,2.676665036629071
904,Automatic,149,0.797521937273817,4.6563396791018015,10.996947968943541,2.0803046100089
905,Automatic,150,0.8558700499652059,6.011664908820493,15.357466724307304,3.130189652582759
906,Automatic,151,0.8993658152966322,5.922557793583503,14.403146691551084,3.0621031859023558
907,Automatic,152,0.7111124030270778,3.033842713378555,6.741365538695508,1.110769385023098
908,Automatic,153,0.7473660910763129,5.219005783750784,11.478104297360737,2.056935198057385
909,Automatic,154,0.8746632749125915,7.684135813580302,16.689167652596247,3.4927815339486505
910,Automatic,155,0.7431374253109438,3.05791337282028,6.837797694311064,1.1684419008328837
911,Automatic,157,0.8536953060896179,4.526931415680639,11.62613862888381,2.3628475246994767
912,Automatic,159,0.8562259967358328,4.594756569135452,12.404288237798825,2.5060403067958728
913,Automatic,160,0.934861930252345,6.211286693671368,14.73538957966924,3.2555133566271834
914,Automatic,161,0.9298608339003481,6.126863246216923,14.676227827566374,3.211419800323246
915,Automatic,162,0.9351406895654822,4.826190606083504,11.675088241952363,2.5362605621629335
916,Automatic,163,0.8262631953265406,7.24970069522404,14.871604311569168,2.9387198981720886
917,Automatic,164,0.8885050351662949,5.582371128972319,14.95036876239669,3.1549166213461226
918,Automatic,165,0.7936416598566964,7.106941309304702,14.084131047350446,2.6776694964886016
919,Automatic,166,0.8330185661920382,3.970715041659551,8.44971894222008,1.6197580785144623
920,Automatic,168,1.0267043868066839,5.260265361592254,15.14671814238876,3.6176095121014886
921,Automatic,169,0.8053099675046229,4.347277536879972,9.060741973312677,1.6941017588780187
922,Automatic,170,0.8283788807493412,7.552604365648374,16.032115955380945,3.178502130893368
923,Automatic,171,0.9579399059470441,12.901604293742693,32.68749055818352,7.636221762302103
924,Automatic,172,0.7830054688980627,11.422222453570624,22.507071379381088,4.296781258562796
925,Automatic,174,1.0516120271610705,4.165964964366831,11.397269935562406,2.702916576339321
926,Automatic,175,0.9195457244057509,7.232454465242712,19.98630540083369,4.4397479039231085
927,Automatic,176,0.9241523039534788,6.351672747754017,18.080224845055017,3.9813131301097084
928,Automatic,177,0.9801660111653825,4.6344691237362845,14.121052248293172,3.244082249514559
929,Automatic,178,0.9248157974471322,7.8082981226024755,18.841017890103174,4.167363488493308
930,Automatic,179,0.7526862819008466,3.8415573700784282,7.442145911621975,1.3007125810554716
931,Automatic,180,0.9386575764625916,4.245419264959217,12.652226727382127,2.7648872571939815
932,Automatic,182,1.0468956027988165,4.184262805873257,10.69962765016173,2.517683545756951
933,Automatic,184,1.0026986988921958,4.604459913721325,13.905695564530244,3.2446524787886757
934,Automatic,185,0.9537240501035087,3.5139104154633958,8.963091228487174,2.0956260241997904
935,Automatic,186,0.8882045563978458,3.5471415108353543,8.316727227757168,1.666618580401535
936,Automatic,187,0.9234499631215422,8.758299573107774,24.41598445893749,5.464327741914648
937,Automatic,188,0.9393415238462379,5.53209287695103,15.969127038806365,3.5434653385759685
938,Automatic,189,0.9419869041814547,4.408526858616579,11.131291790457261,2.410526830990665
939,Automatic,190,0.9039719285129527,5.168867293189338,14.048255037486447,3.0078674082601338
940,Automatic,191,1.0276190846181128,4.491075314684432,12.609709508327391,2.966526325644543
941,Automatic,192,0.9551838016682473,4.674734357377652,13.592161475504438,3.0306175574383696
942,Automatic,193,1.0124131577361188,6.479800432554357,19.992590402717727,4.814060059515279
943,Automatic,194,0.9857921277349173,4.0037026725285,11.711274690191148,2.6949753119224162
944,Automatic,195,0.805085793290632,6.4675156758837,14.166771774650739,2.742759450433645
945,Automatic,196,0.8571315761601698,5.797427574232831,13.612204208086471,2.7672198367697356
946,Automatic,197,0.9738360516816499,9.343959190954616,24.507893650762405,5.812056482336899
947,Automatic,198,0.9238482009338235,5.9269409739836245,16.76479485516066,3.6779423856446574
948,Automatic,199,0.8496843616394072,3.2182904115538866,8.198991439601981,1.5928381861885745
949,Automatic,201,0.928013061530951,5.207969022408163,12.839199746665297,2.7900190386756214
950,Automatic,202,0.9424284152428529,3.7878178169597305,10.560474287856964,2.3033731238912925
951,Automatic,203,0.8828533154691395,3.08138975195103,8.029509956679908,1.6763307659285653
953,Automatic,206,1.0312010968999923,5.206518547098846,14.940049460083138,3.5997001777485917
954,Automatic,207,1.0565978504422266,4.588377656372281,13.568412276432815,3.285087862178456
955,Automatic,208,0.921895914932378,4.680883322133474,11.624330880314709,2.5029389749803683
956,Automatic,209,0.9318285765366316,4.125601527255303,10.644617069836737,2.303119563108346
957,Automatic,210,1.0350735064305154,4.517137970903345,13.229065476573137,3.147471473824907
958,Automatic,211,0.969037880818874,3.4572777669102472,9.91725938310349,2.175768898946029
959,Automatic,212,0.8979287825399321,7.924321626309188,20.36183491340173,4.395365887603221
960,Automatic,213,0.9014358532293736,9.757497609202915,14.771399109132563,3.1462008863184145
961,Automatic,214,0.9004437721793414,4.026642344369464,10.118894835663196,2.0898138546809313
962,Automatic,215,0.9469379707524608,3.4670029748433744,8.953546909452967,1.9119817781979427
963,Automatic,216,1.0020496068420062,5.468872354714518,15.540515619724145,3.639606237068213
964,Automatic,217,0.9911530512519552,5.184190065984911,14.224875257923205,3.288231786107361
