,Method,SurfaceArea
1072,FP2FM,8.011207424869681
1073,FP2FM,9.351608091591606
1074,FP2FM,8.40956897566767
1075,FP2FM,9.149925985247766
1076,FP2FM,9.23938860188407
1077,FP2FM,9.183357036575805
1078,FP2FM,16.12546356974908
1079,FP2FM,11.706205779285856
1080,FP2FM,10.141077488496649
1081,FP2FM,19.04310739433005
1082,FP2FM,7.3747242035164495
1083,FP2FM,9.95268161734554
1084,FP2FM,22.989929117422133
1085,FP2FM,9.391335743422985
1086,FP2FM,10.522333345819881
1087,FP2FM,9.507394962071887
1088,FP2FM,7.071814618797103
1089,FP2FM,9.0423332153005
1090,FP2FM,8.886634503096364
1091,FP2FM,0.6314398039587319
1092,FP2FM,9.92066564214432
1093,FP2FM,8.179621433451931
1094,FP2FM,9.022366337187389
1095,FP2FM,5.688269677270045
1096,FP2FM,9.658228124842317
1097,FP2FM,9.097042578292921
1098,FP2FM,10.140248255084916
1099,FP2FM,10.871100376294304
1100,FP2FM,8.608577167680345
1101,FP2FM,13.259767966622544
1102,FP2FM,10.560367904887691
1103,FP2FM,10.214324673973536
1104,FP2FM,21.267225916466792
1105,FP2FM,10.520932163113885
1106,FP2FM,11.255372066025549
1107,FP2FM,11.07125968499015
1108,FP2FM,12.563961900405808
1109,FP2FM,21.421756852049565
1110,FP2FM,9.82447986620435
1111,FP2FM,10.486812276016694
1112,FP2FM,15.3688506459762
1113,FP2FM,8.508789451436737
1114,FP2FM,6.583504559225522
1115,FP2FM,7.795121024097502
1116,FP2FM,8.074028445816902
1117,FP2FM,9.563056693033644
1118,FP2FM,9.866609737421028
1119,FP2FM,7.1251333213858405
1120,FP2FM,15.711235089212941
1121,FP2FM,8.727736091152497
1122,FP2FM,10.414886982620486
1123,FP2FM,9.017024993125753
1124,FP2FM,8.201470210135682
1125,FP2FM,9.347598609812046
1126,FP2FM,13.171362609515471
1127,FP2FM,18.206815068271553
1128,FP2FM,11.071862861637667
1130,FP2FM,8.568078063963405
1132,FP2FM,6.602530381066419
1133,FP2FM,9.50660881099033
1134,FP2FM,10.681699695250636
1135,FP2FM,12.130281632734832
1136,FP2FM,8.253523817527464
1137,FP2FM,8.215205952390237
1138,FP2FM,9.801760580104945
1139,FP2FM,9.872862399430026
1140,FP2FM,12.818409012615481
1141,FP2FM,15.313704320623065
1142,FP2FM,11.127628276819141
1143,FP2FM,13.094835530372327
1144,FP2FM,12.954387053938078
1145,FP2FM,16.311355700133067
1146,FP2FM,10.161780654796306
1147,FP2FM,10.68506851616589
1148,FP2FM,7.54805307718123
1149,FP2FM,17.94570291800685
1150,FP2FM,12.033622671122224
1151,FP2FM,0.6392945060203992
1152,FP2FM,6.6783793834879255
1153,FP2FM,11.094140305775273
1154,FP2FM,10.263179815404042
1155,FP2FM,9.817334096032653
1156,FP2FM,16.342923706898684
1157,FP2FM,19.155355406530028
1158,FP2FM,17.49854709414152
1159,FP2FM,13.786458259042337
1160,FP2FM,10.762760257411417
1161,FP2FM,10.436058239120499
1162,FP2FM,10.349825705166916
1163,FP2FM,10.472937483611236
1164,FP2FM,23.173973335817912
1165,FP2FM,9.113314885732324
1166,FP2FM,9.568956187418282
1167,FP2FM,11.385647088263884
1168,FP2FM,11.847742495612225
1169,FP2FM,12.458665270902321
1170,FP2FM,11.062075051948701
1171,FP2FM,12.87437558765585
1172,FP2FM,9.909997277757215
1173,FP2FM,2.608557714890691
1174,FP2FM,15.099396390598386
1175,FP2FM,10.711510849309883
1176,FP2FM,10.834166470937843
1177,FP2FM,8.017560494583465
1178,FP2FM,8.972128527094931
1179,FP2FM,13.185267967113601
1180,FP2FM,19.369442638316826
1181,FP2FM,12.671659064119055
1182,FP2FM,21.613368344620863
1183,FP2FM,10.163096106194285
1184,FP2FM,9.206591967449128
1185,FP2FM,9.738371136586563
1186,FP2FM,9.138759105664578
1187,FP2FM,17.546370600015123
1188,FP2FM,9.296687875282057
1189,FP2FM,17.178475440113484
1190,FP2FM,10.916919155237727
1191,FP2FM,13.015516606695162
1192,FP2FM,11.412597785013041
1193,FP2FM,16.055355084500995
1194,FP2FM,9.21531769290463
1195,FP2FM,6.4557440107264865
1196,FP2FM,9.020687652250366
1197,FP2FM,12.438144883113058
1198,FP2FM,13.034947323513272
1199,FP2FM,13.577812512763797
1200,FP2FM,7.299388635671955
1202,FP2FM,13.337394959145723
1203,FP2FM,22.446077877103853
1204,FP2FM,13.92557534494034
1205,FP2FM,18.811378245406683
1206,FP2FM,19.4113355579619
1207,FP2FM,15.501162869423679
1208,FP2FM,20.11255764264971
1209,FP2FM,17.970811326711416
1210,FP2FM,8.363526257128477
1211,FP2FM,9.622801788367877
1212,FP2FM,7.734180760445628
1213,FP2FM,13.559401479196724
1214,FP2FM,18.13352257348664
1215,FP2FM,8.553024408140583
1216,FP2FM,7.3904747060085345
1217,FP2FM,14.203338263672777
1218,FP2FM,17.58591891313024
1219,FP2FM,8.720938920366981
1220,FP2FM,17.03184336654412
1221,FP2FM,10.972393109570078
1222,FP2FM,16.20766774645995
1223,FP2FM,11.331219736560637
1224,FP2FM,13.099060249881743
1225,FP2FM,16.695860762203957
1226,FP2FM,19.683846180443496
1227,FP2FM,13.56440745569388
1228,FP2FM,11.145285425386495
1229,FP2FM,10.451255806228437
1230,FP2FM,16.21029003895495
1231,FP2FM,10.063901074167655
1232,FP2FM,17.61566912684725
1233,FP2FM,15.604779646736247
1234,FP2FM,18.820788788047462
1235,FP2FM,17.122606787242965
1236,FP2FM,17.5793468784403
1237,FP2FM,17.56690835862929
1238,FP2FM,11.649464705144238
1239,FP2FM,18.447791804836665
1240,FP2FM,10.988063375579072
1241,FP2FM,17.924199673314153
1242,FP2FM,20.517927653710657
1243,FP2FM,10.061814138036452
1244,FP2FM,20.53451384394847
1245,FP2FM,10.37140193097959
1246,FP2FM,13.037191334080902
1247,FP2FM,21.42605972124107
1248,FP2FM,9.982586868713627
1249,FP2FM,5.902790163423066
1250,FP2FM,10.740820240197696
1251,FP2FM,9.365370680826688
1252,FP2FM,17.610964868074262
1253,FP2FM,10.0296915308751
1254,FP2FM,18.81825905620064
1255,FP2FM,9.756802905461909
1256,FP2FM,16.099832579602744
1257,FP2FM,9.61142867158859
1258,FP2FM,10.037333438119425
1259,FP2FM,13.86840026384887
1260,FP2FM,9.532194121372315
1261,FP2FM,12.043998850153441
1262,FP2FM,9.646275952309722
1263,FP2FM,13.006377310290928
1264,FP2FM,17.64131009908072
1265,FP2FM,14.450843581070528
1266,FP2FM,15.509996367284852
1267,FP2FM,10.709855350672054
1268,FP2FM,5.460158532377102
1269,FP2FM,15.536167609484488
1271,FP2FM,14.774081660042917
1272,FP2FM,17.182702980174437
1273,FP2FM,19.55079433632672
1274,FP2FM,14.464139218353798
1275,FP2FM,12.848848343605908
1276,FP2FM,7.951323829896096
1277,FP2FM,4.2298972216202175
1278,FP2FM,1.8985770567652025
1279,FP2FM,11.170071989059457
1281,FP2FM,2.687311064735046
1282,FP2FM,2.7225750121794583
1283,FP2FM,13.140339296966467
1285,FP2FM,12.03003692271245
1286,FP2FM,13.689330509337822
1287,FP2FM,17.735955104320347
1288,FP2FM,16.401214612879535
1289,FP2FM,13.179034618550599
1290,FP2FM,12.762798662641465
1291,FP2FM,12.973119920622588
1292,FP2FM,12.524869100252975
1294,FP2FM,15.794732747215448
1295,FP2FM,8.71802599070329
1296,FP2FM,11.684283386205692
1297,FP2FM,8.562596392405345
1298,FP2FM,11.953570377702174
1299,FP2FM,14.71198763108908
1300,FP2FM,17.982920527066142
1301,FP2FM,13.472366447154062
1302,FP2FM,15.900518286294716
1303,FP2FM,13.506376297681658
1304,FP2FM,14.86827489184966
1305,FP2FM,14.118203256203843
1306,FP2FM,18.348718260749525
1307,FP2FM,0.8447469713575168
1308,FP2FM,15.023993486724729
1309,FP2FM,14.692687579851768
1310,FP2FM,16.15318108003902
1311,FP2FM,17.148546351869967
1312,FP2FM,14.828713894820577
1313,FP2FM,11.034957573274708
1314,FP2FM,11.314458706962034
1315,FP2FM,13.488839553541318
1316,FP2FM,8.139528980074488
1317,FP2FM,9.829834606019594
1318,FP2FM,8.747747194234389
1319,FP2FM,9.280801201318923
1320,FP2FM,17.0760838781159
1321,FP2FM,8.06380720182145
1322,FP2FM,20.769967746566028
1323,FP2FM,19.336651535106952
1324,FP2FM,10.095714436691992
1325,FP2FM,8.08509954331687
1326,FP2FM,19.21183456855606
1327,FP2FM,13.61680096717709
1328,FP2FM,14.18340230210355
1329,FP2FM,12.776897058668839
1330,FP2FM,18.772322493409423
1331,FP2FM,19.075872411467955
1332,FP2FM,23.37111271386807
1333,FP2FM,22.016031631321628
1334,FP2FM,13.355407822059867
1335,FP2FM,8.86549747951385
1336,FP2FM,8.791347297550715
1337,FP2FM,14.750302054263024
1338,FP2FM,14.307349782047096
1339,FP2FM,15.233640719017181
1340,FP2FM,14.44529717892309
1341,FP2FM,12.814817144895143
1342,FP2FM,2.8904210154463663
1343,FP2FM,12.059195806000513
1345,FP2FM,12.53882800344866
1346,FP2FM,12.653116922057073
1347,FP2FM,7.27891797002682
1348,FP2FM,5.338831172783612
1349,FP2FM,11.057183463999257
1351,FP2FM,8.26995993851464
1352,FP2FM,14.260770883498816
1353,FP2FM,15.220528868066197
1354,FP2FM,13.48779649329342
1355,FP2FM,18.810124304102082
1356,FP2FM,22.037204878688172
1357,FP2FM,17.874999547423396
1358,FP2FM,22.081662113860826
1359,FP2FM,13.581807092568017
1360,FP2FM,10.81642970820186
1361,FP2FM,20.327070763693133
1362,FP2FM,21.006722269768982
1363,FP2FM,20.87844375847922
1364,FP2FM,10.003953050450598
1365,FP2FM,10.298225552376225
1366,FP2FM,13.361170133755444
1367,FP2FM,20.242927410498424
1368,FP2FM,11.103750685574393
1369,FP2FM,10.885311743305824
1370,FP2FM,13.322530943356329
1371,FP2FM,24.17219753522482
1372,FP2FM,10.733972179709324
1373,FP2FM,13.734965114770635
1374,FP2FM,13.694801374231288
1375,FP2FM,13.087104488001648
1376,FP2FM,15.734370048142168
1377,FP2FM,12.444841396812983
1378,FP2FM,9.090359771119935
1379,FP2FM,8.122968673925023
1380,FP2FM,14.532359670703839
1381,FP2FM,12.459618024558536
1382,FP2FM,14.797778835859935
1383,FP2FM,14.594676955102393
1384,FP2FM,11.010769090620814
1385,FP2FM,16.67663950282405
1386,FP2FM,7.638531098530386
1387,FP2FM,18.010457425365555
1388,FP2FM,12.993838371491947
1389,FP2FM,9.910554756984
1390,FP2FM,9.301114238780158
1391,FP2FM,12.054213261833732
1392,FP2FM,18.119276423447285
1393,FP2FM,9.679271323942679
1395,FP2FM,2.161715955650263
1396,FP2FM,2.606804220912703
1397,FP2FM,12.077482508686488
1398,FP2FM,11.805855698042897
1399,FP2FM,12.018077764499646
1400,FP2FM,14.47616764669416
1401,FP2FM,6.7579499298200405
1402,FP2FM,6.287673668147153
1403,FP2FM,13.773489555065092
1404,FP2FM,9.429689681737164
1405,FP2FM,12.174127246590713
1406,FP2FM,4.238910278186951
1407,FP2FM,4.91328083720227
1408,FP2FM,13.203349629209375
1409,FP2FM,11.237177832674137
1410,FP2FM,8.102126806918246
1411,FP2FM,10.990782790698516
1412,FP2FM,9.942794742575083
1413,FP2FM,10.759554205890417
1414,FP2FM,9.172997141549567
1415,FP2FM,9.781789546712469
1416,FP2FM,10.71820454137701
1417,FP2FM,9.402057544634042
1418,FP2FM,8.608754106880237
1419,FP2FM,10.035280072609853
1420,FP2FM,10.087233576055082
1421,FP2FM,12.779336306570027
1422,FP2FM,14.887459518529667
1423,FP2FM,10.424701159761149
1424,FP2FM,15.368139354562679
1425,FP2FM,10.612616271665013
1426,FP2FM,13.509690570688493
1428,FP2FM,11.461473960070785
1429,FP2FM,9.988032353038088
1430,FP2FM,7.784914162743216
1431,FP2FM,23.130255627565546
1432,FP2FM,10.226096287550726
1433,FP2FM,8.75039445200754
1434,FP2FM,16.23387905571703
1435,FP2FM,16.39671029906299
1436,FP2FM,7.21199926213303
1437,FP2FM,12.681664132616312
1438,FP2FM,10.17087916646287
1439,FP2FM,13.52135969088216
1440,FP2FM,11.249812207491605
1442,FP2FM,10.906818127918758
1443,FP2FM,14.042995610603285
1444,FP2FM,15.345110108528699
1445,FP2FM,12.770883071292173
1446,FP2FM,11.72433227368157
1447,FP2FM,13.675620617572864
1448,FP2FM,20.020573553269752
1449,FP2FM,11.172403274148094
1450,FP2FM,15.01422724381661
1451,FP2FM,14.103169701363887
1452,FP2FM,12.699434761142914
1453,FP2FM,19.794762193994686
1454,FP2FM,21.751091669496695
1455,FP2FM,16.08880187828666
1456,FP2FM,13.565849446274367
1457,FP2FM,17.444327285229857
1458,FP2FM,20.393117588691638
1459,FP2FM,7.566696935457642
1461,FP2FM,5.8531821889051034
1462,FP2FM,8.595797927638836
1463,FP2FM,3.789327018824519
1465,FP2FM,6.837262568107851
1467,FP2FM,12.210947336150234
1468,FP2FM,12.909561774993454
1469,FP2FM,11.36104691821576
1470,FP2FM,12.514481814500504
1471,FP2FM,11.584851319321825
1472,FP2FM,11.189729009896826
1473,FP2FM,15.625635086567605
1474,FP2FM,13.000204564061786
1475,FP2FM,15.698387778691849
1476,FP2FM,12.689081234493734
1477,FP2FM,10.489340856618652
1478,FP2FM,11.967108719813455
1479,FP2FM,12.807935754939699
1480,FP2FM,10.92722252875203
1481,FP2FM,11.111949234530238
1482,FP2FM,10.127910909766067
1483,FP2FM,13.184920989143327
1484,FP2FM,10.563658264332346
1485,FP2FM,11.898567534783798
1486,FP2FM,13.994006041963935
1487,FP2FM,14.039803839185973
1488,FP2FM,11.4524610922878
1489,FP2FM,10.484088313369448
1490,FP2FM,15.60642257569247
1491,FP2FM,11.909671666628508
1492,FP2FM,12.107152793705886
1493,FP2FM,10.384623975047852
1494,FP2FM,16.222483519531973
1495,FP2FM,12.451485057580545
1496,FP2FM,13.606165686615354
1497,FP2FM,13.83284718406708
1498,FP2FM,14.631943628690655
1499,FP2FM,17.750021227401618
1500,FP2FM,12.361890747588832
1501,FP2FM,12.201028268998177
1502,FP2FM,14.84150853062181
1503,FP2FM,13.844919780236284
1504,FP2FM,13.70090404594711
1505,FP2FM,10.836171464883162
1506,FP2FM,14.940345226206961
1507,FP2FM,18.919770112242247
1508,FP2FM,14.600309532995782
1509,FP2FM,10.646181144203831
1510,FP2FM,10.833002311066238
1511,FP2FM,12.710707594834663
1512,FP2FM,12.82485447099779
1513,FP2FM,21.166666544360613
1514,FP2FM,15.679368099902327
1515,FP2FM,15.093574623042487
1516,FP2FM,22.675496386035913
1517,FP2FM,13.155721799909365
1518,FP2FM,11.781348940152801
1519,FP2FM,16.496885151660436
1520,FP2FM,14.882530028895712
1521,FP2FM,15.637632862676929
1522,FP2FM,18.981208562351355
1523,FP2FM,10.336368699223723
1524,FP2FM,14.073909959888674
1525,FP2FM,11.964734441420138
1526,FP2FM,13.567477318151381
1527,FP2FM,12.007742504172986
1528,FP2FM,12.396835602388592
1529,FP2FM,10.580096726004196
1530,FP2FM,13.163166736653082
1531,FP2FM,17.403585881361764
1532,FP2FM,13.742635722818028
1533,FP2FM,13.583545631857055
1534,FP2FM,10.907423665564849
1535,FP2FM,13.961458704691314
1536,FP2FM,16.520937063472033
1537,FP2FM,15.633130023383568
1538,FP2FM,10.594226399301625
1539,FP2FM,14.484237143230454
1540,FP2FM,15.684462408738545
1541,FP2FM,11.813323270596044
1542,FP2FM,18.06725510461051
1543,FP2FM,17.120841218976828
1544,FP2FM,15.507374982723134
1545,FP2FM,14.116899519051115
1546,FP2FM,11.161104762072156
1547,FP2FM,14.101741594235651
1548,FP2FM,15.21962106453754
1549,FP2FM,13.50000368116324
1550,FP2FM,11.79398331116663
1551,FP2FM,14.650796933658304
1552,FP2FM,17.388455605799848
1553,FP2FM,12.086231761457654
1554,FP2FM,15.68840105798069
1555,FP2FM,19.49990086558487
1556,FP2FM,13.558214619488185
1557,FP2FM,13.784921212458526
1558,FP2FM,14.051706003856955
1559,FP2FM,13.890717570635704
1560,FP2FM,15.373482919186605
1561,FP2FM,15.372634775493394
1562,FP2FM,13.235855114918918
1563,FP2FM,15.141237253050805
1564,FP2FM,17.564277543067845
1565,FP2FM,13.48547144766395
1566,FP2FM,12.122276183107747
1567,FP2FM,3.036855218283509
1568,FP2FM,15.135036931037252
1569,FP2FM,17.987644327737684
1570,FP2FM,12.805002677549949
1571,FP2FM,14.97055250638858
1572,FP2FM,13.465936304179708
1573,FP2FM,14.492726860448416
1574,FP2FM,12.424590118491862
1575,FP2FM,3.6537483214787914
1576,FP2FM,6.567213900363803
1577,FP2FM,9.930298987264424
1578,FP2FM,12.435392014580929
1579,FP2FM,15.554590006805869
1580,FP2FM,12.402987927190354
1581,FP2FM,13.17030198163981
1582,FP2FM,10.557028293359066
1583,FP2FM,12.792946734888595
1584,FP2FM,15.022547621125572
1585,FP2FM,9.16507818932564
1586,FP2FM,9.551352180467635
1587,FP2FM,7.724093877716726
1588,FP2FM,10.94543544626515
1589,FP2FM,7.6868398467908
1590,FP2FM,10.45717835778499
1591,FP2FM,17.714105970588715
1592,FP2FM,9.577368107290338
1593,FP2FM,8.576525415729398
1594,FP2FM,18.712544060553288
1595,FP2FM,9.012576134614232
1596,FP2FM,11.325245528866185
1597,FP2FM,9.108737125561689
1598,FP2FM,13.457338368891433
1599,FP2FM,19.175983077946274
1600,FP2FM,12.166866715384588
1601,FP2FM,8.704722315108167
1602,FP2FM,18.754012925886034
1603,FP2FM,15.052513125766719
1604,FP2FM,20.226555110402092
1605,FP2FM,9.287614277974535
1606,FP2FM,17.96844394847798
1607,FP2FM,3.0964843333997414
1608,FP2FM,15.401697031067165
1609,FP2FM,8.843626371379386
1610,FP2FM,5.016621490051302
1611,FP2FM,15.81740264277168
1612,FP2FM,9.45275017981427
1613,FP2FM,20.99751172390625
1615,FP2FM,6.43871142240613
1616,FP2FM,10.911840478935073
1617,FP2FM,10.333900518947878
1618,FP2FM,11.1890624992026
1619,FP2FM,17.988868393570254
1620,FP2FM,17.371698473223713
1621,FP2FM,11.163153004651928
1622,FP2FM,12.930107078607232
1623,FP2FM,11.998768830865734
1626,FP2FM,10.498015807116316
1627,FP2FM,18.221104033927826
1628,FP2FM,18.102744229812586
1629,FP2FM,15.39770331034613
1631,FP2FM,10.556782129729827
1632,FP2FM,10.407560979138374
1633,FP2FM,23.985218372148253
1634,FP2FM,12.852555058404153
1635,FP2FM,18.35840063879496
1636,FP2FM,9.564131162333679
1637,FP2FM,9.143641964611598
1638,FP2FM,8.1952228124782
1639,FP2FM,10.703039433098239
1640,FP2FM,8.016428915445749
1641,FP2FM,11.471533619984923
1642,FP2FM,9.283780650599548
1643,FP2FM,9.257819203198519
1644,FP2FM,10.101114825989617
1645,FP2FM,18.453564248191128
1646,FP2FM,10.423019228304675
1648,FP2FM,22.761287764158954
1649,FP2FM,10.621665387669822
1650,FP2FM,9.933525744073595
1651,FP2FM,10.254199685295912
1652,FP2FM,8.730778235195654
1653,FP2FM,17.446775734290846
1654,FP2FM,10.856464550043428
1655,FP2FM,10.56834215596304
1656,FP2FM,9.647419734907999
1658,FP2FM,12.459593133674867
1659,FP2FM,11.36993745804025
1660,FP2FM,11.07418437264224
1661,FP2FM,19.871571686274994
1662,FP2FM,10.810673241536596
1663,FP2FM,17.59044918795221
1664,FP2FM,13.207012938665333
1665,FP2FM,17.236960893484312
1666,FP2FM,17.274028586341142
1667,FP2FM,19.635582985383717
1668,FP2FM,5.8861229192788995
1669,FP2FM,6.412298896222496
1670,FP2FM,14.324648033749238
1671,FP2FM,13.69398606769258
1672,FP2FM,10.92711027239367
1673,FP2FM,18.188636726802322
1674,FP2FM,13.960709863618419
1675,FP2FM,12.561604456359062
1676,FP2FM,18.64587409706321
1677,FP2FM,10.146380911314099
1678,FP2FM,10.471707106702805
1679,FP2FM,13.646507835266119
1680,FP2FM,13.620517381386865
1681,FP2FM,12.720303204163148
1682,FP2FM,8.539849504078296
1683,FP2FM,13.92389411661127
1684,FP2FM,20.400943559920172
1685,FP2FM,18.955716528176655
1686,FP2FM,8.342960083731146
1687,FP2FM,13.271404907770451
1688,FP2FM,8.621197832035094
1689,FP2FM,17.007840800958842
1690,FP2FM,9.573109398341826
1691,FP2FM,2.3836965011947573
1692,FP2FM,5.022212374511948
1693,FP2FM,2.432476618600063
1694,FP2FM,11.117603440403967
1695,FP2FM,4.0966281121092365
1696,FP2FM,0.8679153670426434
1697,FP2FM,3.2064541388384002
1698,FP2FM,18.513959980591977
1699,FP2FM,8.733382751485816
1700,FP2FM,16.34833628830329
1701,FP2FM,6.278970205028541
1702,FP2FM,5.156467853032348
1703,FP2FM,18.908464467721377
1704,FP2FM,9.649195639447226
1705,FP2FM,21.88552368182015
1706,FP2FM,16.10403145928386
1707,FP2FM,15.185695123471866
1708,FP2FM,15.88312967208094
1709,FP2FM,13.40742332867001
1710,FP2FM,13.524876362618159
1711,FP2FM,15.80542752843346
1712,FP2FM,13.738349673899409
1713,FP2FM,14.322431120771938
1714,FP2FM,11.011950302153037
1715,FP2FM,13.65398989943149
1716,FP2FM,1.6986638360247848
1717,FP2FM,14.79563044797476
1718,FP2FM,12.925498234290533
1719,FP2FM,8.158442195358123
1720,FP2FM,18.827931501533758
1721,FP2FM,9.068282632256517
1722,FP2FM,9.207161956896403
1723,FP2FM,15.438040557104236
1724,FP2FM,7.513253619286339
1725,FP2FM,11.66220949480617
1726,FP2FM,10.374520075607071
1727,FP2FM,6.863505055487056
1728,FP2FM,13.331786126190998
1729,FP2FM,11.197789041249978
1730,FP2FM,11.515953713300593
1731,FP2FM,17.392222735686683
1732,FP2FM,11.259443206955957
1733,FP2FM,12.753994391967323
1734,FP2FM,10.656487791678908
1735,FP2FM,13.989803007828414
1736,FP2FM,9.09337057313995
1737,FP2FM,8.522443110437136
1738,FP2FM,11.206864254614889
1739,FP2FM,9.44777207434918
1740,FP2FM,9.251657192085894
1741,FP2FM,10.21556315115725
1742,FP2FM,11.016032121410634
1743,FP2FM,13.292972981989546
1744,FP2FM,10.884993595158534
1745,FP2FM,10.776506827353284
1746,FP2FM,12.010004635592997
1747,FP2FM,13.7329624391376
1748,FP2FM,23.821443675538774
1749,FP2FM,6.290240017446995
1750,FP2FM,22.918678253870237
1751,FP2FM,12.297965049700291
1752,FP2FM,14.117014905265524
1753,FP2FM,11.629448016238898
1754,FP2FM,12.611953401328703
1755,FP2FM,9.688434825343819
1756,FP2FM,3.6662960957469224
1757,FP2FM,11.466754436229529
1758,FP2FM,3.198217534593658
1759,FP2FM,20.258673245949936
1760,FP2FM,13.560614097476583
1761,FP2FM,9.449735899280986
1762,FP2FM,2.974403136255388
1764,FP2FM,11.189416343558431
1765,FP2FM,17.44812452710685
1766,FP2FM,5.432548670938402
1767,FP2FM,13.015027815512262
1768,FP2FM,3.1265484524508884
1769,FP2FM,7.904457615925705
1770,FP2FM,7.550622028971151
1771,FP2FM,3.5260259946232324
1772,FP2FM,12.799049598660764
1774,FP2FM,7.697924471785327
1775,FP2FM,7.270581818520192
1776,FP2FM,5.779514204582732
1778,FP2FM,1.1145921668931928
1779,FP2FM,6.650923560885495
1780,FP2FM,13.913585740492158
1781,FP2FM,14.463185677793257
1782,FP2FM,13.73634714493312
1783,FP2FM,13.535853164353995
1784,FP2FM,14.028357850769215
1785,FP2FM,14.300154892539798
1786,FP2FM,22.127777429133978
1787,FP2FM,15.541037544762018
1788,FP2FM,13.161708931484554
1789,FP2FM,17.596200859380296
1790,FP2FM,13.013494882578252
1791,FP2FM,9.49605548945097
1792,FP2FM,12.629521264825119
1793,FP2FM,13.257647733192274
1794,FP2FM,12.597533414699148
1795,FP2FM,13.276299495062425
1796,FP2FM,9.345127093707855
1797,FP2FM,11.004519270472304
1798,FP2FM,9.088161092999474
1799,FP2FM,9.888708681344632
1800,FP2FM,9.851097145105594
1801,FP2FM,9.850745595989615
1802,FP2FM,12.690482514719246
1803,FP2FM,11.243888424833411
1804,FP2FM,12.721911585154297
1805,FP2FM,10.767003107160983
1806,FP2FM,16.96771597518443
1807,FP2FM,18.17542664311855
1808,FP2FM,16.220608039454664
1809,FP2FM,16.795180766599433
1810,FP2FM,16.952294668538464
1811,FP2FM,2.529046526591943
1812,FP2FM,6.565493664504426
1813,FP2FM,10.927132585414993
1814,FP2FM,18.00336592086816
1815,FP2FM,10.140179895863826
1816,FP2FM,10.865224048837153
1817,FP2FM,16.579789785949117
1818,FP2FM,14.931960616002737
1819,FP2FM,13.918536082957063
1820,FP2FM,12.863980358679425
1821,FP2FM,13.107677666343562
1822,FP2FM,11.775313663690708
1823,FP2FM,11.516337688495357
1824,FP2FM,21.776612465368423
1825,FP2FM,16.665763028680495
1826,FP2FM,10.6334386286312
1827,FP2FM,12.205892426010733
1828,FP2FM,10.21422265511773
1829,FP2FM,10.032320045359889
1830,FP2FM,9.79647184587744
1831,FP2FM,24.671726040219173
1832,FP2FM,17.997410037772543
1833,FP2FM,8.966267881299618
1834,FP2FM,13.354111080133304
1835,FP2FM,12.385651269320086
1836,FP2FM,12.208816908084687
1837,FP2FM,16.219387712306588
1838,FP2FM,10.739650463219633
1839,FP2FM,12.16935367538667
1840,FP2FM,17.84753847297217
1841,FP2FM,16.771293758818153
1842,FP2FM,17.503970608791253
1843,FP2FM,4.091260387585568
1844,FP2FM,10.086281033606495
1845,FP2FM,17.67425534681889
1846,FP2FM,15.983244905943632
1847,FP2FM,13.550929340086054
1848,FP2FM,11.310352774111655
1849,FP2FM,13.805270484772649
1850,FP2FM,9.792640903867705
1851,FP2FM,12.388335248015704
1852,FP2FM,11.765223919658313
1853,FP2FM,14.189950843828376
1854,FP2FM,11.62124665678084
1855,FP2FM,13.453297300206975
1856,FP2FM,9.623576640548224
1857,FP2FM,10.871642192145243
1858,FP2FM,12.06912676387048
1859,FP2FM,14.147569673420135
1860,FP2FM,13.237385326010788
1861,FP2FM,12.358562422352744
1862,FP2FM,11.546664886625662
1863,FP2FM,15.030275844303183
1864,FP2FM,13.21808721873157
1865,FP2FM,14.490664479860035
1866,FP2FM,14.4733964693824
1867,FP2FM,14.377825786229584
1868,FP2FM,12.779835978823893
1869,FP2FM,12.431651356314667
1870,FP2FM,15.062864947795067
1871,FP2FM,14.69778179907241
1872,FP2FM,14.939207460947822
1873,FP2FM,14.35519979814519
1874,FP2FM,8.314098456086782
1875,FP2FM,11.31325721529508
1876,FP2FM,13.624246660623612
1877,FP2FM,12.301880632412951
1878,FP2FM,13.482270843367134
1879,FP2FM,16.10856160117305
1880,FP2FM,11.166222221130974
1881,FP2FM,13.331396266467056
1882,FP2FM,9.161148591408212
1883,FP2FM,10.8758861198021
1884,FP2FM,9.658997611004848
1885,FP2FM,12.28997021310389
1886,FP2FM,10.074689403325282
1887,FP2FM,10.634288685961922
1888,FP2FM,8.96751059745304
1889,FP2FM,11.735721594931938
1890,FP2FM,12.920272153711604
1891,FP2FM,12.127976419709515
1892,FP2FM,8.95647339326502
1893,FP2FM,9.102993644185641
1894,FP2FM,12.521438673104033
1895,FP2FM,10.796529839302165
1896,FP2FM,13.473409553185192
1897,FP2FM,9.249677311431695
1898,FP2FM,10.19162628815664
1899,FP2FM,12.892437964733297
1900,FP2FM,11.203872176701525
1901,FP2FM,14.061523748727357
1902,FP2FM,19.640764598565834
1903,FP2FM,10.534641458301113
1904,FP2FM,11.0987489303058
1905,FP2FM,11.423934802046773
1906,FP2FM,10.12292455387662
1907,FP2FM,9.968052436808716
1908,FP2FM,14.112340908285143
1909,FP2FM,11.815390498428789
1910,FP2FM,6.471967164144359
1911,FP2FM,16.101332429391682
1913,FP2FM,10.472364121970985
1914,FP2FM,10.436046086017537
1915,FP2FM,12.272234124766257
1916,FP2FM,13.211027738090026
1917,FP2FM,14.244755661248652
1918,FP2FM,13.402640903976472
1919,FP2FM,13.527384539664276
1920,FP2FM,13.795095150097909
1921,FP2FM,6.241249631659221
1922,FP2FM,1.0658682922417726
1923,FP2FM,10.469465341047332
1924,FP2FM,11.945140512317254
1925,FP2FM,10.287276069467433
1926,FP2FM,12.503783261225719
1927,FP2FM,10.801393556340946
1928,FP2FM,12.48514465453623
1929,FP2FM,10.904969245119458
1930,FP2FM,11.349082395250566
1931,FP2FM,13.336591649464184
1932,FP2FM,11.599914691928852
1933,FP2FM,10.717793805609853
1934,FP2FM,15.6030259700647
1935,FP2FM,14.398363045378062
1936,FP2FM,13.818135969080883
1937,FP2FM,12.425479155614848
1938,FP2FM,8.77081627315807
1939,FP2FM,8.709626571934775
1940,FP2FM,13.355586444234858
1941,FP2FM,15.473674957027377
1942,FP2FM,10.63415827519049
1943,FP2FM,13.63689412446241
1944,FP2FM,14.116587904862616
1945,FP2FM,13.415961641643053
1946,FP2FM,13.62352538060757
1947,FP2FM,15.290993488458188
1948,FP2FM,13.337867811568305
1949,FP2FM,13.495369503853246
1950,FP2FM,12.939863164078535
1951,FP2FM,14.113919333977453
1952,FP2FM,6.581071760198768
1953,FP2FM,15.420523213120653
1954,FP2FM,11.901915864188853
1955,FP2FM,10.651019137651176
1956,FP2FM,14.91582909001155
1957,FP2FM,9.500974117403317
1958,FP2FM,7.543504359553806
1959,FP2FM,13.378350078122542
1960,FP2FM,14.561272218324174
1961,FP2FM,16.247280863444075
1962,FP2FM,12.069359863626973
1963,FP2FM,13.598673000042224
1964,FP2FM,2.2707230551872364
1965,FP2FM,9.240626108145115
1966,FP2FM,8.254935292971112
1967,FP2FM,8.566219788339701
1968,FP2FM,12.076956302728638
1969,FP2FM,10.202802133392781
1970,FP2FM,14.75309728042121
1971,FP2FM,14.327662104952292
1972,FP2FM,13.606012599083074
1973,FP2FM,9.993456545898281
1974,FP2FM,10.632420996405068
1975,FP2FM,10.372316458092163
1976,FP2FM,16.32142189431035
1977,FP2FM,17.680257544483773
1978,FP2FM,12.653821775286065
1979,FP2FM,12.788327899918002
1980,FP2FM,12.644589339799216
1981,FP2FM,11.52827176336374
1982,FP2FM,15.178293858733472
1983,FP2FM,8.677938942607101
1984,FP2FM,14.90756357430008
1985,FP2FM,13.766387521656345
1986,FP2FM,11.09255566018562
1987,FP2FM,10.924722136756486
1988,FP2FM,4.880128526638364
1989,FP2FM,9.972240777358994
1990,FP2FM,3.808031614209096
1991,FP2FM,5.202129096520578
1992,FP2FM,11.511964256647992
1993,FP2FM,12.514005353463261
1994,FP2FM,9.841206792873356
1995,FP2FM,12.428780083301925
1996,FP2FM,8.809004190705435
1997,FP2FM,10.809702007699535
1998,FP2FM,9.572410201404994
1999,FP2FM,13.132366958106363
2000,FP2FM,13.001285248153495
2001,FP2FM,13.73268008842004
2002,FP2FM,9.760288898819178
2003,FP2FM,21.467207597041583
2004,FP2FM,13.175282262720271
2005,FP2FM,11.91702708127313
2006,FP2FM,12.630224179137011
2007,FP2FM,11.371181438942072
2008,FP2FM,10.837792022051412
2009,FP2FM,13.771647487267986
2010,FP2FM,6.916525316960159
2011,FP2FM,8.300387833247616
2012,FP2FM,12.941132098296116
2013,FP2FM,18.21865004900359
2014,FP2FM,15.339392834498137
2015,FP2FM,11.529568703422187
2016,FP2FM,14.30064032583697
2017,FP2FM,18.5925823396397
2018,FP2FM,10.933628129881507
2019,FP2FM,15.993428092700306
2020,FP2FM,16.18547283639808
2021,FP2FM,9.187361443975485
2022,FP2FM,13.496893009161376
2023,FP2FM,9.770950646854539
2024,FP2FM,15.772263649177342
2025,FP2FM,11.386127737640509
2026,FP2FM,18.537595378724077
2027,FP2FM,8.391827572043443
2028,FP2FM,1.0191983016148707
2029,FP2FM,8.680946273115417
2030,FP2FM,16.53914924417643
2031,FP2FM,20.30612994772673
2032,FP2FM,10.547732218894938
2033,FP2FM,15.661213836665105
2034,FP2FM,9.13730995895042
2035,FP2FM,15.871212743442536
2036,FP2FM,11.953549802145988
2037,FP2FM,8.786778456229229
2038,FP2FM,16.363043807468625
2039,FP2FM,10.102642236385105
2040,FP2FM,9.068995858709288
2041,FP2FM,17.607551721899263
2042,FP2FM,16.6033172106008
2043,FP2FM,14.443654260438988
2044,FP2FM,9.961692705145868
2045,FP2FM,11.657067389459169
2046,FP2FM,16.020902686825977
2047,FP2FM,10.005137480187747
2048,FP2FM,9.028069068117446
2049,FP2FM,7.8888770400454735
2050,FP2FM,12.674916544500133
2051,FP2FM,11.290895568217305
2052,FP2FM,13.746190708107784
2053,FP2FM,15.45676027401145
2054,FP2FM,9.307496205242064
2055,FP2FM,12.503549752964952
2056,FP2FM,11.825972714437636
2057,FP2FM,15.598476935765389
2058,FP2FM,16.489252027479342
2059,FP2FM,11.566226325528657
2060,FP2FM,12.247204058010778
2061,FP2FM,12.410997129399165
2062,FP2FM,10.096800080194589
2063,FP2FM,11.960096928633144
2064,FP2FM,8.630537683861942
2065,FP2FM,8.755551789822782
2066,FP2FM,12.064677885094659
2067,FP2FM,10.611315620596447
2068,FP2FM,11.99261022456589
2069,FP2FM,12.283883177850877
2070,FP2FM,7.115585424629356
2071,FP2FM,13.91752666994828
2072,FP2FM,8.736450223412477
2073,FP2FM,12.652158742976138
2074,FP2FM,10.80825847448082
2075,FP2FM,13.281135671671796
2076,FP2FM,11.437508597531439
2077,FP2FM,11.95634540451988
2078,FP2FM,14.991933433888562
2079,FP2FM,10.240322265798328
2080,FP2FM,15.769351757679715
2081,FP2FM,13.612843347361638
2082,FP2FM,9.924606203935456
2083,FP2FM,0.9521397155530023
2084,FP2FM,14.899859044942788
2085,FP2FM,10.70821697019428
2086,FP2FM,15.68693886141551
2087,FP2FM,14.437073441944987
2088,FP2FM,13.475823496425784
2089,FP2FM,16.311904215361135
2090,FP2FM,14.678685389835218
2091,FP2FM,12.230703476442367
2092,FP2FM,3.4265997668017003
2093,FP2FM,12.938538846977783
2094,FP2FM,10.929662561253982
2095,FP2FM,12.794124727386158
2096,FP2FM,12.696930962059461
2097,FP2FM,12.918479433968884
2098,FP2FM,8.692995760961509
2099,FP2FM,11.24862560830866
2100,FP2FM,13.409437907187485
2101,FP2FM,20.303736444196716
2102,FP2FM,23.309634681152193
2103,FP2FM,15.251361205859428
2104,FP2FM,12.74448814025386
2105,FP2FM,13.494697374266995
2106,FP2FM,14.200096525283408
2107,FP2FM,15.374663214718188
2108,FP2FM,13.427119715155525
2109,FP2FM,13.134060682225623
2110,FP2FM,3.1012844395947887
2111,FP2FM,12.580932122308278
2112,FP2FM,9.261599804352
2113,FP2FM,10.79435834055465
2114,FP2FM,11.09844631485778
2115,FP2FM,11.356275300435485
2116,FP2FM,7.479462229160199
2117,FP2FM,8.021100396486235
2118,FP2FM,12.081538699040648
2119,FP2FM,3.9561113467313915
2120,FP2FM,9.582928197235752
2121,FP2FM,12.115623625885547
2122,FP2FM,11.368232245943306
2123,FP2FM,13.387554922764656
2124,FP2FM,13.675423248096575
2125,FP2FM,11.96537312527826
2126,FP2FM,10.11109783016013
2127,FP2FM,12.099165302461081
2128,FP2FM,15.238701385292046
2129,FP2FM,9.584253387827419
2130,FP2FM,14.696530013108685
2131,FP2FM,15.76368849709975
2132,FP2FM,13.238169017640864
2133,FP2FM,12.292776993604928
2134,FP2FM,13.583142720114648
2135,FP2FM,13.731658832860084
2136,FP2FM,9.874395466841749
2137,FP2FM,11.365249049572634
2138,FP2FM,11.330005489606535
2139,FP2FM,21.320266823481788
2140,FP2FM,13.00174060847916
2141,FP2FM,10.697790704352345
2142,FP2FM,21.373653379928033
2143,FP2FM,18.597033961904526
2144,FP2FM,21.107245867395658
2145,FP2FM,16.98621604187526
2146,FP2FM,23.72761127738684
2147,FP2FM,11.625888614760314
2148,FP2FM,13.440121561029232
2149,FP2FM,9.243221603456176
2150,FP2FM,4.917362390109006
2151,FP2FM,12.655790229633569
2152,FP2FM,11.338887557235706
2153,FP2FM,12.512546276810314
2154,FP2FM,16.436670978788754
2155,FP2FM,10.61794059241498
2156,FP2FM,17.3962047786934
2157,FP2FM,14.04208095021299
2158,FP2FM,13.065621877607102
2159,FP2FM,15.786764124808835
2160,FP2FM,14.291491960231394
2161,FP2FM,11.661905264084643
2162,FP2FM,8.93551072399328
0,SoftWorx,7.117069113428382
1,SoftWorx,8.233271491927606
2,SoftWorx,7.673816500872268
3,SoftWorx,8.624038470960064
4,SoftWorx,9.742438311305374
5,SoftWorx,9.96446430110342
6,SoftWorx,16.13810738161914
7,SoftWorx,12.138513660695631
8,SoftWorx,10.255258511856619
9,SoftWorx,19.84443518045912
10,SoftWorx,14.783140171066215
11,SoftWorx,7.318482193787083
12,SoftWorx,8.968576241017384
13,SoftWorx,9.137645676814998
14,SoftWorx,8.614287272507788
15,SoftWorx,9.352811458219964
16,SoftWorx,8.949822922189794
17,SoftWorx,9.280320901875076
19,SoftWorx,9.622314986894379
20,SoftWorx,8.814851041289325
21,SoftWorx,10.027271537299303
22,SoftWorx,11.18193618763029
23,SoftWorx,8.680715880168782
24,SoftWorx,13.334302380069014
25,SoftWorx,10.52135131635629
26,SoftWorx,10.405493276944286
27,SoftWorx,21.89556921198587
28,SoftWorx,10.918849919429459
29,SoftWorx,11.798647570984102
30,SoftWorx,11.463883736604757
31,SoftWorx,12.555640500411787
32,SoftWorx,21.97086372271894
33,SoftWorx,10.069653173998603
34,SoftWorx,2.356269153771891
35,SoftWorx,11.24587536205177
36,SoftWorx,15.902422796358614
37,SoftWorx,8.377778522655035
38,SoftWorx,6.91171504086027
39,SoftWorx,15.461684259871998
40,SoftWorx,8.609736298887684
41,SoftWorx,9.597996493009271
42,SoftWorx,6.463951909833691
43,SoftWorx,8.483006692482013
44,SoftWorx,2.6413735783641297
45,SoftWorx,8.08267383067273
46,SoftWorx,7.934731109393636
47,SoftWorx,2.563812150505508
48,SoftWorx,8.129455902394483
49,SoftWorx,9.10184318081766
50,SoftWorx,7.061784750094733
51,SoftWorx,10.180421737681204
53,SoftWorx,8.280571866292718
54,SoftWorx,7.520506940201879
58,SoftWorx,7.698742817507377
59,SoftWorx,9.019202718551629
60,SoftWorx,9.89479470362719
61,SoftWorx,12.792926453737273
62,SoftWorx,8.497344946070767
63,SoftWorx,8.269491851330185
64,SoftWorx,9.85794676397656
65,SoftWorx,9.360221201036076
66,SoftWorx,12.311276120906811
67,SoftWorx,15.54695988734223
68,SoftWorx,5.638084241630835
69,SoftWorx,5.797199471205486
70,SoftWorx,7.1240874653046795
71,SoftWorx,12.888445844328194
72,SoftWorx,6.591970557533777
73,SoftWorx,17.105268709512494
74,SoftWorx,10.214660261557823
75,SoftWorx,10.582996880333734
76,SoftWorx,5.269322772113813
77,SoftWorx,17.30472699480738
78,SoftWorx,12.229237175238058
79,SoftWorx,6.6317273793596785
80,SoftWorx,11.423050374658091
81,SoftWorx,10.11603235405048
82,SoftWorx,17.05973205762915
83,SoftWorx,9.670715204435904
84,SoftWorx,19.070744587862286
85,SoftWorx,17.244596878386382
86,SoftWorx,13.692339059573474
87,SoftWorx,11.212580023674551
88,SoftWorx,11.31717587446601
89,SoftWorx,10.42347116372331
90,SoftWorx,10.746322774874958
91,SoftWorx,12.892841974150445
92,SoftWorx,11.062437165131577
93,SoftWorx,8.703522297119322
94,SoftWorx,9.899637076468442
95,SoftWorx,11.237434287134853
96,SoftWorx,12.321613745483035
97,SoftWorx,11.963761478633401
98,SoftWorx,10.300491162039437
99,SoftWorx,12.878281686487432
100,SoftWorx,8.913504601543734
101,SoftWorx,5.809281843855307
102,SoftWorx,8.009156451388309
103,SoftWorx,11.029440679479515
104,SoftWorx,8.482680251768647
105,SoftWorx,9.463430757128014
106,SoftWorx,12.918902046493749
107,SoftWorx,19.802963918727794
108,SoftWorx,13.115924990463993
109,SoftWorx,22.331854834448627
110,SoftWorx,11.382374031672658
111,SoftWorx,9.381650440882705
112,SoftWorx,9.46099947872117
113,SoftWorx,10.125697903180606
114,SoftWorx,8.492762291769035
115,SoftWorx,10.230159374480785
116,SoftWorx,9.453952406935446
117,SoftWorx,16.850335130919408
118,SoftWorx,10.869382123039717
119,SoftWorx,13.209343182949095
120,SoftWorx,11.310439411666446
121,SoftWorx,15.888457677904592
122,SoftWorx,9.594495206067146
123,SoftWorx,6.345684962638328
124,SoftWorx,8.622794431544568
125,SoftWorx,11.913299710097283
126,SoftWorx,5.74378545669804
127,SoftWorx,5.5680756492388985
128,SoftWorx,8.668633151894605
129,SoftWorx,11.19963142286268
130,SoftWorx,1.8031969951647713
131,SoftWorx,18.258332894659453
132,SoftWorx,19.993880636225082
133,SoftWorx,14.969848990680592
134,SoftWorx,19.64753184912827
135,SoftWorx,18.725750228119654
136,SoftWorx,8.686831420863497
137,SoftWorx,8.697880617637367
138,SoftWorx,7.863820860269063
139,SoftWorx,13.343682445980644
140,SoftWorx,18.418813074341987
141,SoftWorx,8.242705979481915
142,SoftWorx,7.048706731077732
143,SoftWorx,13.669130689481102
144,SoftWorx,18.429675542432058
145,SoftWorx,8.33059403891976
146,SoftWorx,16.502158357790492
147,SoftWorx,10.18716908630441
148,SoftWorx,16.071725743568695
149,SoftWorx,10.29326401676996
150,SoftWorx,13.08398225155414
151,SoftWorx,6.910545915964355
152,SoftWorx,19.25593326385403
153,SoftWorx,9.104663961036795
154,SoftWorx,11.816428597420465
155,SoftWorx,9.537798374647021
156,SoftWorx,9.344669653453511
157,SoftWorx,15.781520340102432
158,SoftWorx,8.655750008647809
159,SoftWorx,15.359450826127015
160,SoftWorx,15.077491607117508
161,SoftWorx,18.138496910263807
162,SoftWorx,13.168526912346305
163,SoftWorx,17.32780242896807
164,SoftWorx,16.03966757542124
165,SoftWorx,8.917434492018971
166,SoftWorx,16.63935611863439
167,SoftWorx,8.851886246824336
168,SoftWorx,15.791124388869056
169,SoftWorx,17.288453632094548
170,SoftWorx,8.777006107508564
171,SoftWorx,5.263076095003752
172,SoftWorx,8.038355074424935
173,SoftWorx,9.19299664792682
174,SoftWorx,4.165912904992862
175,SoftWorx,10.06257255639787
176,SoftWorx,8.562686888865212
177,SoftWorx,4.9989257603824075
178,SoftWorx,8.438801569802639
179,SoftWorx,8.513241000120118
180,SoftWorx,7.294874914273271
181,SoftWorx,8.770693267052861
182,SoftWorx,8.172301845165652
183,SoftWorx,8.192482221708916
184,SoftWorx,6.418448951419108
185,SoftWorx,13.471755290920894
186,SoftWorx,8.555841762502622
188,SoftWorx,2.0017874835382474
189,SoftWorx,7.96304675347866
190,SoftWorx,8.722418754013399
194,SoftWorx,8.094753138312731
196,SoftWorx,14.69313676643623
197,SoftWorx,5.903552220759113
198,SoftWorx,7.194084457457572
199,SoftWorx,5.942485717569824
201,SoftWorx,7.360414800226336
202,SoftWorx,12.824084043894127
204,SoftWorx,6.653469481825047
205,SoftWorx,5.875136855302188
207,SoftWorx,10.132496739532536
208,SoftWorx,7.0247737926229075
209,SoftWorx,6.697220162852145
210,SoftWorx,9.946941740002508
211,SoftWorx,14.495045846458646
212,SoftWorx,1.7296997499949178
214,SoftWorx,1.048733220929149
215,SoftWorx,11.49764410493461
216,SoftWorx,4.6172879488059495
218,SoftWorx,4.115933893144176
219,SoftWorx,7.3928317300416015
220,SoftWorx,0.8622574875155987
221,SoftWorx,1.3856115699754414
223,SoftWorx,0.8982895059464515
224,SoftWorx,10.952869168450656
225,SoftWorx,14.081983962052389
226,SoftWorx,18.439894073822742
227,SoftWorx,16.907972858215143
228,SoftWorx,14.088994772493578
229,SoftWorx,13.537907609183636
230,SoftWorx,13.72709796479508
231,SoftWorx,13.127236809101372
233,SoftWorx,16.83332590639881
234,SoftWorx,9.230714277237418
235,SoftWorx,11.968385836905505
236,SoftWorx,9.242439727069128
237,SoftWorx,12.784339682633997
238,SoftWorx,15.211692148106552
239,SoftWorx,18.42051456187238
240,SoftWorx,13.861969798807246
241,SoftWorx,17.004203399970496
242,SoftWorx,14.251699825528581
243,SoftWorx,15.402639178306769
244,SoftWorx,15.418303514279327
245,SoftWorx,18.892566011195207
246,SoftWorx,15.139688505340642
247,SoftWorx,14.551131560875232
248,SoftWorx,7.903689896461063
249,SoftWorx,8.182836642516984
250,SoftWorx,17.1934071113672
251,SoftWorx,14.69385131553725
252,SoftWorx,12.117967982258993
253,SoftWorx,12.238365583128445
254,SoftWorx,13.675096198557485
255,SoftWorx,7.0709154760418755
256,SoftWorx,18.758105780487625
257,SoftWorx,18.235060066379607
258,SoftWorx,6.275743049617792
259,SoftWorx,10.946097900006128
260,SoftWorx,9.249933233770594
261,SoftWorx,10.973239369123833
262,SoftWorx,9.388745068331573
263,SoftWorx,11.035383486221487
264,SoftWorx,7.820931240270071
265,SoftWorx,13.261002929406652
266,SoftWorx,10.172916823532654
267,SoftWorx,9.626371498922076
268,SoftWorx,6.979309982597619
269,SoftWorx,9.715274178513603
270,SoftWorx,12.844138756979449
271,SoftWorx,19.448696399935123
272,SoftWorx,20.189528229058368
274,SoftWorx,22.43416426788157
275,SoftWorx,13.095843351538896
276,SoftWorx,8.787793728776524
277,SoftWorx,7.911157857396014
278,SoftWorx,14.14068626418654
279,SoftWorx,12.295963946238343
280,SoftWorx,14.688325434517303
281,SoftWorx,12.921187032980294
282,SoftWorx,11.868944454432949
283,SoftWorx,4.747887672263652
285,SoftWorx,12.690962031081778
286,SoftWorx,12.877450783847877
287,SoftWorx,7.824239422300837
288,SoftWorx,5.871558061206475
289,SoftWorx,9.166739214973061
291,SoftWorx,8.897131508837258
292,SoftWorx,7.547230316419834
293,SoftWorx,15.618944638840915
294,SoftWorx,14.573596138828947
295,SoftWorx,18.910996084173473
296,SoftWorx,21.10734099941485
297,SoftWorx,21.98156513247418
298,SoftWorx,18.14397813067214
299,SoftWorx,13.11308303757206
300,SoftWorx,6.8067945560415755
301,SoftWorx,11.166017023288338
302,SoftWorx,20.800568121639067
303,SoftWorx,21.254579661874725
304,SoftWorx,21.019278712407385
305,SoftWorx,10.618732021897078
306,SoftWorx,13.103440655985947
307,SoftWorx,10.391545431509579
308,SoftWorx,20.485032579936934
309,SoftWorx,11.511619726319802
310,SoftWorx,10.605332453578486
311,SoftWorx,13.39800033708026
312,SoftWorx,23.493573668846278
313,SoftWorx,10.987260133797164
314,SoftWorx,12.899598297439104
315,SoftWorx,14.058844956007816
316,SoftWorx,11.98784129670331
317,SoftWorx,15.924857494837504
318,SoftWorx,12.519829577802287
319,SoftWorx,9.982805104330108
320,SoftWorx,8.309316465403597
321,SoftWorx,14.609026170919973
322,SoftWorx,15.484613643589787
323,SoftWorx,12.159513182701652
324,SoftWorx,14.528676374171521
325,SoftWorx,11.327690188614422
326,SoftWorx,8.636945577227031
327,SoftWorx,7.7238477017325495
328,SoftWorx,18.179931368680403
329,SoftWorx,13.091917699000197
330,SoftWorx,9.593631155471456
331,SoftWorx,9.170765793221936
332,SoftWorx,8.87183969673481
333,SoftWorx,10.424178134379071
334,SoftWorx,17.75534484589864
335,SoftWorx,2.5401447002413415
336,SoftWorx,1.6736238898386904
337,SoftWorx,11.439448732467067
338,SoftWorx,12.212424559171675
339,SoftWorx,12.181693667745785
340,SoftWorx,14.384608158831686
341,SoftWorx,1.4531559851361924
342,SoftWorx,6.566084031027
343,SoftWorx,14.509619536736032
344,SoftWorx,2.8351432761085205
345,SoftWorx,12.011156440154082
346,SoftWorx,13.012680216446135
347,SoftWorx,11.976977832345147
348,SoftWorx,8.41942701302002
349,SoftWorx,11.605122366137511
350,SoftWorx,10.426996351303021
351,SoftWorx,11.263830112949188
352,SoftWorx,9.551597699593943
353,SoftWorx,10.43401061493796
354,SoftWorx,11.48308114118145
355,SoftWorx,10.05569432605955
356,SoftWorx,8.654758028419678
357,SoftWorx,10.756291216302188
358,SoftWorx,10.610375154152754
359,SoftWorx,12.596779397737667
360,SoftWorx,15.595443623604154
361,SoftWorx,10.346307357874712
362,SoftWorx,13.692779565632422
363,SoftWorx,11.7050533969651
364,SoftWorx,5.115484794021768
365,SoftWorx,2.407991463791688
366,SoftWorx,13.616934323750574
367,SoftWorx,10.877148733740158
368,SoftWorx,9.762863882522723
369,SoftWorx,7.881909602080393
371,SoftWorx,10.13403840403131
373,SoftWorx,16.28229847286848
374,SoftWorx,16.25837472456962
375,SoftWorx,7.220379319259709
376,SoftWorx,9.986997671683529
377,SoftWorx,13.596459921096878
378,SoftWorx,13.28541861984804
379,SoftWorx,11.215109322874568
381,SoftWorx,11.461398402696865
382,SoftWorx,14.077860778813465
383,SoftWorx,16.017354847823874
384,SoftWorx,13.187182051986841
385,SoftWorx,12.303131201679424
386,SoftWorx,20.00634399506603
387,SoftWorx,11.9034802541371
388,SoftWorx,2.056904301824622
389,SoftWorx,14.71203041749026
390,SoftWorx,15.235266427611064
391,SoftWorx,13.163120250548966
392,SoftWorx,19.28275545087495
393,SoftWorx,21.325187713216966
394,SoftWorx,6.592693841819338
395,SoftWorx,14.483738071457429
396,SoftWorx,17.234979579217438
397,SoftWorx,21.257653345131004
398,SoftWorx,5.737387411654459
399,SoftWorx,8.097012095475538
400,SoftWorx,11.720626380361344
401,SoftWorx,9.502295517871035
402,SoftWorx,15.40572007943071
403,SoftWorx,13.440406113680421
404,SoftWorx,14.660158409816047
405,SoftWorx,14.379234028958013
406,SoftWorx,11.123207813098647
407,SoftWorx,12.549966763163905
408,SoftWorx,12.565638458102878
409,SoftWorx,11.472501566151786
410,SoftWorx,12.254530877957801
411,SoftWorx,10.251830427383629
412,SoftWorx,14.321290884883515
413,SoftWorx,11.475316920857278
414,SoftWorx,12.288105195513284
415,SoftWorx,14.54288561052863
416,SoftWorx,14.984196328435793
417,SoftWorx,11.53160108064634
418,SoftWorx,11.335653477013715
419,SoftWorx,16.164663084423502
420,SoftWorx,13.01799140166259
421,SoftWorx,12.113897784401448
422,SoftWorx,11.023485301109028
423,SoftWorx,17.37237901285749
424,SoftWorx,14.54324104248062
425,SoftWorx,12.77151722002599
426,SoftWorx,14.107381407714017
427,SoftWorx,15.848858047157691
428,SoftWorx,18.887846987424165
429,SoftWorx,12.790297004922824
430,SoftWorx,12.53434165289969
431,SoftWorx,15.094458808546436
432,SoftWorx,14.344275763211503
433,SoftWorx,13.94661257399473
434,SoftWorx,11.622036222621734
435,SoftWorx,16.16762344902926
436,SoftWorx,19.49028345085455
437,SoftWorx,14.655947137361801
438,SoftWorx,11.303513194029826
439,SoftWorx,11.167610536141481
440,SoftWorx,13.352020452830205
441,SoftWorx,14.063890808269669
442,SoftWorx,23.268633649945663
443,SoftWorx,16.10150474965194
444,SoftWorx,15.137935977274207
446,SoftWorx,14.466458386898843
447,SoftWorx,11.95794963017406
448,SoftWorx,15.356544096231008
449,SoftWorx,15.721745958340053
450,SoftWorx,15.3616706011162
451,SoftWorx,18.509684852326632
452,SoftWorx,11.461879218798867
453,SoftWorx,13.467802872046466
454,SoftWorx,12.378191558435446
455,SoftWorx,14.042348552689258
456,SoftWorx,11.886287948169358
457,SoftWorx,12.97059858392233
458,SoftWorx,11.134798687298732
459,SoftWorx,13.566263493728824
460,SoftWorx,16.825284650849763
461,SoftWorx,14.362520015889139
462,SoftWorx,13.927752848211469
463,SoftWorx,11.68478677420796
464,SoftWorx,14.135854485068368
465,SoftWorx,16.751573851549942
466,SoftWorx,15.565725274372264
467,SoftWorx,11.661973561662874
468,SoftWorx,13.143469581049771
469,SoftWorx,15.513060140953852
470,SoftWorx,12.761882843090165
471,SoftWorx,15.97296987757418
472,SoftWorx,17.4040884962638
473,SoftWorx,14.137743871545508
474,SoftWorx,14.859425195510827
475,SoftWorx,12.602367103954267
476,SoftWorx,14.348902871697549
477,SoftWorx,13.775835556240612
478,SoftWorx,14.150880072937856
479,SoftWorx,11.024468918996837
480,SoftWorx,15.181424375918688
481,SoftWorx,15.635811309746908
482,SoftWorx,11.488875827337594
483,SoftWorx,15.677267506547402
484,SoftWorx,17.895696374433072
485,SoftWorx,13.328396833328295
486,SoftWorx,14.045391455908122
487,SoftWorx,12.846574197114093
488,SoftWorx,14.444519148825533
489,SoftWorx,11.24130798486837
490,SoftWorx,14.455150048460313
491,SoftWorx,13.49741752241664
492,SoftWorx,16.316285735596832
493,SoftWorx,13.140541025765987
494,SoftWorx,12.140656485431247
495,SoftWorx,13.734097026034206
496,SoftWorx,18.154901362542024
497,SoftWorx,11.483456729638087
498,SoftWorx,14.98285876651317
499,SoftWorx,12.055148419566688
500,SoftWorx,6.988699288609354
502,SoftWorx,5.513007207238548
503,SoftWorx,12.823380619553356
504,SoftWorx,16.72373758580188
505,SoftWorx,12.826517031044954
506,SoftWorx,14.674081483604262
507,SoftWorx,10.828327191423151
508,SoftWorx,13.111212541094963
509,SoftWorx,16.153565625679313
510,SoftWorx,9.558013856601852
511,SoftWorx,9.963920901135442
512,SoftWorx,15.83335813287055
513,SoftWorx,11.710594345267499
514,SoftWorx,11.378951142117328
515,SoftWorx,19.279067753106713
516,SoftWorx,10.388833345590552
517,SoftWorx,8.986708964031944
518,SoftWorx,19.692914616524465
519,SoftWorx,10.243034521182022
520,SoftWorx,11.7761291929567
521,SoftWorx,9.77070686107486
522,SoftWorx,13.766728738436175
523,SoftWorx,19.450250967764795
524,SoftWorx,12.421077178505875
525,SoftWorx,8.747061206208617
526,SoftWorx,19.127662184397547
527,SoftWorx,15.431501618767527
528,SoftWorx,20.67903658765262
529,SoftWorx,9.305232393058258
530,SoftWorx,18.304517544987604
531,SoftWorx,15.500100301819916
532,SoftWorx,8.375787470862514
533,SoftWorx,16.06502445023301
534,SoftWorx,4.584567945372701
535,SoftWorx,9.409239814856594
536,SoftWorx,10.912236165480781
537,SoftWorx,14.239157876858362
538,SoftWorx,9.403682493469436
539,SoftWorx,10.790764674183816
540,SoftWorx,10.547152668979136
541,SoftWorx,11.341755474148364
542,SoftWorx,18.047403125003083
543,SoftWorx,16.53419284205248
544,SoftWorx,11.080146615592659
545,SoftWorx,12.921886922505212
546,SoftWorx,11.857251998768072
549,SoftWorx,8.918075345935245
550,SoftWorx,18.27576842543893
551,SoftWorx,17.280998583400567
552,SoftWorx,14.684531314790009
553,SoftWorx,15.321685244943385
555,SoftWorx,9.058280823331827
556,SoftWorx,15.420430069236785
557,SoftWorx,9.099373520188102
558,SoftWorx,15.132436327198686
559,SoftWorx,9.58121420693158
560,SoftWorx,10.980590736391754
561,SoftWorx,18.38762897009817
562,SoftWorx,9.266567303400654
563,SoftWorx,7.818471563747492
564,SoftWorx,7.8158460665517016
565,SoftWorx,9.926500593592335
566,SoftWorx,7.828317618871717
567,SoftWorx,9.720422567599943
568,SoftWorx,10.009049987653725
569,SoftWorx,8.362389033280751
570,SoftWorx,10.298433222814502
571,SoftWorx,17.45187187027857
572,SoftWorx,9.80136091982858
573,SoftWorx,10.090118603246726
574,SoftWorx,10.216011096718786
575,SoftWorx,9.654815859093349
576,SoftWorx,9.054781831844261
577,SoftWorx,9.820231767231213
578,SoftWorx,8.800025503305896
579,SoftWorx,7.370086789964381
580,SoftWorx,8.358999041333083
581,SoftWorx,6.084175399381941
582,SoftWorx,10.087920539676885
583,SoftWorx,7.618753906101739
584,SoftWorx,11.411912543798822
585,SoftWorx,9.56465247384314
586,SoftWorx,8.55461613856458
587,SoftWorx,1.2543979096798408
588,SoftWorx,10.745714798313996
589,SoftWorx,9.168131828597534
590,SoftWorx,14.394687798567205
591,SoftWorx,15.965219478202792
592,SoftWorx,12.582911970051503
593,SoftWorx,17.018843967394975
594,SoftWorx,17.617077033854393
595,SoftWorx,20.45771702056157
596,SoftWorx,6.422263527048065
597,SoftWorx,6.707109372536671
598,SoftWorx,14.87166507245446
599,SoftWorx,13.718183524419935
600,SoftWorx,11.22466834802377
601,SoftWorx,18.87659304443142
602,SoftWorx,14.380014851358176
603,SoftWorx,12.943907707418752
604,SoftWorx,19.47891414944276
605,SoftWorx,10.549510007730305
606,SoftWorx,11.503137191580366
607,SoftWorx,13.662128909240352
608,SoftWorx,14.126725144083982
609,SoftWorx,13.0413243123341
610,SoftWorx,9.23832244871867
611,SoftWorx,14.008207363061363
612,SoftWorx,20.458520352699157
613,SoftWorx,19.237029810106048
614,SoftWorx,8.192994880400288
615,SoftWorx,13.73423271707905
616,SoftWorx,8.836732655426513
617,SoftWorx,17.902991816690474
618,SoftWorx,9.835021487378313
619,SoftWorx,2.1223636033447906
620,SoftWorx,3.034225579118135
621,SoftWorx,1.8048067399316572
622,SoftWorx,0.9025303550652631
623,SoftWorx,9.687688255648682
624,SoftWorx,4.065851081096148
625,SoftWorx,1.7689513596771498
626,SoftWorx,3.7910899883721214
627,SoftWorx,18.748077377032317
628,SoftWorx,8.079130579778486
629,SoftWorx,16.66402650721519
630,SoftWorx,4.680953440852267
631,SoftWorx,4.65374697872714
632,SoftWorx,18.82247923294093
633,SoftWorx,9.79172173515172
634,SoftWorx,22.78227877891953
635,SoftWorx,16.314701659882914
636,SoftWorx,15.334461155606757
637,SoftWorx,15.961730776296768
638,SoftWorx,13.790028130664098
639,SoftWorx,13.381255873513634
640,SoftWorx,15.381630831576002
641,SoftWorx,13.382385942518571
642,SoftWorx,13.731829799685164
643,SoftWorx,10.860953060357238
644,SoftWorx,3.673878254361917
645,SoftWorx,14.547502652947783
646,SoftWorx,13.187740192070498
647,SoftWorx,8.503903111422161
648,SoftWorx,8.999723039878262
649,SoftWorx,9.578236639975955
650,SoftWorx,8.30109055349792
651,SoftWorx,10.372356385526862
652,SoftWorx,10.422820632402836
653,SoftWorx,10.563683099609749
654,SoftWorx,12.518768775134225
655,SoftWorx,11.486053122334738
656,SoftWorx,10.821229509352403
657,SoftWorx,17.18899912222374
658,SoftWorx,12.015270301881168
659,SoftWorx,13.21450458698217
660,SoftWorx,10.565256690041902
661,SoftWorx,14.612665379761282
662,SoftWorx,9.057932530905106
663,SoftWorx,8.941245517219409
664,SoftWorx,11.447155936551392
665,SoftWorx,8.813786156576722
666,SoftWorx,8.99167743172146
667,SoftWorx,9.617639256029562
668,SoftWorx,9.98669193907175
669,SoftWorx,11.451682521422166
670,SoftWorx,10.657423488684994
671,SoftWorx,10.935703244556793
672,SoftWorx,10.355470239543797
673,SoftWorx,12.108734454428133
674,SoftWorx,11.146630505479624
675,SoftWorx,5.872736736278733
676,SoftWorx,11.943186995360216
677,SoftWorx,21.91051607601787
678,SoftWorx,11.643140382032044
679,SoftWorx,13.106251712372213
680,SoftWorx,11.143013286108369
681,SoftWorx,11.321148823554386
682,SoftWorx,8.855815631041123
683,SoftWorx,2.4056532706221256
684,SoftWorx,10.443079047202577
685,SoftWorx,2.1068901581282504
686,SoftWorx,19.766393861126986
687,SoftWorx,11.614500045171924
688,SoftWorx,1.2932365814668065
689,SoftWorx,1.2590235499832285
691,SoftWorx,9.799811823895205
692,SoftWorx,15.711124137642143
693,SoftWorx,7.119152310305511
694,SoftWorx,1.779478009912587
695,SoftWorx,8.22907099703395
696,SoftWorx,1.8984506028195103
699,SoftWorx,1.0654993266402033
700,SoftWorx,1.8554635747347645
701,SoftWorx,10.30455153622863
702,SoftWorx,15.250262475847492
703,SoftWorx,13.707675728198785
704,SoftWorx,14.277638463170858
705,SoftWorx,14.31506747873434
706,SoftWorx,14.5921101555764
707,SoftWorx,22.23754971204906
708,SoftWorx,16.033548020617474
709,SoftWorx,13.214423696788241
710,SoftWorx,17.95380328182069
711,SoftWorx,13.285805187376086
712,SoftWorx,9.522079185647693
713,SoftWorx,13.244997664211915
714,SoftWorx,13.302102726141785
715,SoftWorx,13.459718307384037
716,SoftWorx,13.56298075011063
717,SoftWorx,8.950844153502466
718,SoftWorx,10.082545676719068
719,SoftWorx,8.665239830927787
720,SoftWorx,10.018828843480433
721,SoftWorx,9.419486343356883
722,SoftWorx,9.277427239652244
723,SoftWorx,11.23574544965424
724,SoftWorx,9.854707439477801
725,SoftWorx,12.11824095127984
726,SoftWorx,9.423818786729703
727,SoftWorx,15.598836405052174
728,SoftWorx,15.939957187540656
729,SoftWorx,14.74024602315215
730,SoftWorx,14.267179662084937
731,SoftWorx,6.82919556530581
732,SoftWorx,7.80147051673793
733,SoftWorx,9.506776071888126
734,SoftWorx,9.721555533234675
735,SoftWorx,10.629482837561309
736,SoftWorx,11.53635137271321
737,SoftWorx,17.842275238812626
738,SoftWorx,14.702850064511336
739,SoftWorx,13.871093533532909
740,SoftWorx,14.371055188818143
741,SoftWorx,14.168026645758744
742,SoftWorx,12.799493143205611
743,SoftWorx,12.24337238076262
744,SoftWorx,9.974556078940116
745,SoftWorx,11.218594876622317
746,SoftWorx,17.482202751101184
747,SoftWorx,9.872859065397963
748,SoftWorx,13.095122068339034
749,SoftWorx,10.47214697377305
750,SoftWorx,9.85573217163251
751,SoftWorx,9.571434699055573
753,SoftWorx,10.434346694341752
754,SoftWorx,9.0789093871438
755,SoftWorx,8.857006402009855
756,SoftWorx,13.47273415474856
757,SoftWorx,12.354832470248766
758,SoftWorx,13.025260420333117
759,SoftWorx,17.176164249954635
760,SoftWorx,11.542510695278557
761,SoftWorx,11.832960180358361
762,SoftWorx,18.768614525241418
763,SoftWorx,18.025806597244223
764,SoftWorx,18.083241849163333
765,SoftWorx,3.6797365896369354
766,SoftWorx,18.379192055720353
767,SoftWorx,16.056606909879225
768,SoftWorx,14.064452362905758
769,SoftWorx,11.531605858685891
770,SoftWorx,14.198727626984846
771,SoftWorx,10.145530894262784
772,SoftWorx,12.94163436954828
773,SoftWorx,11.877257476340697
774,SoftWorx,14.674685188206038
775,SoftWorx,11.845945317111807
776,SoftWorx,13.814251752902084
777,SoftWorx,9.600060523834411
778,SoftWorx,12.251897138070595
779,SoftWorx,11.710765244787991
780,SoftWorx,14.854081520261799
781,SoftWorx,13.879216908162952
782,SoftWorx,12.619689455674559
783,SoftWorx,12.356661839897683
784,SoftWorx,14.857052265767226
785,SoftWorx,13.467774386518835
786,SoftWorx,15.463721408319174
787,SoftWorx,14.69700539638639
788,SoftWorx,14.998725841205104
789,SoftWorx,12.562969570347782
790,SoftWorx,12.661060078890529
791,SoftWorx,15.011222054127222
792,SoftWorx,15.075301502614154
793,SoftWorx,14.686350723329648
794,SoftWorx,14.823539419501742
795,SoftWorx,8.031782588319976
796,SoftWorx,10.39207075342281
797,SoftWorx,13.990681466586336
798,SoftWorx,11.799493214529393
799,SoftWorx,13.25416865178632
800,SoftWorx,17.13932887908623
801,SoftWorx,10.38934652202043
802,SoftWorx,13.387506491887152
803,SoftWorx,9.613246879017074
804,SoftWorx,9.794947536713764
805,SoftWorx,9.303208936736743
806,SoftWorx,13.109721448432879
807,SoftWorx,9.768647997668678
808,SoftWorx,10.04567803374073
809,SoftWorx,8.662963402124403
810,SoftWorx,12.114213776876367
811,SoftWorx,12.858574207429793
812,SoftWorx,12.169347954558246
813,SoftWorx,8.096413442363794
814,SoftWorx,6.337330742834276
815,SoftWorx,8.774585401033523
816,SoftWorx,11.090885199677746
817,SoftWorx,14.09882341815245
818,SoftWorx,8.015557308072477
819,SoftWorx,9.228004825415178
820,SoftWorx,10.996254507377902
821,SoftWorx,1.914071153694877
822,SoftWorx,14.752852056075803
823,SoftWorx,11.730489799432686
824,SoftWorx,10.503095940269809
825,SoftWorx,10.529210856491446
826,SoftWorx,11.164077049340017
827,SoftWorx,10.436958481535406
828,SoftWorx,9.113222135863186
829,SoftWorx,13.972638352211742
830,SoftWorx,6.791871044081572
831,SoftWorx,8.163953536438743
832,SoftWorx,7.5265461268761635
833,SoftWorx,9.441097733049382
835,SoftWorx,10.954457032276295
836,SoftWorx,10.901666436906389
837,SoftWorx,12.587553810895402
838,SoftWorx,13.627695169738573
839,SoftWorx,13.690076663592622
840,SoftWorx,13.86326259487095
841,SoftWorx,9.014907690921074
842,SoftWorx,6.424472055375394
843,SoftWorx,11.126281229982368
844,SoftWorx,12.577346689390048
845,SoftWorx,11.165151695535613
847,SoftWorx,12.997097268864877
848,SoftWorx,11.5657139632868
849,SoftWorx,11.491158016354374
850,SoftWorx,14.005158277658676
851,SoftWorx,11.981367619805745
852,SoftWorx,12.454475427906429
853,SoftWorx,15.338047918811219
854,SoftWorx,14.487841741014185
855,SoftWorx,14.269568042894187
856,SoftWorx,12.973650340096903
857,SoftWorx,8.682344167365219
858,SoftWorx,9.058295333061936
859,SoftWorx,6.9557407183556546
860,SoftWorx,16.129575964793112
861,SoftWorx,6.843603577375767
862,SoftWorx,10.913811669258687
863,SoftWorx,13.410771718870105
864,SoftWorx,15.292018061124587
865,SoftWorx,14.040766205458516
866,SoftWorx,14.302970385033834
867,SoftWorx,15.581310463399317
868,SoftWorx,13.968197853798701
869,SoftWorx,14.055507356174173
870,SoftWorx,13.367060135949965
871,SoftWorx,14.361447460885127
872,SoftWorx,6.669483672643667
873,SoftWorx,16.651483881230632
874,SoftWorx,12.696227072681266
875,SoftWorx,11.644956895573912
876,SoftWorx,15.94473688456128
877,SoftWorx,10.078156085125173
878,SoftWorx,8.143592895192496
879,SoftWorx,14.809724741576995
880,SoftWorx,14.420217604454358
881,SoftWorx,10.61888374621491
882,SoftWorx,6.7797711202866955
883,SoftWorx,12.292093439004974
884,SoftWorx,13.436718800482033
885,SoftWorx,0.8903890884117533
886,SoftWorx,8.627500093002975
887,SoftWorx,8.197581981080596
888,SoftWorx,11.99050064017689
889,SoftWorx,10.803298031890805
890,SoftWorx,14.69278058004594
891,SoftWorx,13.683866213246601
892,SoftWorx,12.434671122390778
893,SoftWorx,9.887208289125013
894,SoftWorx,10.322422821433609
895,SoftWorx,10.161218339201623
896,SoftWorx,16.561487353340404
897,SoftWorx,18.138001737636184
898,SoftWorx,12.887167256522279
899,SoftWorx,13.759476241908681
900,SoftWorx,12.647434021642459
901,SoftWorx,11.716878990079046
902,SoftWorx,16.02548517202274
903,SoftWorx,8.829661141417525
904,SoftWorx,15.378310249702292
905,SoftWorx,14.344670337619988
906,SoftWorx,11.48877836720789
907,SoftWorx,11.654358046170389
908,SoftWorx,7.411027275137869
909,SoftWorx,11.77700125105942
911,SoftWorx,11.135649428723651
912,SoftWorx,13.294670850457564
913,SoftWorx,8.709011599946422
914,SoftWorx,12.048990024144253
915,SoftWorx,10.172816678986246
916,SoftWorx,13.713687504860392
917,SoftWorx,13.743050183580586
918,SoftWorx,14.99714580610569
919,SoftWorx,10.06430964124204
920,SoftWorx,22.591796110740713
921,SoftWorx,13.884174008891277
922,SoftWorx,12.235438697480413
923,SoftWorx,13.028273449415238
924,SoftWorx,14.408462261327124
925,SoftWorx,6.732075312161309
926,SoftWorx,8.385383718794696
927,SoftWorx,19.25990665213987
928,SoftWorx,16.357141312910734
930,SoftWorx,8.179719702703965
931,SoftWorx,15.329652248844662
932,SoftWorx,10.070096951171074
933,SoftWorx,10.958905312618999
934,SoftWorx,16.44115828701284
935,SoftWorx,9.368434019239794
936,SoftWorx,17.14474644730224
937,SoftWorx,9.439487273237154
938,SoftWorx,13.982198624651522
939,SoftWorx,10.385846309228194
940,SoftWorx,16.559787039759133
942,SoftWorx,19.75463409679059
943,SoftWorx,8.378680355203949
944,SoftWorx,8.744318554665803
945,SoftWorx,17.33659154886247
946,SoftWorx,20.685727387664315
947,SoftWorx,16.368568823133888
948,SoftWorx,11.67788689000441
949,SoftWorx,9.28526173844694
950,SoftWorx,16.265879630199315
951,SoftWorx,11.754659917726352
952,SoftWorx,9.228333906631626
953,SoftWorx,17.202827176466368
954,SoftWorx,10.46926044086362
955,SoftWorx,8.961471102119344
956,SoftWorx,9.165265984987636
957,SoftWorx,15.885055382300784
958,SoftWorx,15.129797845483703
959,SoftWorx,8.437634937733394
960,SoftWorx,10.186956665210193
961,SoftWorx,11.975436624157025
962,SoftWorx,17.00336541492026
963,SoftWorx,9.06404634710785
964,SoftWorx,9.336901318743516
965,SoftWorx,6.839522853592957
966,SoftWorx,12.674207932228308
967,SoftWorx,11.419274396389975
968,SoftWorx,14.173243902621287
969,SoftWorx,15.624256810898427
970,SoftWorx,9.80816386869494
971,SoftWorx,11.510808935849834
972,SoftWorx,11.363199564979556
973,SoftWorx,15.034420519414606
974,SoftWorx,16.47038502258575
975,SoftWorx,12.373587217459491
976,SoftWorx,12.81724731397598
977,SoftWorx,12.404227419045052
978,SoftWorx,9.326686168175454
979,SoftWorx,12.543921299904744
980,SoftWorx,8.676902076164277
981,SoftWorx,8.861153278845041
982,SoftWorx,11.73176267112035
983,SoftWorx,9.683554242437895
984,SoftWorx,11.946116556188557
985,SoftWorx,12.041451759173272
986,SoftWorx,6.919561908338887
987,SoftWorx,13.685748937128203
988,SoftWorx,8.649369889838228
989,SoftWorx,12.234688235967324
990,SoftWorx,10.704557251983909
991,SoftWorx,10.915074039760391
992,SoftWorx,12.862007698787925
993,SoftWorx,11.564525933919173
994,SoftWorx,7.344543498938704
995,SoftWorx,9.994465911193489
996,SoftWorx,7.207606119078728
997,SoftWorx,14.688220233491615
998,SoftWorx,12.364191206771803
999,SoftWorx,13.54145791667429
1000,SoftWorx,16.95084002772413
1001,SoftWorx,15.026394757621294
1002,SoftWorx,14.593273462555798
1003,SoftWorx,16.324918701381677
1004,SoftWorx,15.001264703740688
1005,SoftWorx,12.623487738889471
1006,SoftWorx,12.73703061917678
1007,SoftWorx,11.488975895468192
1008,SoftWorx,13.60827680363054
1009,SoftWorx,12.6749300211105
1010,SoftWorx,12.555568022738399
1011,SoftWorx,7.845892271496237
1012,SoftWorx,11.820072178250927
1013,SoftWorx,14.26317719660713
1014,SoftWorx,21.43788376144503
1015,SoftWorx,23.78287299341699
1016,SoftWorx,15.791301069481523
1017,SoftWorx,13.498122025933373
1018,SoftWorx,13.878735673867833
1019,SoftWorx,13.929991817869903
1020,SoftWorx,15.826724919850278
1021,SoftWorx,6.275991098689786
1022,SoftWorx,13.820837764736224
1023,SoftWorx,12.609023820444264
1024,SoftWorx,9.430790062260286
1025,SoftWorx,10.579238455260745
1026,SoftWorx,11.4141127709134
1027,SoftWorx,11.762019024190918
1028,SoftWorx,8.762967000720149
1029,SoftWorx,10.566578540610141
1030,SoftWorx,9.665355157687062
1031,SoftWorx,13.212538596726304
1032,SoftWorx,4.154138614899476
1033,SoftWorx,13.793277126240765
1034,SoftWorx,14.669827033006376
1035,SoftWorx,12.966298473766352
1036,SoftWorx,10.212971622079083
1037,SoftWorx,11.976765326813718
1038,SoftWorx,13.63234719147569
1039,SoftWorx,14.968210928825355
1040,SoftWorx,16.034450604964203
1041,SoftWorx,13.827591677730801
1042,SoftWorx,12.809368873702219
1043,SoftWorx,14.511665954937898
1044,SoftWorx,14.368258680632621
1045,SoftWorx,10.481750127251402
1046,SoftWorx,11.537220673813009
1047,SoftWorx,11.604092856039749
1048,SoftWorx,21.36284541247212
1049,SoftWorx,13.351443619754003
1050,SoftWorx,10.82567346606853
1051,SoftWorx,11.867515334608854
1052,SoftWorx,10.27239110613976
1053,SoftWorx,19.19754869501
1054,SoftWorx,21.66545948712248
1055,SoftWorx,16.691412048106443
1056,SoftWorx,23.1526320984896
1057,SoftWorx,11.794226223062916
1058,SoftWorx,6.981981952304998
1059,SoftWorx,9.495259593860537
1060,SoftWorx,12.514898522632633
1061,SoftWorx,11.58232818031374
1062,SoftWorx,12.824156784875287
1063,SoftWorx,8.367849523051037
1064,SoftWorx,7.722386654489275
1065,SoftWorx,11.14917728886366
1066,SoftWorx,17.47129437776448
1067,SoftWorx,14.692200927816508
1068,SoftWorx,13.6364945561394
1069,SoftWorx,17.42943417595099
1070,SoftWorx,14.8649914379527
1071,SoftWorx,12.213540470538938
