,Target,Image_full_path,Image,label,Width,Length,SurfaceArea,Volume
0,FM 4-64,/Users/reyesmatte/Desktop/copypasta/20260227/processed_masks/C1 - JLG3576_002_R3D_D3D_cp_masks_FM.tif,C1 - JLG3576_002_R3D_D3D_cp_masks_FM.tif,2,0.689741947637087,2.836101297276776,5.49990981953646,0.8646398708335661
1,FM 4-64,/Users/reyesmatte/Desktop/copypasta/20260227/processed_masks/C1 - JLG3576_002_R3D_D3D_cp_masks_FM.tif,C1 - JLG3576_002_R3D_D3D_cp_masks_FM.tif,3,0.6805012940731867,3.147697694494297,6.1331952166983426,0.9726860583822534
2,FM 4-64,/Users/reyesmatte/Desktop/copypasta/20260227/processed_masks/C1 - JLG3576_002_R3D_D3D_cp_masks_FM.tif,C1 - JLG3576_002_R3D_D3D_cp_masks_FM.tif,4,0.7112027711826213,2.6694809197212335,5.7603778089918025,0.9322327908895531
3,FM 4-64,/Users/reyesmatte/Desktop/copypasta/20260227/processed_masks/C1 - JLG3576_002_R3D_D3D_cp_masks_FM.tif,C1 - JLG3576_002_R3D_D3D_cp_masks_FM.tif,5,0.693832749864513,2.896017423411452,5.946557396566987,0.9489401507328419
4,FM 4-64,/Users/reyesmatte/Desktop/copypasta/20260227/processed_masks/C1 - JLG3576_002_R3D_D3D_cp_masks_FM.tif,C1 - JLG3576_002_R3D_D3D_cp_masks_FM.tif,6,0.7169196520960889,3.2452341981845167,6.82729365820803,1.1352437693102402
5,FM 4-64,/Users/reyesmatte/Desktop/copypasta/20260227/processed_masks/C1 - JLG3576_002_R3D_D3D_cp_masks_FM.tif,C1 - JLG3576_002_R3D_D3D_cp_masks_FM.tif,8,0.7176088190590695,3.4556593545442027,6.865312343988082,1.1700160423819435
6,FM 4-64,/Users/reyesmatte/Desktop/copypasta/20260227/processed_masks/C1 - JLG3576_002_R3D_D3D_cp_masks_FM.tif,C1 - JLG3576_002_R3D_D3D_cp_masks_FM.tif,9,0.7222746203069886,2.717731054029029,5.5408376140591145,0.9308859200448605
7,FM 4-64,/Users/reyesmatte/Desktop/copypasta/20260227/processed_masks/C1 - JLG3576_002_R3D_D3D_cp_masks_FM.tif,C1 - JLG3576_002_R3D_D3D_cp_masks_FM.tif,10,0.7381006554572739,2.874047370175104,6.178701466567808,1.0390022785696835
8,FM 4-64,/Users/reyesmatte/Desktop/copypasta/20260227/processed_masks/C1 - JLG3576_002_R3D_D3D_cp_masks_FM.tif,C1 - JLG3576_002_R3D_D3D_cp_masks_FM.tif,11,0.6872646057465068,2.4104701925089254,4.797102792324927,0.7451822823369025
9,FM 4-64,/Users/reyesmatte/Desktop/copypasta/20260227/processed_masks/C1 - JLG3576_002_R3D_D3D_cp_masks_FM.tif,C1 - JLG3576_002_R3D_D3D_cp_masks_FM.tif,12,0.6934243805492105,2.0431419311327508,4.231561386931552,0.6653383667182826
10,FM 4-64,/Users/reyesmatte/Desktop/copypasta/20260227/processed_masks/C1 - JLG3576_002_R3D_D3D_cp_masks_FM.tif,C1 - JLG3576_002_R3D_D3D_cp_masks_FM.tif,13,0.6855345094459698,2.0934270039254987,4.32868582739838,0.6604476088878083
11,FM 4-64,/Users/reyesmatte/Desktop/copypasta/20260227/processed_masks/C1 - JLG3576_002_R3D_D3D_cp_masks_FM.tif,C1 - JLG3576_002_R3D_D3D_cp_masks_FM.tif,16,0.6139147685582163,4.00352246274328,6.329874450009545,0.930433505772929
12,FM 4-64,/Users/reyesmatte/Desktop/copypasta/20260227/processed_masks/C1 - JLG3576_002_R3D_D3D_cp_masks_FM.tif,C1 - JLG3576_002_R3D_D3D_cp_masks_FM.tif,18,0.6933867780639432,4.2337799227982424,7.453162254566371,1.207556425434105
13,FM 4-64,/Users/reyesmatte/Desktop/copypasta/20260227/processed_masks/C1 - JLG3576_002_R3D_D3D_cp_masks_FM.tif,C1 - JLG3576_002_R3D_D3D_cp_masks_FM.tif,22,0.713690617317967,2.160637233077933,4.40843956549294,0.692296130660021
14,FM 4-64,/Users/reyesmatte/Desktop/copypasta/20260227/processed_masks/C1 - JLG3576_002_R3D_D3D_cp_masks_FM.tif,C1 - JLG3576_002_R3D_D3D_cp_masks_FM.tif,24,0.7239018115899585,2.709905479270074,5.7619518114645,0.9456416782244077
15,FM 4-64,/Users/reyesmatte/Desktop/copypasta/20260227/processed_masks/C1 - JLG3576_002_R3D_D3D_cp_masks_FM.tif,C1 - JLG3576_002_R3D_D3D_cp_masks_FM.tif,27,0.7418416893167548,3.877431892678814,7.8557366418562244,1.3542853253929732
16,FM 4-64,/Users/reyesmatte/Desktop/copypasta/20260227/processed_masks/C1 - JLG3576_002_R3D_D3D_cp_masks_FM.tif,C1 - JLG3576_002_R3D_D3D_cp_masks_FM.tif,28,0.7466530975135306,3.7686911488736663,8.001242976454714,1.3869768499641784
17,FM 4-64,/Users/reyesmatte/Desktop/copypasta/20260227/processed_masks/C1 - JLG3576_002_R3D_D3D_cp_masks_FM.tif,C1 - JLG3576_002_R3D_D3D_cp_masks_FM.tif,29,0.7344357159459406,3.6885157665441373,7.380402060233377,1.2525738545067995
18,FM 4-64,/Users/reyesmatte/Desktop/copypasta/20260227/processed_masks/C1 - JLG3576_002_R3D_D3D_cp_masks_FM.tif,C1 - JLG3576_002_R3D_D3D_cp_masks_FM.tif,30,0.7287328285255409,3.733430247117437,6.762796111062254,1.131135038517714
19,FM 4-64,/Users/reyesmatte/Desktop/copypasta/20260227/processed_masks/C1 - JLG3576_002_R3D_D3D_cp_masks_FM.tif,C1 - JLG3576_002_R3D_D3D_cp_masks_FM.tif,34,0.6369349256987664,1.9092726372872044,3.6268620745408624,0.5127623187752101
20,FM 4-64,/Users/reyesmatte/Desktop/copypasta/20260227/processed_masks/C1 - JLG3576_003_R3D_D3D_cp_masks_FM.tif,C1 - JLG3576_003_R3D_D3D_cp_masks_FM.tif,2,0.7180552968399021,5.10650503933183,10.197376119787199,1.7466696075402928
21,FM 4-64,/Users/reyesmatte/Desktop/copypasta/20260227/processed_masks/C1 - JLG3576_003_R3D_D3D_cp_masks_FM.tif,C1 - JLG3576_003_R3D_D3D_cp_masks_FM.tif,3,0.7363707444963379,4.918436792738065,9.696663063485882,1.6851734620454644
22,FM 4-64,/Users/reyesmatte/Desktop/copypasta/20260227/processed_masks/C1 - JLG3576_003_R3D_D3D_cp_masks_FM.tif,C1 - JLG3576_003_R3D_D3D_cp_masks_FM.tif,4,0.7480465318802617,4.849352918872743,9.528733495592688,1.7174777024812344
23,FM 4-64,/Users/reyesmatte/Desktop/copypasta/20260227/processed_masks/C1 - JLG3576_003_R3D_D3D_cp_masks_FM.tif,C1 - JLG3576_003_R3D_D3D_cp_masks_FM.tif,5,0.7523523715846941,3.6779577362637914,8.02781448322206,1.430908902144006
24,FM 4-64,/Users/reyesmatte/Desktop/copypasta/20260227/processed_masks/C1 - JLG3576_003_R3D_D3D_cp_masks_FM.tif,C1 - JLG3576_003_R3D_D3D_cp_masks_FM.tif,6,0.7626451480482768,4.115034846822904,9.349800680360184,1.6680324051326116
25,FM 4-64,/Users/reyesmatte/Desktop/copypasta/20260227/processed_masks/C1 - JLG3576_003_R3D_D3D_cp_masks_FM.tif,C1 - JLG3576_003_R3D_D3D_cp_masks_FM.tif,7,0.709516186202197,4.3112450759753385,8.600099523523651,1.4360101839611408
26,FM 4-64,/Users/reyesmatte/Desktop/copypasta/20260227/processed_masks/C1 - JLG3576_003_R3D_D3D_cp_masks_FM.tif,C1 - JLG3576_003_R3D_D3D_cp_masks_FM.tif,9,0.675458309133266,3.676404182038187,7.492268841698167,1.1892378217174244
27,FM 4-64,/Users/reyesmatte/Desktop/copypasta/20260227/processed_masks/C1 - JLG3576_004_R3D_D3D_cp_masks_FM.tif,C1 - JLG3576_004_R3D_D3D_cp_masks_FM.tif,3,0.7138012206892892,5.458468396369032,11.1964885983916,1.922046381703475
28,FM 4-64,/Users/reyesmatte/Desktop/copypasta/20260227/processed_masks/C1 - JLG3576_004_R3D_D3D_cp_masks_FM.tif,C1 - JLG3576_004_R3D_D3D_cp_masks_FM.tif,4,0.7186098639110131,4.8117325413172,9.397855029050532,1.6314238539192094
29,FM 4-64,/Users/reyesmatte/Desktop/copypasta/20260227/processed_masks/C1 - JLG3576_004_R3D_D3D_cp_masks_FM.tif,C1 - JLG3576_004_R3D_D3D_cp_masks_FM.tif,6,0.7460186993699045,4.462678614215529,9.184716611882166,1.6053609878374306
30,FM 4-64,/Users/reyesmatte/Desktop/copypasta/20260227/processed_masks/C1 - JLG3576_004_R3D_D3D_cp_masks_FM.tif,C1 - JLG3576_004_R3D_D3D_cp_masks_FM.tif,7,0.6997804303538265,4.627237441376454,8.27730409896104,1.3932851012515926
31,FM 4-64,/Users/reyesmatte/Desktop/copypasta/20260227/processed_masks/C1 - JLG3576_004_R3D_D3D_cp_masks_FM.tif,C1 - JLG3576_004_R3D_D3D_cp_masks_FM.tif,8,0.6861116392843832,4.110010006498147,7.21512567461699,1.1625530111313132
32,FM 4-64,/Users/reyesmatte/Desktop/copypasta/20260227/processed_masks/C1 - JLG3576_005_R3D_D3D_cp_masks_FM.tif,C1 - JLG3576_005_R3D_D3D_cp_masks_FM.tif,1,0.33588976516815505,1.6208198681897314,1.8421149724360448,0.17137837715583576
33,FM 4-64,/Users/reyesmatte/Desktop/copypasta/20260227/processed_masks/C1 - JLG3576_005_R3D_D3D_cp_masks_FM.tif,C1 - JLG3576_005_R3D_D3D_cp_masks_FM.tif,3,0.7160091046554462,3.071368854996024,5.702753693961626,0.9546291700720403
34,FM 4-64,/Users/reyesmatte/Desktop/copypasta/20260227/processed_masks/C1 - JLG3576_005_R3D_D3D_cp_masks_FM.tif,C1 - JLG3576_005_R3D_D3D_cp_masks_FM.tif,4,0.6939913866975982,2.9493551549957684,5.424825748543685,0.9118899008488086
35,FM 4-64,/Users/reyesmatte/Desktop/copypasta/20260227/processed_masks/C1 - JLG3576_005_R3D_D3D_cp_masks_FM.tif,C1 - JLG3576_005_R3D_D3D_cp_masks_FM.tif,7,0.6489156667893671,2.8719858197804866,4.46674550946421,0.6800222578541536
36,FM 4-64,/Users/reyesmatte/Desktop/copypasta/20260227/processed_masks/C1 - JLG3576_005_R3D_D3D_cp_masks_FM.tif,C1 - JLG3576_005_R3D_D3D_cp_masks_FM.tif,8,0.7129578999431074,3.2663049808085787,6.28356195281363,1.026125239061151
37,FM 4-64,/Users/reyesmatte/Desktop/copypasta/20260227/processed_masks/C1 - JLG3576_005_R3D_D3D_cp_masks_FM.tif,C1 - JLG3576_005_R3D_D3D_cp_masks_FM.tif,9,0.7283322806619503,2.8212624993867923,5.284115811584387,0.8613741428400332
38,FM 4-64,/Users/reyesmatte/Desktop/copypasta/20260227/processed_masks/C1 - JLG3576_005_R3D_D3D_cp_masks_FM.tif,C1 - JLG3576_005_R3D_D3D_cp_masks_FM.tif,10,0.7330866038105556,2.9180889131971535,5.370038427110365,0.88878462595762
39,FM 4-64,/Users/reyesmatte/Desktop/copypasta/20260227/processed_masks/C1 - JLG3576_005_R3D_D3D_cp_masks_FM.tif,C1 - JLG3576_005_R3D_D3D_cp_masks_FM.tif,11,0.7313961737356964,3.369588913197153,5.979989600144923,1.0160671817465738
40,FM 4-64,/Users/reyesmatte/Desktop/copypasta/20260227/processed_masks/C1 - JLG3576_005_R3D_D3D_cp_masks_FM.tif,C1 - JLG3576_005_R3D_D3D_cp_masks_FM.tif,12,0.7359395957714495,3.498588913197153,6.309542457068615,1.0818214000680086
41,FM 4-64,/Users/reyesmatte/Desktop/copypasta/20260227/processed_masks/C1 - JLG3576_005_R3D_D3D_cp_masks_FM.tif,C1 - JLG3576_005_R3D_D3D_cp_masks_FM.tif,14,0.7357198098577687,2.7390118026380406,4.992350592434181,0.8365597368814248
42,FM 4-64,/Users/reyesmatte/Desktop/copypasta/20260227/processed_masks/C1 - JLG3576_005_R3D_D3D_cp_masks_FM.tif,C1 - JLG3576_005_R3D_D3D_cp_masks_FM.tif,15,0.7079164311544519,2.5131773575063185,4.94415270396507,0.8327071158251295
43,FM 4-64,/Users/reyesmatte/Desktop/copypasta/20260227/processed_masks/C1 - JLG3576_005_R3D_D3D_cp_masks_FM.tif,C1 - JLG3576_005_R3D_D3D_cp_masks_FM.tif,17,0.7368691064998427,4.733927928772716,9.925993754181064,1.7503747709895687
44,FM 4-64,/Users/reyesmatte/Desktop/copypasta/20260227/processed_masks/C1 - JLG3576_005_R3D_D3D_cp_masks_FM.tif,C1 - JLG3576_005_R3D_D3D_cp_masks_FM.tif,18,0.7346933146294443,4.515786468418872,8.499440308633828,1.5221820540479136
45,FM 4-64,/Users/reyesmatte/Desktop/copypasta/20260227/processed_masks/C1 - JLG3576_005_R3D_D3D_cp_masks_FM.tif,C1 - JLG3576_005_R3D_D3D_cp_masks_FM.tif,19,0.7408256511361967,4.83645218954681,10.215326870226246,1.8326162423902466
46,FM 4-64,/Users/reyesmatte/Desktop/copypasta/20260227/processed_masks/C1 - JLG3576_005_R3D_D3D_cp_masks_FM.tif,C1 - JLG3576_005_R3D_D3D_cp_masks_FM.tif,20,0.7548295952047428,3.5595157665441373,7.231529462255926,1.2534168573057922
47,FM 4-64,/Users/reyesmatte/Desktop/copypasta/20260227/processed_masks/C1 - JLG3576_006_R3D_D3D_cp_masks_FM.tif,C1 - JLG3576_006_R3D_D3D_cp_masks_FM.tif,2,0.7939834452192184,4.354214000469113,10.13957053531495,1.8894721670280354
48,FM 4-64,/Users/reyesmatte/Desktop/copypasta/20260227/processed_masks/C1 - JLG3576_006_R3D_D3D_cp_masks_FM.tif,C1 - JLG3576_006_R3D_D3D_cp_masks_FM.tif,3,0.8095535791982388,5.10002246274328,10.854763849979493,2.085556732735379
49,FM 4-64,/Users/reyesmatte/Desktop/copypasta/20260227/processed_masks/C1 - JLG3576_006_R3D_D3D_cp_masks_FM.tif,C1 - JLG3576_006_R3D_D3D_cp_masks_FM.tif,4,0.8043988746395013,3.556882016815352,7.273291091442607,1.343985274122734
50,FM 4-64,/Users/reyesmatte/Desktop/copypasta/20260227/processed_masks/C1 - JLG3576_006_R3D_D3D_cp_masks_FM.tif,C1 - JLG3576_006_R3D_D3D_cp_masks_FM.tif,5,0.7783270682442239,3.1678691236116157,6.669275296821389,1.215388039461778
51,FM 4-64,/Users/reyesmatte/Desktop/copypasta/20260227/processed_masks/C1 - JLG3576_006_R3D_D3D_cp_masks_FM.tif,C1 - JLG3576_006_R3D_D3D_cp_masks_FM.tif,6,0.7719266703985747,3.1764089778369646,6.808157026366433,1.215090189169841
52,FM 4-64,/Users/reyesmatte/Desktop/copypasta/20260227/processed_masks/C1 - JLG3576_006_R3D_D3D_cp_masks_FM.tif,C1 - JLG3576_006_R3D_D3D_cp_masks_FM.tif,8,0.7820879216167097,3.5918672383648347,7.592127268807075,1.3764522071270915
53,FM 4-64,/Users/reyesmatte/Desktop/copypasta/20260227/processed_masks/C1 - JLG3576_006_R3D_D3D_cp_masks_FM.tif,C1 - JLG3576_006_R3D_D3D_cp_masks_FM.tif,9,0.7957481894306813,2.904011146406414,6.728832435379754,1.2113926479853048
54,FM 4-64,/Users/reyesmatte/Desktop/copypasta/20260227/processed_masks/C1 - JLG3576_006_R3D_D3D_cp_masks_FM.tif,C1 - JLG3576_006_R3D_D3D_cp_masks_FM.tif,10,0.7936351601254524,2.8497046593090345,6.232054526478846,1.1214325351886476
55,FM 4-64,/Users/reyesmatte/Desktop/copypasta/20260227/processed_masks/C1 - JLG3576_006_R3D_D3D_cp_masks_FM.tif,C1 - JLG3576_006_R3D_D3D_cp_masks_FM.tif,11,0.7669165185159196,2.468487615920378,4.905940212491476,0.8404415986230837
56,FM 4-64,/Users/reyesmatte/Desktop/copypasta/20260227/processed_masks/C1 - JLG3576_006_R3D_D3D_cp_masks_FM.tif,C1 - JLG3576_006_R3D_D3D_cp_masks_FM.tif,12,0.8061665903966078,2.674227641257949,5.8613876225549015,1.0472931349042283
57,FM 4-64,/Users/reyesmatte/Desktop/copypasta/20260227/processed_masks/C1 - JLG3576_006_R3D_D3D_cp_masks_FM.tif,C1 - JLG3576_006_R3D_D3D_cp_masks_FM.tif,15,0.7368879028808155,3.1449511122301588,6.189702918647,1.0451521071229397
58,FM 4-64,/Users/reyesmatte/Desktop/copypasta/20260227/processed_masks/C1 - JLG3576_006_R3D_D3D_cp_masks_FM.tif,C1 - JLG3576_006_R3D_D3D_cp_masks_FM.tif,16,0.7592220884910635,2.9235457246137275,5.748284443954424,0.9793945346990184
59,FM 4-64,/Users/reyesmatte/Desktop/copypasta/20260227/processed_masks/C1 - JLG3576_006_R3D_D3D_cp_masks_FM.tif,C1 - JLG3576_006_R3D_D3D_cp_masks_FM.tif,17,0.7805349010977737,3.2947220827204866,6.787720491153993,1.215848848675836
60,FM 4-64,/Users/reyesmatte/Desktop/copypasta/20260227/processed_masks/C1 - JLG3576_006_R3D_D3D_cp_masks_FM.tif,C1 - JLG3576_006_R3D_D3D_cp_masks_FM.tif,18,0.7573947383613819,5.194975231840754,10.407435464225788,1.8809558615404467
61,FM 4-64,/Users/reyesmatte/Desktop/copypasta/20260227/processed_masks/C1 - JLG3576_007_R3D_D3D_cp_masks_FM.tif,C1 - JLG3576_007_R3D_D3D_cp_masks_FM.tif,2,0.7221066046754869,6.378597273580527,9.020305924220448,1.5388565254382565
62,FM 4-64,/Users/reyesmatte/Desktop/copypasta/20260227/processed_masks/C1 - JLG3576_007_R3D_D3D_cp_masks_FM.tif,C1 - JLG3576_007_R3D_D3D_cp_masks_FM.tif,3,0.7474698062709841,5.184194201367105,10.383939986611646,1.8609973366230028
63,FM 4-64,/Users/reyesmatte/Desktop/copypasta/20260227/processed_masks/C1 - JLG3576_007_R3D_D3D_cp_masks_FM.tif,C1 - JLG3576_007_R3D_D3D_cp_masks_FM.tif,4,0.7311475024241364,4.327033189955588,7.973929607453418,1.370583379506833
64,FM 4-64,/Users/reyesmatte/Desktop/copypasta/20260227/processed_masks/C1 - JLG3576_007_R3D_D3D_cp_masks_FM.tif,C1 - JLG3576_007_R3D_D3D_cp_masks_FM.tif,5,0.7464865436006262,4.209879007758707,8.453613317077819,1.4712771298634537
65,FM 4-64,/Users/reyesmatte/Desktop/copypasta/20260227/processed_masks/C1 - JLG3576_007_R3D_D3D_cp_masks_FM.tif,C1 - JLG3576_007_R3D_D3D_cp_masks_FM.tif,11,0.7261253580291877,7.420830364130461,9.209787894335475,1.58269267098588
66,FM 4-64,/Users/reyesmatte/Desktop/copypasta/20260227/processed_masks/C1 - JLG3576_007_R3D_D3D_cp_masks_FM.tif,C1 - JLG3576_007_R3D_D3D_cp_masks_FM.tif,12,0.7466369457858617,4.164047370175103,9.39442750588273,1.649055304107439
67,FM 4-64,/Users/reyesmatte/Desktop/copypasta/20260227/processed_masks/C1 - JLG3576_007_R3D_D3D_cp_masks_FM.tif,C1 - JLG3576_007_R3D_D3D_cp_masks_FM.tif,13,0.7420227762708838,3.8330283012022743,7.876937785525104,1.3592969292528003
68,FM 4-64,/Users/reyesmatte/Desktop/copypasta/20260227/processed_masks/C1 - JLG3576_007_R3D_D3D_cp_masks_FM.tif,C1 - JLG3576_007_R3D_D3D_cp_masks_FM.tif,14,0.7504178002010902,3.2895670297095796,7.498686280286167,1.3012180223280778
69,FM 4-64,/Users/reyesmatte/Desktop/copypasta/20260227/processed_masks/C1 - JLG3576_007_R3D_D3D_cp_masks_FM.tif,C1 - JLG3576_007_R3D_D3D_cp_masks_FM.tif,15,0.6721310562973418,3.152118720688227,5.5661841816181585,0.8649208717665641
70,FM 4-64,/Users/reyesmatte/Desktop/copypasta/20260227/processed_masks/C1 - JLG3576_008_R3D_D3D_cp_masks_FM.tif,C1 - JLG3576_008_R3D_D3D_cp_masks_FM.tif,4,0.7024447903648239,6.699557548929978,8.964250583000108,1.5077791638450402
71,FM 4-64,/Users/reyesmatte/Desktop/copypasta/20260227/processed_masks/C1 - JLG3576_008_R3D_D3D_cp_masks_FM.tif,C1 - JLG3576_008_R3D_D3D_cp_masks_FM.tif,5,0.7387405418261884,4.602444427336951,10.081883963928274,1.7611282634393457
72,FM 4-64,/Users/reyesmatte/Desktop/copypasta/20260227/processed_masks/C1 - JLG3576_009_R3D_D3D_cp_masks_FM.tif,C1 - JLG3576_009_R3D_D3D_cp_masks_FM.tif,2,0.7542671681625012,3.732643778698563,8.442143347023013,1.487433354699699
73,FM 4-64,/Users/reyesmatte/Desktop/copypasta/20260227/processed_masks/C1 - JLG3576_009_R3D_D3D_cp_masks_FM.tif,C1 - JLG3576_009_R3D_D3D_cp_masks_FM.tif,3,0.7741915180571067,4.180452003833209,9.856616570298097,1.7864997245143686
74,FM 4-64,/Users/reyesmatte/Desktop/copypasta/20260227/processed_masks/C1 - JLG3576_009_R3D_D3D_cp_masks_FM.tif,C1 - JLG3576_009_R3D_D3D_cp_masks_FM.tif,4,0.7634347592794337,4.057017423411452,9.115961547445597,1.6463844664328458
75,FM 4-64,/Users/reyesmatte/Desktop/copypasta/20260227/processed_masks/C1 - JLG3576_009_R3D_D3D_cp_masks_FM.tif,C1 - JLG3576_009_R3D_D3D_cp_masks_FM.tif,5,0.759334355551629,4.310397196434424,9.435738960112106,1.6900028354182661
76,FM 4-64,/Users/reyesmatte/Desktop/copypasta/20260227/processed_masks/C1 - JLG3576_009_R3D_D3D_cp_masks_FM.tif,C1 - JLG3576_009_R3D_D3D_cp_masks_FM.tif,6,0.7436294248290161,2.2944488125558093,5.021031614491001,0.829958521055305
77,FM 4-64,/Users/reyesmatte/Desktop/copypasta/20260227/processed_masks/C1 - JLG3576_010_R3D_D3D_cp_masks_FM.tif,C1 - JLG3576_010_R3D_D3D_cp_masks_FM.tif,1,0.7356159849663533,3.257112175067597,6.181455488424445,1.036426857238576
78,FM 4-64,/Users/reyesmatte/Desktop/copypasta/20260227/processed_masks/C1 - JLG3576_010_R3D_D3D_cp_masks_FM.tif,C1 - JLG3576_010_R3D_D3D_cp_masks_FM.tif,2,0.7700493659590496,3.3647335834987677,6.87444270637695,1.207310388672219
79,FM 4-64,/Users/reyesmatte/Desktop/copypasta/20260227/processed_masks/C1 - JLG3576_010_R3D_D3D_cp_masks_FM.tif,C1 - JLG3576_010_R3D_D3D_cp_masks_FM.tif,4,0.7880665370480194,3.9289667395017185,7.793361720698642,1.4110583807174368
80,FM 4-64,/Users/reyesmatte/Desktop/copypasta/20260227/processed_masks/C1 - JLG3576_010_R3D_D3D_cp_masks_FM.tif,C1 - JLG3576_010_R3D_D3D_cp_masks_FM.tif,5,0.8116013160141349,3.343004756506358,6.8419019987015846,1.2516048111615423
81,FM 4-64,/Users/reyesmatte/Desktop/copypasta/20260227/processed_masks/C1 - JLG3576_010_R3D_D3D_cp_masks_FM.tif,C1 - JLG3576_010_R3D_D3D_cp_masks_FM.tif,6,0.778687062917138,2.989071489785701,5.909907446790629,1.0478202871753008
82,FM 4-64,/Users/reyesmatte/Desktop/copypasta/20260227/processed_masks/C1 - JLG3576_010_R3D_D3D_cp_masks_FM.tif,C1 - JLG3576_010_R3D_D3D_cp_masks_FM.tif,7,0.7617063200280878,3.485848018813492,6.635676407990073,1.159551678825647
83,FM 4-64,/Users/reyesmatte/Desktop/copypasta/20260227/processed_masks/C1 - JLG3576_010_R3D_D3D_cp_masks_FM.tif,C1 - JLG3576_010_R3D_D3D_cp_masks_FM.tif,8,0.775539951219552,3.757071825508357,8.063173211688584,1.443071623788189
84,FM 4-64,/Users/reyesmatte/Desktop/copypasta/20260227/processed_masks/C1 - JLG3576_010_R3D_D3D_cp_masks_FM.tif,C1 - JLG3576_010_R3D_D3D_cp_masks_FM.tif,9,0.7370803915177757,3.8633508454981613,7.860013384661116,1.3534377829314994
85,FM 4-64,/Users/reyesmatte/Desktop/copypasta/20260227/processed_masks/C1 - JLG3576_010_R3D_D3D_cp_masks_FM.tif,C1 - JLG3576_010_R3D_D3D_cp_masks_FM.tif,10,0.7121270487238414,4.673483369750858,9.4596729824058,1.6010737303925433
86,FM 4-64,/Users/reyesmatte/Desktop/copypasta/20260227/processed_masks/C1 - JLG3576_010_R3D_D3D_cp_masks_FM.tif,C1 - JLG3576_010_R3D_D3D_cp_masks_FM.tif,12,0.6400383153111049,2.7329701925089247,5.0911930579071205,0.7513643028628495
87,FM 4-64,/Users/reyesmatte/Desktop/copypasta/20260227/processed_masks/C1 - JLG3576_010_R3D_D3D_cp_masks_FM.tif,C1 - JLG3576_010_R3D_D3D_cp_masks_FM.tif,13,0.5883712692544234,2.727910945344397,4.320082469403442,0.5879061031512535
88,QoxB-sfGFP,/Users/reyesmatte/Desktop/copypasta/20260227/processed_masks/C2 - JLG3576_001_R3D_D3D_cp_masks_QoxB.tif,C2 - JLG3576_001_R3D_D3D_cp_masks_QoxB.tif,6,0.7126085855319737,2.919608060582985,5.494517874407821,0.8890869520043561
89,QoxB-sfGFP,/Users/reyesmatte/Desktop/copypasta/20260227/processed_masks/C2 - JLG3576_001_R3D_D3D_cp_masks_QoxB.tif,C2 - JLG3576_001_R3D_D3D_cp_masks_QoxB.tif,7,0.718268460600328,3.001010877790822,5.632335762633972,0.920935473776569
90,QoxB-sfGFP,/Users/reyesmatte/Desktop/copypasta/20260227/processed_masks/C2 - JLG3576_001_R3D_D3D_cp_masks_QoxB.tif,C2 - JLG3576_001_R3D_D3D_cp_masks_QoxB.tif,8,0.7524508617229808,2.9053480188134913,5.96390159166067,1.0162412029968793
91,QoxB-sfGFP,/Users/reyesmatte/Desktop/copypasta/20260227/processed_masks/C2 - JLG3576_001_R3D_D3D_cp_masks_QoxB.tif,C2 - JLG3576_001_R3D_D3D_cp_masks_QoxB.tif,9,0.7432636887855102,2.9659781680017003,6.4302729443188404,1.0897649307659814
92,QoxB-sfGFP,/Users/reyesmatte/Desktop/copypasta/20260227/processed_masks/C2 - JLG3576_001_R3D_D3D_cp_masks_QoxB.tif,C2 - JLG3576_001_R3D_D3D_cp_masks_QoxB.tif,10,0.7326271146185386,2.574792255451945,5.437559887793457,0.9157101980191301
93,QoxB-sfGFP,/Users/reyesmatte/Desktop/copypasta/20260227/processed_masks/C2 - JLG3576_001_R3D_D3D_cp_masks_QoxB.tif,C2 - JLG3576_001_R3D_D3D_cp_masks_QoxB.tif,11,0.7630568162932757,4.539089905404361,5.997868813993217,1.0366961883713846
94,QoxB-sfGFP,/Users/reyesmatte/Desktop/copypasta/20260227/processed_masks/C2 - JLG3576_001_R3D_D3D_cp_masks_QoxB.tif,C2 - JLG3576_001_R3D_D3D_cp_masks_QoxB.tif,12,0.7329686060481375,9.180609786923625,10.654445958798181,1.8565731643150383
95,QoxB-sfGFP,/Users/reyesmatte/Desktop/copypasta/20260227/processed_masks/C2 - JLG3576_001_R3D_D3D_cp_masks_QoxB.tif,C2 - JLG3576_001_R3D_D3D_cp_masks_QoxB.tif,13,0.776642741986014,2.3784444160310136,4.9249589950115364,0.8356994323570474
96,QoxB-sfGFP,/Users/reyesmatte/Desktop/copypasta/20260227/processed_masks/C2 - JLG3576_001_R3D_D3D_cp_masks_QoxB.tif,C2 - JLG3576_001_R3D_D3D_cp_masks_QoxB.tif,14,0.6925078830789095,2.6206312440404274,4.672034995393472,0.7374991443222275
97,QoxB-sfGFP,/Users/reyesmatte/Desktop/copypasta/20260227/processed_masks/C2 - JLG3576_001_R3D_D3D_cp_masks_QoxB.tif,C2 - JLG3576_001_R3D_D3D_cp_masks_QoxB.tif,15,0.7463938984549009,3.307561649431068,6.4660530171914745,1.0987163056427864
98,QoxB-sfGFP,/Users/reyesmatte/Desktop/copypasta/20260227/processed_masks/C2 - JLG3576_001_R3D_D3D_cp_masks_QoxB.tif,C2 - JLG3576_001_R3D_D3D_cp_masks_QoxB.tif,16,0.7366615947603916,2.922971241251052,5.695706978734708,0.9460399731568397
99,QoxB-sfGFP,/Users/reyesmatte/Desktop/copypasta/20260227/processed_masks/C2 - JLG3576_001_R3D_D3D_cp_masks_QoxB.tif,C2 - JLG3576_001_R3D_D3D_cp_masks_QoxB.tif,17,0.7137514210274292,3.1808099474789886,6.013540628440868,1.0030914917493583
100,QoxB-sfGFP,/Users/reyesmatte/Desktop/copypasta/20260227/processed_masks/C2 - JLG3576_001_R3D_D3D_cp_masks_QoxB.tif,C2 - JLG3576_001_R3D_D3D_cp_masks_QoxB.tif,18,0.7138629204653563,4.388589353180285,7.987112230478306,1.337606314340149
101,QoxB-sfGFP,/Users/reyesmatte/Desktop/copypasta/20260227/processed_masks/C2 - JLG3576_002_R3D_D3D_cp_masks_QoxB.tif,C2 - JLG3576_002_R3D_D3D_cp_masks_QoxB.tif,2,0.6513734371778573,2.84248805590351,5.189540945276631,0.7789764595409512
102,QoxB-sfGFP,/Users/reyesmatte/Desktop/copypasta/20260227/processed_masks/C2 - JLG3576_002_R3D_D3D_cp_masks_QoxB.tif,C2 - JLG3576_002_R3D_D3D_cp_masks_QoxB.tif,3,0.6542585813268595,3.16498805590351,5.871247549405846,0.8944678430029586
103,QoxB-sfGFP,/Users/reyesmatte/Desktop/copypasta/20260227/processed_masks/C2 - JLG3576_002_R3D_D3D_cp_masks_QoxB.tif,C2 - JLG3576_002_R3D_D3D_cp_masks_QoxB.tif,4,0.6446236092677289,2.7725027396574813,5.0685697251476665,0.7853976077282475
104,QoxB-sfGFP,/Users/reyesmatte/Desktop/copypasta/20260227/processed_masks/C2 - JLG3576_002_R3D_D3D_cp_masks_QoxB.tif,C2 - JLG3576_002_R3D_D3D_cp_masks_QoxB.tif,5,0.6699152133805203,3.0406677477306463,5.78067862984996,0.9371381115469434
105,QoxB-sfGFP,/Users/reyesmatte/Desktop/copypasta/20260227/processed_masks/C2 - JLG3576_002_R3D_D3D_cp_masks_QoxB.tif,C2 - JLG3576_002_R3D_D3D_cp_masks_QoxB.tif,6,0.709629553705625,3.3366138206289744,7.150210348893649,1.181469751599459
106,QoxB-sfGFP,/Users/reyesmatte/Desktop/copypasta/20260227/processed_masks/C2 - JLG3576_002_R3D_D3D_cp_masks_QoxB.tif,C2 - JLG3576_002_R3D_D3D_cp_masks_QoxB.tif,7,0.7092809619200175,3.38988452250371,6.781412068838873,1.1408637879701917
107,QoxB-sfGFP,/Users/reyesmatte/Desktop/copypasta/20260227/processed_masks/C2 - JLG3576_002_R3D_D3D_cp_masks_QoxB.tif,C2 - JLG3576_002_R3D_D3D_cp_masks_QoxB.tif,8,0.703912437135261,2.7826677477306463,5.465027000254658,0.9236500667630592
108,QoxB-sfGFP,/Users/reyesmatte/Desktop/copypasta/20260227/processed_masks/C2 - JLG3576_002_R3D_D3D_cp_masks_QoxB.tif,C2 - JLG3576_002_R3D_D3D_cp_masks_QoxB.tif,10,0.7334464333983546,2.8740473701751044,6.149465437745768,1.0280432421827779
109,QoxB-sfGFP,/Users/reyesmatte/Desktop/copypasta/20260227/processed_masks/C2 - JLG3576_002_R3D_D3D_cp_masks_QoxB.tif,C2 - JLG3576_002_R3D_D3D_cp_masks_QoxB.tif,11,0.6870402323377512,2.444517423411453,4.786818524141616,0.7640415368204312
110,QoxB-sfGFP,/Users/reyesmatte/Desktop/copypasta/20260227/processed_masks/C2 - JLG3576_002_R3D_D3D_cp_masks_QoxB.tif,C2 - JLG3576_002_R3D_D3D_cp_masks_QoxB.tif,12,0.7139582605636523,1.937710229152434,4.160294435706382,0.6503315752998954
111,QoxB-sfGFP,/Users/reyesmatte/Desktop/copypasta/20260227/processed_masks/C2 - JLG3576_002_R3D_D3D_cp_masks_QoxB.tif,C2 - JLG3576_002_R3D_D3D_cp_masks_QoxB.tif,14,0.683954683279417,2.1332467215367164,4.494587930639867,0.6987101487096089
112,QoxB-sfGFP,/Users/reyesmatte/Desktop/copypasta/20260227/processed_masks/C2 - JLG3576_002_R3D_D3D_cp_masks_QoxB.tif,C2 - JLG3576_002_R3D_D3D_cp_masks_QoxB.tif,16,0.6675535366320621,2.4315773282446926,4.650116918777873,0.7413758775911126
113,QoxB-sfGFP,/Users/reyesmatte/Desktop/copypasta/20260227/processed_masks/C2 - JLG3576_002_R3D_D3D_cp_masks_QoxB.tif,C2 - JLG3576_002_R3D_D3D_cp_masks_QoxB.tif,17,0.6550648576373103,3.1742516215959693,5.717539715575775,0.8691358857615277
114,QoxB-sfGFP,/Users/reyesmatte/Desktop/copypasta/20260227/processed_masks/C2 - JLG3576_002_R3D_D3D_cp_masks_QoxB.tif,C2 - JLG3576_002_R3D_D3D_cp_masks_QoxB.tif,19,0.6174822920051369,3.0615118026380403,4.971073847781673,0.710109317032512
115,QoxB-sfGFP,/Users/reyesmatte/Desktop/copypasta/20260227/processed_masks/C2 - JLG3576_002_R3D_D3D_cp_masks_QoxB.tif,C2 - JLG3576_002_R3D_D3D_cp_masks_QoxB.tif,20,0.6578850740907286,4.349992655252207,7.044491939699378,1.0893762332862529
116,QoxB-sfGFP,/Users/reyesmatte/Desktop/copypasta/20260227/processed_masks/C2 - JLG3576_002_R3D_D3D_cp_masks_QoxB.tif,C2 - JLG3576_002_R3D_D3D_cp_masks_QoxB.tif,21,0.5704497585022569,2.9844876159203775,4.673063559703513,0.6440219464577726
117,QoxB-sfGFP,/Users/reyesmatte/Desktop/copypasta/20260227/processed_masks/C2 - JLG3576_002_R3D_D3D_cp_masks_QoxB.tif,C2 - JLG3576_002_R3D_D3D_cp_masks_QoxB.tif,22,0.6309427736430431,2.2595492614864128,3.7610916768955684,0.5667627858697819
118,QoxB-sfGFP,/Users/reyesmatte/Desktop/copypasta/20260227/processed_masks/C2 - JLG3576_002_R3D_D3D_cp_masks_QoxB.tif,C2 - JLG3576_002_R3D_D3D_cp_masks_QoxB.tif,23,0.6895299944489707,2.8880874259089797,5.5347142966504155,0.8975537887008402
119,QoxB-sfGFP,/Users/reyesmatte/Desktop/copypasta/20260227/processed_masks/C2 - JLG3576_002_R3D_D3D_cp_masks_QoxB.tif,C2 - JLG3576_002_R3D_D3D_cp_masks_QoxB.tif,24,0.734713188962168,4.025559545689211,7.306376990338306,1.2493398294062168
120,QoxB-sfGFP,/Users/reyesmatte/Desktop/copypasta/20260227/processed_masks/C2 - JLG3576_002_R3D_D3D_cp_masks_QoxB.tif,C2 - JLG3576_002_R3D_D3D_cp_masks_QoxB.tif,27,0.7274930443403183,3.877431892678814,7.645778733597518,1.3065151667833836
121,QoxB-sfGFP,/Users/reyesmatte/Desktop/copypasta/20260227/processed_masks/C2 - JLG3576_002_R3D_D3D_cp_masks_QoxB.tif,C2 - JLG3576_002_R3D_D3D_cp_masks_QoxB.tif,29,0.7564396557495913,3.7974444160310132,8.215230317778317,1.4418184448328364
122,QoxB-sfGFP,/Users/reyesmatte/Desktop/copypasta/20260227/processed_masks/C2 - JLG3576_002_R3D_D3D_cp_masks_QoxB.tif,C2 - JLG3576_002_R3D_D3D_cp_masks_QoxB.tif,30,0.7501533794388676,3.697708572285119,7.423009889301348,1.2832875056880702
123,QoxB-sfGFP,/Users/reyesmatte/Desktop/copypasta/20260227/processed_masks/C2 - JLG3576_002_R3D_D3D_cp_masks_QoxB.tif,C2 - JLG3576_002_R3D_D3D_cp_masks_QoxB.tif,31,0.7455528256669466,3.5797499647286544,6.7106372819308024,1.1438264934367344
124,QoxB-sfGFP,/Users/reyesmatte/Desktop/copypasta/20260227/processed_masks/C2 - JLG3576_002_R3D_D3D_cp_masks_QoxB.tif,C2 - JLG3576_002_R3D_D3D_cp_masks_QoxB.tif,32,0.687474653074064,3.474582367576522,5.877901944860868,0.931300316324789
125,QoxB-sfGFP,/Users/reyesmatte/Desktop/copypasta/20260227/processed_masks/C2 - JLG3576_002_R3D_D3D_cp_masks_QoxB.tif,C2 - JLG3576_002_R3D_D3D_cp_masks_QoxB.tif,33,0.6539919810277376,3.9183128912595597,6.822371385997549,1.047946503739947
126,QoxB-sfGFP,/Users/reyesmatte/Desktop/copypasta/20260227/processed_masks/C2 - JLG3576_003_R3D_D3D_cp_masks_QoxB.tif,C2 - JLG3576_003_R3D_D3D_cp_masks_QoxB.tif,4,0.6192596131599488,5.082439028861091,8.81505352147355,1.342664331134105
127,QoxB-sfGFP,/Users/reyesmatte/Desktop/copypasta/20260227/processed_masks/C2 - JLG3576_003_R3D_D3D_cp_masks_QoxB.tif,C2 - JLG3576_003_R3D_D3D_cp_masks_QoxB.tif,5,0.6910910177638835,4.9977392375163445,9.158429421591022,1.5030417986313869
128,QoxB-sfGFP,/Users/reyesmatte/Desktop/copypasta/20260227/processed_masks/C2 - JLG3576_003_R3D_D3D_cp_masks_QoxB.tif,C2 - JLG3576_003_R3D_D3D_cp_masks_QoxB.tif,6,0.7070532402127805,4.7508056879702165,8.912977757853843,1.4920827622444814
129,QoxB-sfGFP,/Users/reyesmatte/Desktop/copypasta/20260227/processed_masks/C2 - JLG3576_003_R3D_D3D_cp_masks_QoxB.tif,C2 - JLG3576_003_R3D_D3D_cp_masks_QoxB.tif,7,0.7264303430217101,3.5188137625522327,7.767217305161458,1.3188746681727963
130,QoxB-sfGFP,/Users/reyesmatte/Desktop/copypasta/20260227/processed_masks/C2 - JLG3576_003_R3D_D3D_cp_masks_QoxB.tif,C2 - JLG3576_003_R3D_D3D_cp_masks_QoxB.tif,8,0.7364216292430459,4.149070782624061,8.977254173811263,1.5530019884316215
131,QoxB-sfGFP,/Users/reyesmatte/Desktop/copypasta/20260227/processed_masks/C2 - JLG3576_003_R3D_D3D_cp_masks_QoxB.tif,C2 - JLG3576_003_R3D_D3D_cp_masks_QoxB.tif,9,0.7199625393444969,4.3112450759753385,8.70593817430456,1.4739453099158146
132,QoxB-sfGFP,/Users/reyesmatte/Desktop/copypasta/20260227/processed_masks/C2 - JLG3576_003_R3D_D3D_cp_masks_QoxB.tif,C2 - JLG3576_003_R3D_D3D_cp_masks_QoxB.tif,10,0.6684464072191802,3.8148305954020385,7.630312395053413,1.251438983915857
133,QoxB-sfGFP,/Users/reyesmatte/Desktop/copypasta/20260227/processed_masks/C2 - JLG3576_003_R3D_D3D_cp_masks_QoxB.tif,C2 - JLG3576_003_R3D_D3D_cp_masks_QoxB.tif,11,0.6999981650082248,4.496790020462529,7.734472937755287,1.2920790986294481
134,QoxB-sfGFP,/Users/reyesmatte/Desktop/copypasta/20260227/processed_masks/C2 - JLG3576_003_R3D_D3D_cp_masks_QoxB.tif,C2 - JLG3576_003_R3D_D3D_cp_masks_QoxB.tif,12,0.6964402066025436,3.8038132823329738,6.523186774380604,1.0707779717435284
135,QoxB-sfGFP,/Users/reyesmatte/Desktop/copypasta/20260227/processed_masks/C2 - JLG3576_003_R3D_D3D_cp_masks_QoxB.tif,C2 - JLG3576_003_R3D_D3D_cp_masks_QoxB.tif,13,0.6196595240957069,4.193286468418872,6.5549655787046275,0.9750732375016173
136,QoxB-sfGFP,/Users/reyesmatte/Desktop/copypasta/20260227/processed_masks/C2 - JLG3576_003_R3D_D3D_cp_masks_QoxB.tif,C2 - JLG3576_003_R3D_D3D_cp_masks_QoxB.tif,14,0.6099587106336523,3.816505039331829,6.2557230245519015,0.9005757982845666
137,QoxB-sfGFP,/Users/reyesmatte/Desktop/copypasta/20260227/processed_masks/C2 - JLG3576_004_R3D_D3D_cp_masks_QoxB.tif,C2 - JLG3576_004_R3D_D3D_cp_masks_QoxB.tif,7,0.6446755556345733,4.634770841147312,8.648335934429273,1.3313502285698633
138,QoxB-sfGFP,/Users/reyesmatte/Desktop/copypasta/20260227/processed_masks/C2 - JLG3576_004_R3D_D3D_cp_masks_QoxB.tif,C2 - JLG3576_004_R3D_D3D_cp_masks_QoxB.tif,9,0.6643288769005607,5.617921165466505,10.767904691804796,1.7233465301014932
139,QoxB-sfGFP,/Users/reyesmatte/Desktop/copypasta/20260227/processed_masks/C2 - JLG3576_004_R3D_D3D_cp_masks_QoxB.tif,C2 - JLG3576_004_R3D_D3D_cp_masks_QoxB.tif,10,0.7069354436121291,4.809696048932919,9.132316602826334,1.5588792002717033
140,QoxB-sfGFP,/Users/reyesmatte/Desktop/copypasta/20260227/processed_masks/C2 - JLG3576_004_R3D_D3D_cp_masks_QoxB.tif,C2 - JLG3576_004_R3D_D3D_cp_masks_QoxB.tif,11,0.7287037126881019,4.477932483240459,8.820640185199832,1.5093933007451585
141,QoxB-sfGFP,/Users/reyesmatte/Desktop/copypasta/20260227/processed_masks/C2 - JLG3576_004_R3D_D3D_cp_masks_QoxB.tif,C2 - JLG3576_004_R3D_D3D_cp_masks_QoxB.tif,12,0.707977173207377,4.756664393876031,8.465952782419881,1.4279427069010358
142,QoxB-sfGFP,/Users/reyesmatte/Desktop/copypasta/20260227/processed_masks/C2 - JLG3576_004_R3D_D3D_cp_masks_QoxB.tif,C2 - JLG3576_004_R3D_D3D_cp_masks_QoxB.tif,13,0.698136648032218,4.010852918872744,7.2485250369731435,1.1790799148578632
143,QoxB-sfGFP,/Users/reyesmatte/Desktop/copypasta/20260227/processed_masks/C2 - JLG3576_004_R3D_D3D_cp_masks_QoxB.tif,C2 - JLG3576_004_R3D_D3D_cp_masks_QoxB.tif,14,0.6488000742884644,5.184756660927797,8.566177791722001,1.3262922117759066
144,QoxB-sfGFP,/Users/reyesmatte/Desktop/copypasta/20260227/processed_masks/C2 - JLG3576_005_R3D_D3D_cp_masks_QoxB.tif,C2 - JLG3576_005_R3D_D3D_cp_masks_QoxB.tif,2,0.6975240386012188,11.877162398126623,12.200896380454614,2.046778603981712
145,QoxB-sfGFP,/Users/reyesmatte/Desktop/copypasta/20260227/processed_masks/C2 - JLG3576_005_R3D_D3D_cp_masks_QoxB.tif,C2 - JLG3576_005_R3D_D3D_cp_masks_QoxB.tif,3,0.7089464413982157,3.080288264558765,5.498688782495102,0.9168738523984267
146,QoxB-sfGFP,/Users/reyesmatte/Desktop/copypasta/20260227/processed_masks/C2 - JLG3576_005_R3D_D3D_cp_masks_QoxB.tif,C2 - JLG3576_005_R3D_D3D_cp_masks_QoxB.tif,8,0.6634276424434915,3.224559033540567,5.668557271377832,0.8700310398808278
147,QoxB-sfGFP,/Users/reyesmatte/Desktop/copypasta/20260227/processed_masks/C2 - JLG3576_005_R3D_D3D_cp_masks_QoxB.tif,C2 - JLG3576_005_R3D_D3D_cp_masks_QoxB.tif,9,0.67108142465008,3.267305687970217,5.391757790384432,0.8303255650351704
148,QoxB-sfGFP,/Users/reyesmatte/Desktop/copypasta/20260227/processed_masks/C2 - JLG3576_005_R3D_D3D_cp_masks_QoxB.tif,C2 - JLG3576_005_R3D_D3D_cp_masks_QoxB.tif,10,0.7251696644582298,3.1170457246137273,5.672889645427144,0.9310515073644821
149,QoxB-sfGFP,/Users/reyesmatte/Desktop/copypasta/20260227/processed_masks/C2 - JLG3576_005_R3D_D3D_cp_masks_QoxB.tif,C2 - JLG3576_005_R3D_D3D_cp_masks_QoxB.tif,11,0.6931160029757848,3.096786468418874,5.294913922267956,0.8876928141983204
150,QoxB-sfGFP,/Users/reyesmatte/Desktop/copypasta/20260227/processed_masks/C2 - JLG3576_005_R3D_D3D_cp_masks_QoxB.tif,C2 - JLG3576_005_R3D_D3D_cp_masks_QoxB.tif,12,0.7281936734695366,3.456470152272799,6.262319533193898,1.067883412929019
151,QoxB-sfGFP,/Users/reyesmatte/Desktop/copypasta/20260227/processed_masks/C2 - JLG3576_005_R3D_D3D_cp_masks_QoxB.tif,C2 - JLG3576_005_R3D_D3D_cp_masks_QoxB.tif,13,0.7110140391597853,5.39665356751113,9.84874614573893,1.7427677864510172
152,QoxB-sfGFP,/Users/reyesmatte/Desktop/copypasta/20260227/processed_masks/C2 - JLG3576_005_R3D_D3D_cp_masks_QoxB.tif,C2 - JLG3576_005_R3D_D3D_cp_masks_QoxB.tif,14,0.7298521231319098,4.773811526429208,9.866821147700897,1.7392101906655344
153,QoxB-sfGFP,/Users/reyesmatte/Desktop/copypasta/20260227/processed_masks/C2 - JLG3576_005_R3D_D3D_cp_masks_QoxB.tif,C2 - JLG3576_005_R3D_D3D_cp_masks_QoxB.tif,15,0.7371347328010013,4.57295601228941,8.543834804144115,1.541819927385054
154,QoxB-sfGFP,/Users/reyesmatte/Desktop/copypasta/20260227/processed_masks/C2 - JLG3576_005_R3D_D3D_cp_masks_QoxB.tif,C2 - JLG3576_005_R3D_D3D_cp_masks_QoxB.tif,16,0.7309292663707112,4.74125838490218,9.984432503809636,1.7802646704506209
155,QoxB-sfGFP,/Users/reyesmatte/Desktop/copypasta/20260227/processed_masks/C2 - JLG3576_005_R3D_D3D_cp_masks_QoxB.tif,C2 - JLG3576_005_R3D_D3D_cp_masks_QoxB.tif,19,0.7556018845877549,3.6507325413172014,7.390272811729178,1.284607960868524
156,QoxB-sfGFP,/Users/reyesmatte/Desktop/copypasta/20260227/processed_masks/C2 - JLG3576_005_R3D_D3D_cp_masks_QoxB.tif,C2 - JLG3576_005_R3D_D3D_cp_masks_QoxB.tif,20,0.6758339929670045,2.33056893505825,4.384570136496106,0.6721778054537101
157,QoxB-sfGFP,/Users/reyesmatte/Desktop/copypasta/20260227/processed_masks/C2 - JLG3576_005_R3D_D3D_cp_masks_QoxB.tif,C2 - JLG3576_005_R3D_D3D_cp_masks_QoxB.tif,21,0.6474741843134836,2.6185947516561456,4.536192369584278,0.7025977488374459
158,QoxB-sfGFP,/Users/reyesmatte/Desktop/copypasta/20260227/processed_masks/C2 - JLG3576_005_R3D_D3D_cp_masks_QoxB.tif,C2 - JLG3576_005_R3D_D3D_cp_masks_QoxB.tif,22,0.6924877556295682,3.7215522702343575,7.243106387312073,1.1717847574588778
159,QoxB-sfGFP,/Users/reyesmatte/Desktop/copypasta/20260227/processed_masks/C2 - JLG3576_005_R3D_D3D_cp_masks_QoxB.tif,C2 - JLG3576_005_R3D_D3D_cp_masks_QoxB.tif,23,0.672052107888933,4.337961850748403,8.074652662140174,1.3008487351893026
160,QoxB-sfGFP,/Users/reyesmatte/Desktop/copypasta/20260227/processed_masks/C2 - JLG3576_006_R3D_D3D_cp_masks_QoxB.tif,C2 - JLG3576_006_R3D_D3D_cp_masks_QoxB.tif,1,0.7430284529362184,4.360645143528913,9.254345307628888,1.6304614378439388
161,QoxB-sfGFP,/Users/reyesmatte/Desktop/copypasta/20260227/processed_masks/C2 - JLG3576_006_R3D_D3D_cp_masks_QoxB.tif,C2 - JLG3576_006_R3D_D3D_cp_masks_QoxB.tif,2,0.7562054312332132,5.263321044542832,10.254825286612117,1.8953484511279546
162,QoxB-sfGFP,/Users/reyesmatte/Desktop/copypasta/20260227/processed_masks/C2 - JLG3576_006_R3D_D3D_cp_masks_QoxB.tif,C2 - JLG3576_006_R3D_D3D_cp_masks_QoxB.tif,3,0.76237891058815,3.5106033217961325,6.868366096312015,1.2322480954416328
163,QoxB-sfGFP,/Users/reyesmatte/Desktop/copypasta/20260227/processed_masks/C2 - JLG3576_006_R3D_D3D_cp_masks_QoxB.tif,C2 - JLG3576_006_R3D_D3D_cp_masks_QoxB.tif,4,0.7716409885526818,3.220517562684029,6.727769952641464,1.1909915913486862
164,QoxB-sfGFP,/Users/reyesmatte/Desktop/copypasta/20260227/processed_masks/C2 - JLG3576_006_R3D_D3D_cp_masks_QoxB.tif,C2 - JLG3576_006_R3D_D3D_cp_masks_QoxB.tif,5,0.7134594689863472,3.3410348468229043,6.411765044286409,1.1366487739752278
165,QoxB-sfGFP,/Users/reyesmatte/Desktop/copypasta/20260227/processed_masks/C2 - JLG3576_006_R3D_D3D_cp_masks_QoxB.tif,C2 - JLG3576_006_R3D_D3D_cp_masks_QoxB.tif,6,0.7573941059279987,3.3286451435289135,6.955971365435637,1.2232910859304393
166,QoxB-sfGFP,/Users/reyesmatte/Desktop/copypasta/20260227/processed_masks/C2 - JLG3576_006_R3D_D3D_cp_masks_QoxB.tif,C2 - JLG3576_006_R3D_D3D_cp_masks_QoxB.tif,7,0.7463750287007754,3.3930209754551086,6.682548915457218,1.1824887347603905
167,QoxB-sfGFP,/Users/reyesmatte/Desktop/copypasta/20260227/processed_masks/C2 - JLG3576_006_R3D_D3D_cp_masks_QoxB.tif,C2 - JLG3576_006_R3D_D3D_cp_masks_QoxB.tif,8,0.779369756441178,2.8251976944942983,6.122086413294877,1.0760944017253646
168,QoxB-sfGFP,/Users/reyesmatte/Desktop/copypasta/20260227/processed_masks/C2 - JLG3576_006_R3D_D3D_cp_masks_QoxB.tif,C2 - JLG3576_006_R3D_D3D_cp_masks_QoxB.tif,9,0.7387495631461242,2.475381378348223,4.892514301845865,0.8347836009596867
169,QoxB-sfGFP,/Users/reyesmatte/Desktop/copypasta/20260227/processed_masks/C2 - JLG3576_006_R3D_D3D_cp_masks_QoxB.tif,C2 - JLG3576_006_R3D_D3D_cp_masks_QoxB.tif,10,0.7067249259987974,2.839829772621351,5.367330119769294,0.9188511732461516
170,QoxB-sfGFP,/Users/reyesmatte/Desktop/copypasta/20260227/processed_masks/C2 - JLG3576_006_R3D_D3D_cp_masks_QoxB.tif,C2 - JLG3576_006_R3D_D3D_cp_masks_QoxB.tif,11,0.7240085063948913,2.4841379402395725,4.550562775799148,0.7333802431510043
171,QoxB-sfGFP,/Users/reyesmatte/Desktop/copypasta/20260227/processed_masks/C2 - JLG3576_006_R3D_D3D_cp_masks_QoxB.tif,C2 - JLG3576_006_R3D_D3D_cp_masks_QoxB.tif,12,0.7191152911162625,3.101395400294533,6.11172196977787,1.0029986130708153
172,QoxB-sfGFP,/Users/reyesmatte/Desktop/copypasta/20260227/processed_masks/C2 - JLG3576_006_R3D_D3D_cp_masks_QoxB.tif,C2 - JLG3576_006_R3D_D3D_cp_masks_QoxB.tif,13,0.7099223072150155,3.01145345756196,5.4134688844257575,0.8846145107998841
173,QoxB-sfGFP,/Users/reyesmatte/Desktop/copypasta/20260227/processed_masks/C2 - JLG3576_006_R3D_D3D_cp_masks_QoxB.tif,C2 - JLG3576_006_R3D_D3D_cp_masks_QoxB.tif,14,0.7249778308517527,3.2858654422249436,6.134953823018505,1.075251398926372
174,QoxB-sfGFP,/Users/reyesmatte/Desktop/copypasta/20260227/processed_masks/C2 - JLG3576_006_R3D_D3D_cp_masks_QoxB.tif,C2 - JLG3576_006_R3D_D3D_cp_masks_QoxB.tif,16,0.7299246994112453,5.2820764569520176,10.293561226024206,1.8274012186035968
175,QoxB-sfGFP,/Users/reyesmatte/Desktop/copypasta/20260227/processed_masks/C2 - JLG3576_006_R3D_D3D_cp_masks_QoxB.tif,C2 - JLG3576_006_R3D_D3D_cp_masks_QoxB.tif,17,0.6752751472491535,3.4637151179057493,6.329786539340755,1.0347872645747198
176,QoxB-sfGFP,/Users/reyesmatte/Desktop/copypasta/20260227/processed_masks/C2 - JLG3576_006_R3D_D3D_cp_masks_QoxB.tif,C2 - JLG3576_006_R3D_D3D_cp_masks_QoxB.tif,18,0.6847278730299579,2.3754335495461296,5.053184524570322,0.7862406105272405
177,QoxB-sfGFP,/Users/reyesmatte/Desktop/copypasta/20260227/processed_masks/C2 - JLG3576_006_R3D_D3D_cp_masks_QoxB.tif,C2 - JLG3576_006_R3D_D3D_cp_masks_QoxB.tif,19,0.7097179356715658,3.125401945915164,5.778357860571555,0.9646762029807063
178,QoxB-sfGFP,/Users/reyesmatte/Desktop/copypasta/20260227/processed_masks/C2 - JLG3576_006_R3D_D3D_cp_masks_QoxB.tif,C2 - JLG3576_006_R3D_D3D_cp_masks_QoxB.tif,20,0.6652441321739315,2.4660507829461844,4.824093488396134,0.7464074787208302
179,QoxB-sfGFP,/Users/reyesmatte/Desktop/copypasta/20260227/processed_masks/C2 - JLG3576_006_R3D_D3D_cp_masks_QoxB.tif,C2 - JLG3576_006_R3D_D3D_cp_masks_QoxB.tif,21,0.7114451566884276,3.1959686140546135,6.103933031774814,1.0030398975321708
180,QoxB-sfGFP,/Users/reyesmatte/Desktop/copypasta/20260227/processed_masks/C2 - JLG3576_006_R3D_D3D_cp_masks_QoxB.tif,C2 - JLG3576_006_R3D_D3D_cp_masks_QoxB.tif,22,0.6874908947855425,2.2224019459151636,3.997195727224036,0.6294529567735404
181,QoxB-sfGFP,/Users/reyesmatte/Desktop/copypasta/20260227/processed_masks/C2 - JLG3576_006_R3D_D3D_cp_masks_QoxB.tif,C2 - JLG3576_006_R3D_D3D_cp_masks_QoxB.tif,23,0.6915984051761661,2.8517516215959695,5.371054720854221,0.845250806456733
182,QoxB-sfGFP,/Users/reyesmatte/Desktop/copypasta/20260227/processed_masks/C2 - JLG3576_006_R3D_D3D_cp_masks_QoxB.tif,C2 - JLG3576_006_R3D_D3D_cp_masks_QoxB.tif,24,0.6851836590266221,2.4693354954612934,4.126218409064481,0.633095102043557
183,QoxB-sfGFP,/Users/reyesmatte/Desktop/copypasta/20260227/processed_masks/C2 - JLG3576_007_R3D_D3D_cp_masks_QoxB.tif,C2 - JLG3576_007_R3D_D3D_cp_masks_QoxB.tif,4,0.7359699909837304,6.4884738756839955,9.237095804433139,1.6048382016208513
184,QoxB-sfGFP,/Users/reyesmatte/Desktop/copypasta/20260227/processed_masks/C2 - JLG3576_007_R3D_D3D_cp_masks_QoxB.tif,C2 - JLG3576_007_R3D_D3D_cp_masks_QoxB.tif,5,0.7247101192936938,5.291152659478666,10.379376529194456,1.785101628949918
185,QoxB-sfGFP,/Users/reyesmatte/Desktop/copypasta/20260227/processed_masks/C2 - JLG3576_007_R3D_D3D_cp_masks_QoxB.tif,C2 - JLG3576_007_R3D_D3D_cp_masks_QoxB.tif,6,0.7589869322542158,4.313930247117436,8.361522934919762,1.4767661861047425
186,QoxB-sfGFP,/Users/reyesmatte/Desktop/copypasta/20260227/processed_masks/C2 - JLG3576_007_R3D_D3D_cp_masks_QoxB.tif,C2 - JLG3576_007_R3D_D3D_cp_masks_QoxB.tif,7,0.6949807390249276,4.039468396369033,7.694782630600303,1.2861412703299426
187,QoxB-sfGFP,/Users/reyesmatte/Desktop/copypasta/20260227/processed_masks/C2 - JLG3576_007_R3D_D3D_cp_masks_QoxB.tif,C2 - JLG3576_007_R3D_D3D_cp_masks_QoxB.tif,10,0.5649724690130179,7.116943593717302,6.662459841411218,0.9499923118448356
188,QoxB-sfGFP,/Users/reyesmatte/Desktop/copypasta/20260227/processed_masks/C2 - JLG3576_007_R3D_D3D_cp_masks_QoxB.tif,C2 - JLG3576_007_R3D_D3D_cp_masks_QoxB.tif,14,0.6566260263182184,4.116933549546129,8.491892859732367,1.3223903906866314
189,QoxB-sfGFP,/Users/reyesmatte/Desktop/copypasta/20260227/processed_masks/C2 - JLG3576_007_R3D_D3D_cp_masks_QoxB.tif,C2 - JLG3576_007_R3D_D3D_cp_masks_QoxB.tif,15,0.7285719151248414,4.306500637038566,8.94705091184803,1.5709325311494997
190,QoxB-sfGFP,/Users/reyesmatte/Desktop/copypasta/20260227/processed_masks/C2 - JLG3576_007_R3D_D3D_cp_masks_QoxB.tif,C2 - JLG3576_007_R3D_D3D_cp_masks_QoxB.tif,16,0.7231617266231244,4.146335495461292,8.084860634437394,1.4227077237667685
191,QoxB-sfGFP,/Users/reyesmatte/Desktop/copypasta/20260227/processed_masks/C2 - JLG3576_007_R3D_D3D_cp_masks_QoxB.tif,C2 - JLG3576_007_R3D_D3D_cp_masks_QoxB.tif,17,0.7426840973516052,3.2895670297095796,7.437569329910813,1.2792999495542663
192,QoxB-sfGFP,/Users/reyesmatte/Desktop/copypasta/20260227/processed_masks/C2 - JLG3576_007_R3D_D3D_cp_masks_QoxB.tif,C2 - JLG3576_007_R3D_D3D_cp_masks_QoxB.tif,18,0.6729796077504693,3.1281121750675975,5.592328380806717,0.8674708494507426
193,QoxB-sfGFP,/Users/reyesmatte/Desktop/copypasta/20260227/processed_masks/C2 - JLG3576_007_R3D_D3D_cp_masks_QoxB.tif,C2 - JLG3576_007_R3D_D3D_cp_masks_QoxB.tif,21,0.6413489889768939,4.066185171142099,7.415020904253793,1.1209127217273638
194,QoxB-sfGFP,/Users/reyesmatte/Desktop/copypasta/20260227/processed_masks/C2 - JLG3576_007_R3D_D3D_cp_masks_QoxB.tif,C2 - JLG3576_007_R3D_D3D_cp_masks_QoxB.tif,24,0.5853946223568661,4.04968696728199,6.514187844588519,0.9129398393364603
195,QoxB-sfGFP,/Users/reyesmatte/Desktop/copypasta/20260227/processed_masks/C2 - JLG3576_008_R3D_D3D_cp_masks_QoxB.tif,C2 - JLG3576_008_R3D_D3D_cp_masks_QoxB.tif,5,0.5083171728905858,2.590442579771139,3.7450981689067824,0.44334762965019114
196,QoxB-sfGFP,/Users/reyesmatte/Desktop/copypasta/20260227/processed_masks/C2 - JLG3576_008_R3D_D3D_cp_masks_QoxB.tif,C2 - JLG3576_008_R3D_D3D_cp_masks_QoxB.tif,6,0.5918781494233937,2.4804019459151636,3.8870942111763713,0.524835295783202
197,QoxB-sfGFP,/Users/reyesmatte/Desktop/copypasta/20260227/processed_masks/C2 - JLG3576_008_R3D_D3D_cp_masks_QoxB.tif,C2 - JLG3576_008_R3D_D3D_cp_masks_QoxB.tif,7,0.6009748275180948,1.5028863186436023,2.706483710974806,0.3621780106611954
198,QoxB-sfGFP,/Users/reyesmatte/Desktop/copypasta/20260227/processed_masks/C2 - JLG3576_008_R3D_D3D_cp_masks_QoxB.tif,C2 - JLG3576_008_R3D_D3D_cp_masks_QoxB.tif,8,0.5587306878201138,4.039468396369032,6.331663936397378,0.8624634719602041
199,QoxB-sfGFP,/Users/reyesmatte/Desktop/copypasta/20260227/processed_masks/C2 - JLG3576_008_R3D_D3D_cp_masks_QoxB.tif,C2 - JLG3576_008_R3D_D3D_cp_masks_QoxB.tif,9,0.7422860469400324,6.6470868924797815,10.04369747944762,1.7647277324964765
200,QoxB-sfGFP,/Users/reyesmatte/Desktop/copypasta/20260227/processed_masks/C2 - JLG3576_008_R3D_D3D_cp_masks_QoxB.tif,C2 - JLG3576_008_R3D_D3D_cp_masks_QoxB.tif,10,0.7236913478664477,4.805714000469114,9.82825246746947,1.695246436801735
201,QoxB-sfGFP,/Users/reyesmatte/Desktop/copypasta/20260227/processed_masks/C2 - JLG3576_008_R3D_D3D_cp_masks_QoxB.tif,C2 - JLG3576_008_R3D_D3D_cp_masks_QoxB.tif,11,0.7383601354152609,3.0675473701751033,5.881099565388158,0.9884221106301183
202,QoxB-sfGFP,/Users/reyesmatte/Desktop/copypasta/20260227/processed_masks/C2 - JLG3576_008_R3D_D3D_cp_masks_QoxB.tif,C2 - JLG3576_008_R3D_D3D_cp_masks_QoxB.tif,12,0.7291218210169015,2.7965822169980092,5.418813587818716,0.8867106397439449
203,QoxB-sfGFP,/Users/reyesmatte/Desktop/copypasta/20260227/processed_masks/C2 - JLG3576_008_R3D_D3D_cp_masks_QoxB.tif,C2 - JLG3576_008_R3D_D3D_cp_masks_QoxB.tif,13,0.7073118891207419,3.759945352184168,6.9867965280348905,1.1585868060966562
204,QoxB-sfGFP,/Users/reyesmatte/Desktop/copypasta/20260227/processed_masks/C2 - JLG3576_008_R3D_D3D_cp_masks_QoxB.tif,C2 - JLG3576_008_R3D_D3D_cp_masks_QoxB.tif,14,0.6598585336344336,5.453848169392006,10.239340009751723,1.6234056142978388
205,QoxB-sfGFP,/Users/reyesmatte/Desktop/copypasta/20260227/processed_masks/C2 - JLG3576_008_R3D_D3D_cp_masks_QoxB.tif,C2 - JLG3576_008_R3D_D3D_cp_masks_QoxB.tif,15,0.6647775785580206,4.082672079900837,7.443148550465319,1.1618486896989844
206,QoxB-sfGFP,/Users/reyesmatte/Desktop/copypasta/20260227/processed_masks/C2 - JLG3576_008_R3D_D3D_cp_masks_QoxB.tif,C2 - JLG3576_008_R3D_D3D_cp_masks_QoxB.tif,16,0.5682143606499372,5.006578005464123,4.981465591406757,0.669625223333243
207,QoxB-sfGFP,/Users/reyesmatte/Desktop/copypasta/20260227/processed_masks/C2 - JLG3576_008_R3D_D3D_cp_masks_QoxB.tif,C2 - JLG3576_008_R3D_D3D_cp_masks_QoxB.tif,20,0.49693814437356326,3.6291851690042405,3.573672538696905,0.4313364321512917
208,QoxB-sfGFP,/Users/reyesmatte/Desktop/copypasta/20260227/processed_masks/C2 - JLG3576_009_R3D_D3D_cp_masks_QoxB.tif,C2 - JLG3576_009_R3D_D3D_cp_masks_QoxB.tif,2,0.6032463934162583,2.6315348468229054,4.3721359421769765,0.6061190124757891
209,QoxB-sfGFP,/Users/reyesmatte/Desktop/copypasta/20260227/processed_masks/C2 - JLG3576_009_R3D_D3D_cp_masks_QoxB.tif,C2 - JLG3576_009_R3D_D3D_cp_masks_QoxB.tif,3,0.631668511592274,2.482300648638388,4.762892322051758,0.6876092830450884
210,QoxB-sfGFP,/Users/reyesmatte/Desktop/copypasta/20260227/processed_masks/C2 - JLG3576_009_R3D_D3D_cp_masks_QoxB.tif,C2 - JLG3576_009_R3D_D3D_cp_masks_QoxB.tif,4,0.6379869514731247,2.0418670990922587,3.8621189471965036,0.5642498734591489
211,QoxB-sfGFP,/Users/reyesmatte/Desktop/copypasta/20260227/processed_masks/C2 - JLG3576_009_R3D_D3D_cp_masks_QoxB.tif,C2 - JLG3576_009_R3D_D3D_cp_masks_QoxB.tif,5,0.6693758887799636,2.290662998249907,4.671777991209051,0.7079045745917095
212,QoxB-sfGFP,/Users/reyesmatte/Desktop/copypasta/20260227/processed_masks/C2 - JLG3576_009_R3D_D3D_cp_masks_QoxB.tif,C2 - JLG3576_009_R3D_D3D_cp_masks_QoxB.tif,6,0.6775985402469938,4.03108711705726,6.563870066639609,1.0419514595550423
213,QoxB-sfGFP,/Users/reyesmatte/Desktop/copypasta/20260227/processed_masks/C2 - JLG3576_009_R3D_D3D_cp_masks_QoxB.tif,C2 - JLG3576_009_R3D_D3D_cp_masks_QoxB.tif,7,0.6902983201819087,2.3912467215367164,5.179040471250716,0.812234525640633
214,QoxB-sfGFP,/Users/reyesmatte/Desktop/copypasta/20260227/processed_masks/C2 - JLG3576_009_R3D_D3D_cp_masks_QoxB.tif,C2 - JLG3576_009_R3D_D3D_cp_masks_QoxB.tif,8,0.7353673300623746,4.492867099092258,10.237067157511614,1.789975943194611
215,QoxB-sfGFP,/Users/reyesmatte/Desktop/copypasta/20260227/processed_masks/C2 - JLG3576_009_R3D_D3D_cp_masks_QoxB.tif,C2 - JLG3576_009_R3D_D3D_cp_masks_QoxB.tif,9,0.6386552687161956,3.8183423309330125,5.963258277587408,0.8870555615279918
216,QoxB-sfGFP,/Users/reyesmatte/Desktop/copypasta/20260227/processed_masks/C2 - JLG3576_009_R3D_D3D_cp_masks_QoxB.tif,C2 - JLG3576_009_R3D_D3D_cp_masks_QoxB.tif,10,0.738231899534708,4.0948006486383886,9.223603981386269,1.6070443358131838
217,QoxB-sfGFP,/Users/reyesmatte/Desktop/copypasta/20260227/processed_masks/C2 - JLG3576_009_R3D_D3D_cp_masks_QoxB.tif,C2 - JLG3576_009_R3D_D3D_cp_masks_QoxB.tif,11,0.768072979720953,3.138367099092259,7.484974744191214,1.3192993804236575
218,QoxB-sfGFP,/Users/reyesmatte/Desktop/copypasta/20260227/processed_masks/C2 - JLG3576_009_R3D_D3D_cp_masks_QoxB.tif,C2 - JLG3576_009_R3D_D3D_cp_masks_QoxB.tif,12,0.7714910568459363,3.772300648638388,8.937495140291619,1.6076063376791792
219,QoxB-sfGFP,/Users/reyesmatte/Desktop/copypasta/20260227/processed_masks/C2 - JLG3576_009_R3D_D3D_cp_masks_QoxB.tif,C2 - JLG3576_009_R3D_D3D_cp_masks_QoxB.tif,13,0.7821570162855903,4.328956950689149,10.205289024064662,1.8750754705809818
220,QoxB-sfGFP,/Users/reyesmatte/Desktop/copypasta/20260227/processed_masks/C2 - JLG3576_009_R3D_D3D_cp_masks_QoxB.tif,C2 - JLG3576_009_R3D_D3D_cp_masks_QoxB.tif,14,0.7787168129073737,3.901300648638388,9.298347763599631,1.6868486007844978
221,QoxB-sfGFP,/Users/reyesmatte/Desktop/copypasta/20260227/processed_masks/C2 - JLG3576_009_R3D_D3D_cp_masks_QoxB.tif,C2 - JLG3576_009_R3D_D3D_cp_masks_QoxB.tif,15,0.7705435488344486,4.346480919721232,9.948915193171924,1.7991098023281487
222,QoxB-sfGFP,/Users/reyesmatte/Desktop/copypasta/20260227/processed_masks/C2 - JLG3576_009_R3D_D3D_cp_masks_QoxB.tif,C2 - JLG3576_009_R3D_D3D_cp_masks_QoxB.tif,16,0.7264102050667928,4.946204390693442,10.30234074529696,1.7862907390929519
223,QoxB-sfGFP,/Users/reyesmatte/Desktop/copypasta/20260227/processed_masks/C2 - JLG3576_010_R3D_D3D_cp_masks_QoxB.tif,C2 - JLG3576_010_R3D_D3D_cp_masks_QoxB.tif,6,0.6727487689869714,3.2829560122894117,5.585208756484995,0.8660235503848156
224,QoxB-sfGFP,/Users/reyesmatte/Desktop/copypasta/20260227/processed_masks/C2 - JLG3576_010_R3D_D3D_cp_masks_QoxB.tif,C2 - JLG3576_010_R3D_D3D_cp_masks_QoxB.tif,7,0.6702809116445041,3.0272786547830943,5.130455799576788,0.8192190710412456
225,QoxB-sfGFP,/Users/reyesmatte/Desktop/copypasta/20260227/processed_masks/C2 - JLG3576_010_R3D_D3D_cp_masks_QoxB.tif,C2 - JLG3576_010_R3D_D3D_cp_masks_QoxB.tif,8,0.6605619194737116,3.460830745980553,5.831791188332808,0.9001092127620569
226,QoxB-sfGFP,/Users/reyesmatte/Desktop/copypasta/20260227/processed_masks/C2 - JLG3576_010_R3D_D3D_cp_masks_QoxB.tif,C2 - JLG3576_010_R3D_D3D_cp_masks_QoxB.tif,9,0.7092425941473509,3.5503480188134913,7.016349906685367,1.1820317534654539
227,QoxB-sfGFP,/Users/reyesmatte/Desktop/copypasta/20260227/processed_masks/C2 - JLG3576_010_R3D_D3D_cp_masks_QoxB.tif,C2 - JLG3576_010_R3D_D3D_cp_masks_QoxB.tif,10,0.7405032128291015,3.5835473701751037,7.726211860692835,1.362434352449903
228,QoxB-sfGFP,/Users/reyesmatte/Desktop/copypasta/20260227/processed_masks/C2 - JLG3576_010_R3D_D3D_cp_masks_QoxB.tif,C2 - JLG3576_010_R3D_D3D_cp_masks_QoxB.tif,11,0.7648063127514726,4.679788704541896,10.011708840919445,1.8080018761781045
229,QoxB-sfGFP,/Users/reyesmatte/Desktop/copypasta/20260227/processed_masks/C2 - JLG3576_010_R3D_D3D_cp_masks_QoxB.tif,C2 - JLG3576_010_R3D_D3D_cp_masks_QoxB.tif,12,0.7923530254206204,4.525678894137059,10.152579883726297,1.8856016803252547
230,QoxB-sfGFP,/Users/reyesmatte/Desktop/copypasta/20260227/processed_masks/C2 - JLG3576_010_R3D_D3D_cp_masks_QoxB.tif,C2 - JLG3576_010_R3D_D3D_cp_masks_QoxB.tif,15,0.7704184368242858,2.9340843601664943,6.486993539568369,1.132800180824727
231,QoxB-sfGFP,/Users/reyesmatte/Desktop/copypasta/20260227/processed_masks/C2 - JLG3576_010_R3D_D3D_cp_masks_QoxB.tif,C2 - JLG3576_010_R3D_D3D_cp_masks_QoxB.tif,17,0.6031528372797217,2.998300648638388,5.297793682722481,0.7601075237584651
232,QoxB-sfGFP,/Users/reyesmatte/Desktop/copypasta/20260227/processed_masks/C2 - JLG3576_010_R3D_D3D_cp_masks_QoxB.tif,C2 - JLG3576_010_R3D_D3D_cp_masks_QoxB.tif,18,0.760121402470902,2.6380174234114526,5.825999014843849,1.0121653606572982
233,QoxB-sfGFP,/Users/reyesmatte/Desktop/copypasta/20260227/processed_masks/C2 - JLG3576_010_R3D_D3D_cp_masks_QoxB.tif,C2 - JLG3576_010_R3D_D3D_cp_masks_QoxB.tif,19,0.6255767854163937,2.75968696728199,5.105915188262987,0.7375952571459676
234,QoxB-sfGFP,/Users/reyesmatte/Desktop/copypasta/20260227/processed_masks/C2 - JLG3576_010_R3D_D3D_cp_masks_QoxB.tif,C2 - JLG3576_010_R3D_D3D_cp_masks_QoxB.tif,20,0.7540709023799899,3.108524186717662,6.554441377653826,1.1411447889031892
235,QoxB-sfGFP,/Users/reyesmatte/Desktop/copypasta/20260227/processed_masks/C2 - JLG3576_010_R3D_D3D_cp_masks_QoxB.tif,C2 - JLG3576_010_R3D_D3D_cp_masks_QoxB.tif,21,0.6302668453727799,3.2877641449481683,6.1018131869781636,0.938684945489546
236,QoxB-sfGFP,/Users/reyesmatte/Desktop/copypasta/20260227/processed_masks/C2 - JLG3576_010_R3D_D3D_cp_masks_QoxB.tif,C2 - JLG3576_010_R3D_D3D_cp_masks_QoxB.tif,22,0.7202839703764677,2.778083873865323,6.119063162377309,1.0110413569253078
