,Method,Length
1072,FP2FM,4.119931163996419
1073,FP2FM,5.208544164799447
1074,FP2FM,4.003412248574169
1075,FP2FM,4.477623677334882
1076,FP2FM,4.115290635188444
1077,FP2FM,4.517137970903345
1078,FP2FM,7.791444499463834
1079,FP2FM,5.252284145308807
1080,FP2FM,4.484642176017409
1081,FP2FM,8.661260655672653
1082,FP2FM,4.07358763043594
1083,FP2FM,5.455309303174895
1084,FP2FM,10.270207322242635
1085,FP2FM,4.72810003115319
1086,FP2FM,8.193631389876279
1087,FP2FM,4.938235627130967
1088,FP2FM,2.729233951889629
1089,FP2FM,4.5296889893391885
1090,FP2FM,4.318690580380873
1091,FP2FM,0.5426510387296086
1092,FP2FM,4.5676304660562055
1093,FP2FM,4.212295133172222
1094,FP2FM,4.005938797704573
1095,FP2FM,2.9739087895513903
1096,FP2FM,4.508038355197931
1097,FP2FM,4.546699183482924
1098,FP2FM,4.866914711918421
1099,FP2FM,5.149446030736071
1100,FP2FM,4.084942978916066
1101,FP2FM,6.130927037378552
1102,FP2FM,5.0809950130503045
1103,FP2FM,4.712263269745031
1104,FP2FM,8.877541918515423
1105,FP2FM,4.592096528302337
1106,FP2FM,4.688647141268405
1107,FP2FM,4.382115631108132
1108,FP2FM,5.09046508425781
1109,FP2FM,8.662648781337296
1110,FP2FM,4.685900891681382
1111,FP2FM,5.107489278550007
1112,FP2FM,6.340628950283494
1113,FP2FM,3.98194297964696
1114,FP2FM,3.1021779897280943
1115,FP2FM,3.1255359801977876
1116,FP2FM,3.1251862125795813
1117,FP2FM,3.369242178688826
1118,FP2FM,3.7797387044102466
1119,FP2FM,3.4046984662933566
1120,FP2FM,8.234509547826395
1121,FP2FM,4.461716614343475
1122,FP2FM,6.885738233583447
1123,FP2FM,5.134259262562895
1124,FP2FM,4.205646337088174
1125,FP2FM,4.32356560204739
1126,FP2FM,6.377832206757621
1127,FP2FM,9.099579557440547
1128,FP2FM,4.7125130061480425
1130,FP2FM,3.8252708098368684
1131,FP2FM,10.473303658958836
1132,FP2FM,3.4631304302928907
1133,FP2FM,3.981131551513104
1134,FP2FM,4.984394540038797
1135,FP2FM,6.68584365307708
1136,FP2FM,4.070438804998014
1137,FP2FM,3.949905892470805
1138,FP2FM,5.183077966398862
1139,FP2FM,4.76705211265916
1140,FP2FM,6.310929894198346
1141,FP2FM,7.641074310925456
1142,FP2FM,5.861099365165253
1143,FP2FM,6.73095748798953
1144,FP2FM,6.1023165553241
1145,FP2FM,7.842931137562894
1146,FP2FM,4.902355451105273
1147,FP2FM,5.011919506902261
1148,FP2FM,3.8479263426025456
1149,FP2FM,8.439198441908077
1150,FP2FM,5.189559757791601
1151,FP2FM,0.6716354137296087
1152,FP2FM,3.3811187168634658
1153,FP2FM,5.1355803334557155
1154,FP2FM,4.857495542187999
1155,FP2FM,4.218255867210511
1156,FP2FM,7.813578896290083
1157,FP2FM,7.707304425546994
1158,FP2FM,8.101200488480936
1159,FP2FM,6.314564011741115
1160,FP2FM,4.302285406295704
1161,FP2FM,4.386255123158648
1162,FP2FM,4.461975248646057
1163,FP2FM,4.2670641929359405
1164,FP2FM,10.035803285534318
1165,FP2FM,3.787006868961636
1166,FP2FM,4.550271897342014
1167,FP2FM,5.084143838488231
1168,FP2FM,5.492488483191144
1169,FP2FM,5.0703688275688945
1170,FP2FM,4.893676868373257
1171,FP2FM,5.885223864347472
1172,FP2FM,4.986916557995515
1173,FP2FM,1.6782100556398556
1174,FP2FM,7.497599750182823
1175,FP2FM,4.709766756561019
1176,FP2FM,4.80139637121179
1177,FP2FM,3.9135554347588237
1178,FP2FM,4.0942683211691815
1179,FP2FM,4.997358122824277
1180,FP2FM,7.372341122336868
1181,FP2FM,4.7583494548976555
1182,FP2FM,8.306691432661145
1183,FP2FM,4.005928906129369
1184,FP2FM,3.9075241419019617
1185,FP2FM,4.468050164130301
1186,FP2FM,4.17902860471452
1187,FP2FM,7.00830459057708
1188,FP2FM,4.163905488709805
1189,FP2FM,6.389309881148042
1190,FP2FM,4.864612235420625
1191,FP2FM,4.950464251942744
1192,FP2FM,4.468435727468535
1193,FP2FM,7.174607377217838
1194,FP2FM,4.050007881006049
1195,FP2FM,3.164422421046871
1196,FP2FM,3.996131860150461
1197,FP2FM,5.625519469549402
1198,FP2FM,6.07935883846544
1199,FP2FM,6.568735816251721
1200,FP2FM,3.21812758360726
1202,FP2FM,5.8981099658569125
1203,FP2FM,9.290877220187244
1204,FP2FM,5.885499511162722
1205,FP2FM,8.23458404161209
1206,FP2FM,7.358105874287896
1207,FP2FM,7.381093665863461
1208,FP2FM,8.666518454581897
1209,FP2FM,7.1594442406338565
1210,FP2FM,4.101960472106951
1211,FP2FM,4.603724029776441
1212,FP2FM,4.2167458498012325
1213,FP2FM,6.325167425999173
1214,FP2FM,7.933392457249316
1215,FP2FM,4.024304947065395
1216,FP2FM,3.5362392287411977
1217,FP2FM,6.432783877618376
1218,FP2FM,7.137988500813495
1219,FP2FM,4.284051308478928
1220,FP2FM,7.596027497603677
1221,FP2FM,5.56934614250316
1222,FP2FM,6.947951002190764
1223,FP2FM,5.660546697780383
1224,FP2FM,5.758076558408491
1225,FP2FM,7.914042889427052
1226,FP2FM,7.7066535430363
1227,FP2FM,6.545170622824277
1228,FP2FM,5.196229432106177
1229,FP2FM,5.195780488709803
1230,FP2FM,6.132754311787898
1231,FP2FM,5.3303087780687965
1232,FP2FM,7.890902064556531
1233,FP2FM,6.5114900005970835
1235,FP2FM,8.579870166926357
1236,FP2FM,9.369128332065092
1237,FP2FM,7.996484554211476
1238,FP2FM,5.010970305796989
1239,FP2FM,8.14546092864407
1240,FP2FM,4.96874611134997
1241,FP2FM,7.4897750951912405
1242,FP2FM,9.314476336151206
1243,FP2FM,5.060575382791601
1244,FP2FM,10.179129006505738
1245,FP2FM,4.424896135112078
1246,FP2FM,6.291809996542549
1247,FP2FM,9.449942502543944
1248,FP2FM,4.011146381148564
1249,FP2FM,2.9730610127090618
1250,FP2FM,4.134963733726806
1251,FP2FM,4.131598026543201
1252,FP2FM,8.554430577212093
1253,FP2FM,8.703712231565568
1254,FP2FM,8.40974864209018
1255,FP2FM,4.5837626574300225
1256,FP2FM,6.953841403556205
1257,FP2FM,4.507486041502418
1258,FP2FM,5.088401021107259
1259,FP2FM,11.47566695008104
1260,FP2FM,4.530172752024178
1261,FP2FM,5.3297399155942875
1262,FP2FM,4.77418250423913
1263,FP2FM,5.835181168028013
1264,FP2FM,7.691330770240725
1265,FP2FM,7.293058077642041
1266,FP2FM,7.09068533313489
1267,FP2FM,5.205233241455636
1268,FP2FM,2.963597897484531
1269,FP2FM,7.053335764311978
1271,FP2FM,6.863284277513826
1272,FP2FM,7.947846125174538
1273,FP2FM,8.169863500813495
1274,FP2FM,7.522706102569866
1275,FP2FM,5.759112218172652
1276,FP2FM,3.9340946358353537
1277,FP2FM,2.232773981252574
1278,FP2FM,1.4169296522553037
1279,FP2FM,4.602778951660765
1281,FP2FM,1.1765078036888257
1282,FP2FM,1.2677135299184346
1283,FP2FM,8.492300111950632
1285,FP2FM,6.270705417388143
1286,FP2FM,6.709459781553705
1287,FP2FM,7.810386211243872
1288,FP2FM,6.88279469690826
1289,FP2FM,5.610921736762947
1290,FP2FM,5.756993707321397
1291,FP2FM,5.494386955935843
1292,FP2FM,5.168704465242711
1293,FP2FM,9.478453089755304
1294,FP2FM,7.255371058482924
1295,FP2FM,4.34762869754593
1296,FP2FM,4.645274569061018
1297,FP2FM,3.8298541284849117
1298,FP2FM,4.4969062235664765
1299,FP2FM,7.0834252473103465
1300,FP2FM,6.590725794737682
1301,FP2FM,6.395289355809305
1302,FP2FM,5.980381285286259
1303,FP2FM,5.24222551706738
1304,FP2FM,5.346532599053886
1305,FP2FM,5.722420614013103
1306,FP2FM,6.54742426568891
1307,FP2FM,0.7628411399592173
1308,FP2FM,7.022442086233901
1309,FP2FM,6.871751379573499
1310,FP2FM,7.158307086072596
1311,FP2FM,7.5184111816950345
1312,FP2FM,6.304725328715101
1313,FP2FM,4.673486767143649
1314,FP2FM,4.73212095836791
1315,FP2FM,5.391579412375665
1316,FP2FM,3.2425494630128475
1317,FP2FM,4.1041708424101495
1318,FP2FM,4.2950493969290395
1319,FP2FM,4.242187723267351
1320,FP2FM,7.674471830067108
1321,FP2FM,3.720253723979453
1322,FP2FM,9.16124634059822
1323,FP2FM,7.496872601545749
1324,FP2FM,4.072174449796086
1325,FP2FM,3.7497135122960863
1326,FP2FM,7.944553373646055
1327,FP2FM,5.680845019753315
1328,FP2FM,7.056707436340456
1329,FP2FM,5.91020175827901
1330,FP2FM,8.137849361563706
1331,FP2FM,8.092239196416852
1332,FP2FM,8.704546839755302
1333,FP2FM,8.515816423849971
1334,FP2FM,5.369474247269308
1335,FP2FM,4.511294311063339
1336,FP2FM,4.12511623515046
1337,FP2FM,6.075555343814494
1338,FP2FM,6.090503745017178
1339,FP2FM,6.369391438737299
1340,FP2FM,6.418775287371665
1341,FP2FM,5.764754216419451
1342,FP2FM,1.8573098547145206
1343,FP2FM,6.05467173402121
1345,FP2FM,5.538718594434327
1346,FP2FM,6.043606623980426
1347,FP2FM,3.667766499928442
1348,FP2FM,2.669122417717742
1349,FP2FM,5.162222673849971
1351,FP2FM,4.281263092276441
1352,FP2FM,6.578576933809009
1353,FP2FM,5.777123099140758
1354,FP2FM,5.163958318648042
1355,FP2FM,8.026429634632954
1357,FP2FM,7.3144321504925545
1358,FP2FM,8.756075444469822
1359,FP2FM,5.971846271929038
1360,FP2FM,5.568045780731927
1361,FP2FM,8.110117459908162
1362,FP2FM,11.472058490418158
1364,FP2FM,4.92513427137407
1365,FP2FM,4.659319954970805
1366,FP2FM,6.198589362886739
1367,FP2FM,9.206974061181299
1368,FP2FM,5.205059944874513
1369,FP2FM,4.800548594369465
1370,FP2FM,6.066753137292086
1371,FP2FM,11.495201003130518
1372,FP2FM,4.93680113392085
1373,FP2FM,8.317754350730398
1374,FP2FM,6.666561106845484
1375,FP2FM,6.638413074905761
1376,FP2FM,7.17916564089067
1377,FP2FM,5.379775070692505
1378,FP2FM,4.65296662203357
1379,FP2FM,3.8483502310237094
1380,FP2FM,5.704710884632954
1381,FP2FM,5.052108280731928
1382,FP2FM,5.839164007950817
1383,FP2FM,6.299216183970334
1384,FP2FM,4.92157659365319
1385,FP2FM,7.97431424301649
1386,FP2FM,3.374463628889603
1387,FP2FM,7.889299021777491
1388,FP2FM,5.429893239015991
1389,FP2FM,3.8363359198776514
1390,FP2FM,6.419758961683368
1391,FP2FM,5.496697922496026
1392,FP2FM,6.575683869502507
1393,FP2FM,4.704295569957231
1395,FP2FM,1.895088503484912
1396,FP2FM,1.7206164021153338
1397,FP2FM,5.468872354714519
1398,FP2FM,6.020596471871811
1399,FP2FM,5.339289239572728
1400,FP2FM,6.495102046430844
1401,FP2FM,3.194529659823134
1402,FP2FM,3.033817658403346
1403,FP2FM,9.934326780829792
1404,FP2FM,5.9633791698693654
1405,FP2FM,5.670371299739831
1406,FP2FM,2.329686449787802
1407,FP2FM,2.8735364260256944
1408,FP2FM,5.951777352538796
1409,FP2FM,5.389543166659549
1410,FP2FM,3.9352405797007854
1411,FP2FM,4.969572575622036
1412,FP2FM,4.696614841056205
1413,FP2FM,5.784790097138099
1414,FP2FM,4.5238317216757995
1415,FP2FM,5.188711980949274
1416,FP2FM,5.321564499774023
1417,FP2FM,4.472902585715423
1418,FP2FM,4.103496362148946
1419,FP2FM,5.360953491631284
1420,FP2FM,4.702397097212534
1421,FP2FM,5.756394238567255
1422,FP2FM,7.0109186850996785
1423,FP2FM,4.671263067781509
1424,FP2FM,6.583597871781899
1425,FP2FM,4.630636745161146
1426,FP2FM,6.2262059593614785
1428,FP2FM,4.940833635112078
1429,FP2FM,4.878326758279011
1430,FP2FM,4.020488635041931
1431,FP2FM,11.223213371317303
1432,FP2FM,4.551844264395963
1433,FP2FM,4.252917703001057
1434,FP2FM,6.894544755844744
1435,FP2FM,7.231904127921657
1436,FP2FM,3.8767994145513884
1437,FP2FM,4.819367161066476
1438,FP2FM,5.363414355809305
1439,FP2FM,5.317313040098593
1440,FP2FM,6.109000144674797
1441,FP2FM,11.23212463657999
1442,FP2FM,5.183802556610483
1443,FP2FM,5.343199633099072
1444,FP2FM,6.545794168036297
1445,FP2FM,6.266333329507465
1446,FP2FM,5.003615682586713
1447,FP2FM,5.141828098566477
1448,FP2FM,7.824597862970725
1449,FP2FM,5.001682807169739
1450,FP2FM,6.256528560658646
1451,FP2FM,5.586195163283801
1452,FP2FM,5.311430717459994
1455,FP2FM,8.410372187302201
1456,FP2FM,6.161349298635569
1457,FP2FM,6.968652524037201
1458,FP2FM,7.668902232992972
1459,FP2FM,3.854564371825026
1461,FP2FM,3.1250233846329545
1462,FP2FM,4.4469182099845295
1463,FP2FM,2.326302068648043
1465,FP2FM,3.1761569378731123
1467,FP2FM,5.5439443601504586
1468,FP2FM,5.56487564272374
1469,FP2FM,5.509945632242828
1470,FP2FM,5.171926018435843
1471,FP2FM,4.565133952872193
1472,FP2FM,4.78561948406746
1473,FP2FM,7.3414431287434345
1474,FP2FM,5.028817808148555
1475,FP2FM,6.248775104002416
1476,FP2FM,6.002107019745029
1477,FP2FM,4.9028638096969
1478,FP2FM,4.55049612897232
1479,FP2FM,5.929047663703088
1480,FP2FM,5.018213415373166
1481,FP2FM,5.510881632047143
1482,FP2FM,4.951847810103678
1483,FP2FM,5.820894504794099
1484,FP2FM,4.884384661250587
1485,FP2FM,5.000930836683367
1486,FP2FM,6.335984227951772
1487,FP2FM,5.365886343620833
1488,FP2FM,4.902334138535012
1489,FP2FM,4.2234518728242785
1490,FP2FM,6.980906102951772
1491,FP2FM,4.99483658500332
1492,FP2FM,5.8580250335130195
1493,FP2FM,4.368084676513103
1494,FP2FM,6.972388065842917
1495,FP2FM,5.869671688969209
1496,FP2FM,6.291723787788641
1497,FP2FM,5.555494762296085
1498,FP2FM,5.7927464728543745
1499,FP2FM,7.628574227538797
1500,FP2FM,5.237617143444128
1501,FP2FM,4.972047402255824
1502,FP2FM,7.595979033956984
1503,FP2FM,5.398061203768404
1504,FP2FM,5.267015528077081
1505,FP2FM,4.829288016336487
1506,FP2FM,6.988072843240212
1507,FP2FM,8.113744856504765
1508,FP2FM,5.6950589552320245
1509,FP2FM,4.4754268859956055
1510,FP2FM,4.599177059836868
1511,FP2FM,5.63944211862598
1512,FP2FM,5.48054119363576
1513,FP2FM,8.97816401844413
1514,FP2FM,5.997288145395155
1515,FP2FM,6.881157284638097
1516,FP2FM,9.627970293145976
1517,FP2FM,5.206483114013103
1518,FP2FM,5.05859007212467
1519,FP2FM,10.408461643863312
1520,FP2FM,6.027171822132954
1521,FP2FM,6.581453374700874
1522,FP2FM,7.911295282059351
1523,FP2FM,4.778491102043102
1524,FP2FM,6.456001622446542
1525,FP2FM,5.630081475627182
1526,FP2FM,5.068073467414436
1527,FP2FM,4.736707289380158
1528,FP2FM,5.504752530740213
1529,FP2FM,4.836985260835353
1530,FP2FM,6.529758229973043
1531,FP2FM,6.786867149018451
1532,FP2FM,5.778394764404248
1533,FP2FM,5.73617056995723
1534,FP2FM,5.003778510533339
1535,FP2FM,6.26481301844013
1536,FP2FM,6.300789000821778
1537,FP2FM,7.151604325318735
1538,FP2FM,4.7426109260174085
1539,FP2FM,6.654648219962377
1540,FP2FM,7.1876436877585235
1541,FP2FM,5.03798444544464
1542,FP2FM,7.751725411333284
1543,FP2FM,6.665611905740212
1544,FP2FM,6.3718592330250825
1545,FP2FM,7.047885905736216
1546,FP2FM,4.893780203836487
1547,FP2FM,5.68589231793594
1548,FP2FM,6.516607742783059
1549,FP2FM,5.528781223566477
1550,FP2FM,5.622186503594587
1551,FP2FM,6.4816276364295495
1552,FP2FM,6.8928492021600904
1553,FP2FM,5.886541238631372
1554,FP2FM,6.639684740169251
1555,FP2FM,7.731285964743019
1556,FP2FM,5.231524988525954
1557,FP2FM,5.943234260454731
1558,FP2FM,6.615843930264822
1559,FP2FM,5.097592713378554
1560,FP2FM,7.233411424484968
1561,FP2FM,6.980350990720742
1562,FP2FM,5.399311556461632
1563,FP2FM,6.711358254298404
1564,FP2FM,7.337410147416447
1565,FP2FM,6.004980198367709
1566,FP2FM,5.618874850210034
1567,FP2FM,1.8580093899509325
1568,FP2FM,7.105659281562512
1569,FP2FM,7.461163083716935
1570,FP2FM,6.270345538193443
1571,FP2FM,5.8029164003218625
1572,FP2FM,6.225170299597316
1573,FP2FM,5.55690794293594
1574,FP2FM,5.740591060658646
1575,FP2FM,1.6168880061480433
1576,FP2FM,3.1579576542807657
1577,FP2FM,4.367921848566477
1578,FP2FM,6.416809793036298
1579,FP2FM,6.31532859219374
1580,FP2FM,5.842014120086712
1581,FP2FM,5.500357095014006
1582,FP2FM,5.443108017090183
1583,FP2FM,5.981200792146959
1584,FP2FM,6.65250008134882
1585,FP2FM,4.629386872603678
1586,FP2FM,4.8063077719250415
1587,FP2FM,3.4256797579446414
1588,FP2FM,4.993137288913719
1589,FP2FM,3.6910591397008847
1590,FP2FM,4.628488571280512
1591,FP2FM,8.19036996899443
1592,FP2FM,4.581593809694875
1593,FP2FM,4.098955010116365
1594,FP2FM,8.770084022602562
1595,FP2FM,4.402858441393889
1596,FP2FM,5.7958552071788825
1597,FP2FM,4.356257269771551
1598,FP2FM,5.667095063809188
1599,FP2FM,8.730148278898858
1600,FP2FM,5.4906150654216574
1601,FP2FM,4.0742723544328925
1602,FP2FM,8.80396993164157
1603,FP2FM,5.982936436945031
1604,FP2FM,8.060574165860574
1605,FP2FM,4.380472867002321
1606,FP2FM,7.78221084057708
1607,FP2FM,1.245083907564996
1608,FP2FM,7.295767978520595
1609,FP2FM,3.7727929334829264
1610,FP2FM,2.430542575998486
1611,FP2FM,6.8495890043072105
1612,FP2FM,4.1127136845892345
1613,FP2FM,8.540634252294106
1615,FP2FM,3.2226745535468333
1616,FP2FM,4.9044044643768725
1617,FP2FM,4.3601804294249895
1618,FP2FM,5.076386639427053
1619,FP2FM,8.988928457032715
1620,FP2FM,7.839339057169738
1621,FP2FM,4.776592629298406
1622,FP2FM,5.2677308266356615
1623,FP2FM,5.450181198510223
1624,FP2FM,10.487810360299312
1626,FP2FM,4.943768217418434
1627,FP2FM,8.906737615294512
1628,FP2FM,6.4114401012296085
1629,FP2FM,7.406672557968993
1631,FP2FM,4.871801547925154
1632,FP2FM,4.738098805704719
1634,FP2FM,6.5657478302719925
1635,FP2FM,8.095064227733195
1636,FP2FM,4.052418684241468
1637,FP2FM,6.649865902231408
1638,FP2FM,3.5484834931398552
1639,FP2FM,4.59730364206738
1640,FP2FM,4.056597219442613
1641,FP2FM,4.908699469526597
1642,FP2FM,3.79080381445103
1643,FP2FM,3.684831287999237
1644,FP2FM,4.693633035767351
1645,FP2FM,8.145323155672653
1646,FP2FM,4.308901660622985
1648,FP2FM,9.298690134490961
1649,FP2FM,5.04220575949096
1650,FP2FM,7.80047477969726
1651,FP2FM,7.248510333464204
1652,FP2FM,4.098500479151266
1653,FP2FM,8.057313927660966
1654,FP2FM,5.287410103360576
1655,FP2FM,4.820479190118377
1656,FP2FM,3.9578023939232527
1658,FP2FM,4.769324464747019
1659,FP2FM,6.286977641193971
1660,FP2FM,4.870895765780995
1661,FP2FM,9.264303866870636
1662,FP2FM,4.939256097105743
1663,FP2FM,7.757395774592171
1665,FP2FM,7.259005176025694
1666,FP2FM,7.819599452550623
1667,FP2FM,8.398570814053192
1668,FP2FM,3.0899546367411177
1669,FP2FM,3.280625492006608
1670,FP2FM,6.96794252016629
1671,FP2FM,6.655333168858076
1672,FP2FM,5.597444165364881
1673,FP2FM,9.011522176513104
1674,FP2FM,6.753183514427051
1675,FP2FM,5.8038843106503615
1676,FP2FM,7.697649733686839
1677,FP2FM,5.098516859508618
1678,FP2FM,5.361006166692305
1679,FP2FM,6.005005253342917
1680,FP2FM,6.247325574654092
1681,FP2FM,5.154306389247115
1682,FP2FM,3.856131026407004
1683,FP2FM,5.172016118627265
1684,FP2FM,7.541814046985814
1685,FP2FM,9.772927115045736
1686,FP2FM,3.7668729043551807
1687,FP2FM,5.885438107479041
1688,FP2FM,3.769500540098594
1689,FP2FM,7.669037722212531
1690,FP2FM,3.745130193648044
1691,FP2FM,1.2474454338730958
1692,FP2FM,2.2314895636027314
1693,FP2FM,1.8080422074821831
1694,FP2FM,5.698267756038804
1695,FP2FM,2.649574434281901
1696,FP2FM,0.5295519652961755
1697,FP2FM,1.7237421610664778
1698,FP2FM,7.300906906314493
1699,FP2FM,3.916270253891659
1700,FP2FM,7.910245943937655
1701,FP2FM,2.944069491870638
1702,FP2FM,2.670831822545932
1703,FP2FM,8.593483174997834
1704,FP2FM,4.648807191806689
1705,FP2FM,9.1234896364232
1706,FP2FM,6.294470037375664
1707,FP2FM,6.067117869517125
1708,FP2FM,7.348652062501832
1709,FP2FM,6.120118811067625
1710,FP2FM,5.292127920210234
1711,FP2FM,5.81360502767245
1712,FP2FM,6.143298971203332
1713,FP2FM,6.42141816665955
1714,FP2FM,5.496372266602774
1715,FP2FM,5.1033342749727915
1716,FP2FM,1.2787786399592174
1717,FP2FM,5.876974272971939
1718,FP2FM,5.1198607064315365
1719,FP2FM,4.365987027113309
1720,FP2FM,7.383406232377651
1721,FP2FM,4.249615074232832
1722,FP2FM,4.125697780565865
1723,FP2FM,6.869089120021177
1724,FP2FM,3.5833380282383875
1725,FP2FM,5.251581342519826
1726,FP2FM,4.624778498980428
1727,FP2FM,2.8918697006178675
1728,FP2FM,5.025259251354367
1729,FP2FM,5.125067570291601
1730,FP2FM,4.344592690976627
1731,FP2FM,7.7166065534910295
1732,FP2FM,5.090230572099173
1733,FP2FM,5.527857006902262
1734,FP2FM,4.795501296186839
1735,FP2FM,6.217014267090184
1736,FP2FM,4.124855174675924
1737,FP2FM,4.237135254132341
1738,FP2FM,4.938072799184341
1739,FP2FM,4.373316595348376
1740,FP2FM,4.072113046112407
1741,FP2FM,4.787657739339189
1742,FP2FM,4.7171675231314385
1743,FP2FM,6.467490620908491
1744,FP2FM,5.133706456617652
1745,FP2FM,5.068356906787248
1746,FP2FM,5.132220548222593
1747,FP2FM,6.207684801847472
1748,FP2FM,9.958836549758622
1749,FP2FM,3.4668682926274954
1750,FP2FM,8.558157078698143
1751,FP2FM,5.241715169987329
1752,FP2FM,5.398061203768406
1753,FP2FM,5.062458215949417
1754,FP2FM,5.308805365468438
1755,FP2FM,4.3907448829382885
1756,FP2FM,1.8748567561480434
1757,FP2FM,4.493493439505867
1758,FP2FM,1.8637916461072606
1760,FP2FM,6.523570389086331
1761,FP2FM,5.09775456280785
1762,FP2FM,1.49853210038131
1764,FP2FM,4.616336451895963
1765,FP2FM,8.103007331614359
1766,FP2FM,3.2512615100459303
1767,FP2FM,5.224530323591734
1768,FP2FM,1.909509645967291
1769,FP2FM,3.9550666129707257
1770,FP2FM,3.9644111143516456
1771,FP2FM,1.7172854246489457
1772,FP2FM,5.154306389247115
1774,FP2FM,3.7402971385969908
1775,FP2FM,3.303014346390755
1776,FP2FM,2.653509152742713
1778,FP2FM,1.310829715310793
1779,FP2FM,3.838924959425041
1780,FP2FM,7.293936080411961
1781,FP2FM,7.354436339291216
1782,FP2FM,6.3635969587086505
1783,FP2FM,6.304887027364978
1784,FP2FM,6.317365318045614
1785,FP2FM,6.328291925074241
1786,FP2FM,8.04855985471452
1787,FP2FM,6.610286355536297
1788,FP2FM,5.875571934946544
1789,FP2FM,7.8624477100764665
1790,FP2FM,5.690520015641026
1791,FP2FM,4.292086465924522
1792,FP2FM,5.511789398287691
1793,FP2FM,5.471560212982071
1794,FP2FM,5.173124955944127
1795,FP2FM,5.115114559836869
1796,FP2FM,4.278202030731928
1797,FP2FM,4.999557676622779
1798,FP2FM,4.3761793053365565
1799,FP2FM,4.406511925470726
1800,FP2FM,3.9196923830950747
1801,FP2FM,4.1987609497795155
1802,FP2FM,5.364865873646057
1803,FP2FM,4.537394773215422
1804,FP2FM,5.346369771107259
1805,FP2FM,5.14356936127154
1806,FP2FM,7.726885290373165
1807,FP2FM,7.020069235854276
1808,FP2FM,7.288637586940624
1809,FP2FM,7.9738851836429445
1810,FP2FM,7.545997741321204
1811,FP2FM,1.3369518640131037
1812,FP2FM,2.933445294877652
1813,FP2FM,4.915156205944127
1814,FP2FM,8.871846500281327
1815,FP2FM,4.991825532536811
1816,FP2FM,5.05347004618684
1817,FP2FM,7.897807744370437
1818,FP2FM,6.723510855904634
1819,FP2FM,6.837904562063392
1820,FP2FM,6.057583823919066
1821,FP2FM,5.431093705944128
1822,FP2FM,5.158889707895156
1823,FP2FM,5.027293214747018
1825,FP2FM,8.39285034084389
1826,FP2FM,4.654675729553909
1827,FP2FM,5.680845019753315
1828,FP2FM,4.070975512287801
1829,FP2FM,4.605173559124767
1830,FP2FM,3.970047098969083
1831,FP2FM,10.444723802669253
1832,FP2FM,9.083119700617862
1833,FP2FM,4.40250728072793
1834,FP2FM,7.857626622354924
1835,FP2FM,5.099853670860735
1836,FP2FM,7.8465137536154925
1837,FP2FM,7.475292939797185
1838,FP2FM,8.422847854481342
1839,FP2FM,4.695107620090885
1840,FP2FM,10.330559017337471
1841,FP2FM,7.063655195756206
1843,FP2FM,1.8652742607793675
1844,FP2FM,4.693767167206235
1845,FP2FM,7.372520206947932
1846,FP2FM,8.583969318934214
1847,FP2FM,6.2881510739295505
1848,FP2FM,5.3596344349465435
1849,FP2FM,5.599342638109579
1850,FP2FM,4.369292050892385
1851,FP2FM,5.076136973558192
1852,FP2FM,4.272867772010983
1853,FP2FM,5.752518533882469
1854,FP2FM,5.679562992011124
1855,FP2FM,6.258365629719664
1856,FP2FM,4.494546783651405
1857,FP2FM,4.687636536479453
1858,FP2FM,4.9825211222693095
1859,FP2FM,5.624570268444127
1860,FP2FM,4.979673448419337
1861,FP2FM,5.797129884806579
1862,FP2FM,4.8397617363499705
1863,FP2FM,8.074243084887879
1864,FP2FM,4.797991158958835
1865,FP2FM,6.119366840581256
1866,FP2FM,6.468501225697443
1867,FP2FM,6.607444299593318
1868,FP2FM,5.7080937363528585
1869,FP2FM,5.76871778002811
1870,FP2FM,5.65619745537454
1871,FP2FM,5.772514725517506
1872,FP2FM,6.467111111544369
1873,FP2FM,5.624570268444128
1874,FP2FM,4.300907393204778
1875,FP2FM,5.291304719487722
1876,FP2FM,5.356949589043198
1877,FP2FM,5.063687379385296
1878,FP2FM,5.441673523880068
1879,FP2FM,6.683913025147661
1880,FP2FM,4.506235688809189
1881,FP2FM,6.669734257217878
1882,FP2FM,4.4377837278731675
1883,FP2FM,4.501652370161145
1884,FP2FM,3.9699036135256947
1885,FP2FM,5.0448385867606875
1886,FP2FM,4.604546751643558
1887,FP2FM,4.371657390372192
1888,FP2FM,3.8444664476120787
1889,FP2FM,4.721679643444127
1890,FP2FM,5.934838356730412
1891,FP2FM,5.831409277513827
1892,FP2FM,3.995416685327166
1893,FP2FM,4.392736914551388
1894,FP2FM,5.632164088888768
1895,FP2FM,4.257897555639856
1896,FP2FM,5.858673153564491
1897,FP2FM,4.608343697132954
1898,FP2FM,4.391889137709062
1899,FP2FM,5.33237007876012
1900,FP2FM,4.575311194957232
1901,FP2FM,5.313500096878164
1902,FP2FM,8.748465913904145
1903,FP2FM,4.58431500430669
1904,FP2FM,4.9296056971246704
1905,FP2FM,4.932290543028015
1906,FP2FM,4.7518322460510065
1907,FP2FM,4.519323414534818
1908,FP2FM,6.708075297421592
1909,FP2FM,4.485341711253822
1910,FP2FM,2.8846015360664774
1911,FP2FM,7.475065505128988
1913,FP2FM,4.640727629459711
1914,FP2FM,4.284611094369464
1915,FP2FM,5.587903648725634
1916,FP2FM,6.072381463401357
1917,FP2FM,6.093904136001939
1918,FP2FM,5.700938994118766
1919,FP2FM,6.128533477877338
1920,FP2FM,6.593790150005146
1921,FP2FM,2.4742465257214215
1922,FP2FM,1.2096073274552193
1923,FP2FM,5.076088320832474
1924,FP2FM,5.414184936063338
1925,FP2FM,5.135871619857847
1926,FP2FM,5.848143221393642
1927,FP2FM,4.58653913294464
1928,FP2FM,5.0989808390431985
1929,FP2FM,5.157769778058851
1930,FP2FM,4.980565439364678
1931,FP2FM,5.598846021933211
1932,FP2FM,5.697720491832173
1933,FP2FM,8.547642994024612
1934,FP2FM,6.33015523027001
1935,FP2FM,6.122960867010604
1936,FP2FM,6.034970987809594
1937,FP2FM,6.224757067461282
1938,FP2FM,4.391001269753317
1939,FP2FM,4.597112029355468
1940,FP2FM,7.02015607377651
1941,FP2FM,6.1767136003630725
1942,FP2FM,4.592746682200681
1943,FP2FM,5.538162103994132
1944,FP2FM,5.08840102110726
1945,FP2FM,5.376467690976625
1946,FP2FM,5.2524177952906275
1947,FP2FM,5.529535441540401
1948,FP2FM,5.472770724466862
1949,FP2FM,5.505078186633465
1950,FP2FM,5.01186229674233
1951,FP2FM,5.49241575543594
1952,FP2FM,3.405509894427214
1953,FP2FM,5.901499100517507
1954,FP2FM,4.579759024385712
1955,FP2FM,4.319643493552832
1956,FP2FM,6.627148308074122
1957,FP2FM,4.387305819061019
1958,FP2FM,3.207225301513104
1959,FP2FM,6.098109452317224
1960,FP2FM,6.523146500665166
1961,FP2FM,6.863997442781507
1962,FP2FM,4.715222907026597
1963,FP2FM,5.162084900878555
1964,FP2FM,1.400857335145314
1965,FP2FM,3.8837380951281197
1966,FP2FM,6.780384379449983
1967,FP2FM,4.235744256957539
1968,FP2FM,5.531042181048657
1969,FP2FM,3.9602516841247666
1970,FP2FM,6.173217806461634
1971,FP2FM,6.059881860150459
1972,FP2FM,5.511269755218696
1973,FP2FM,3.869813237027156
1974,FP2FM,4.486039374558064
1975,FP2FM,4.397088936195523
1976,FP2FM,8.290554449598288
1977,FP2FM,7.915879958488069
1978,FP2FM,6.000263229737844
1979,FP2FM,5.792119665373167
1980,FP2FM,6.075066309304703
1981,FP2FM,7.478245071648784
1982,FP2FM,6.564154781355533
1983,FP2FM,4.445740103589441
1984,FP2FM,6.045692979646959
1985,FP2FM,6.112058584916447
1986,FP2FM,4.929231817781508
1987,FP2FM,4.833871334984529
1988,FP2FM,2.7602004797145203
1989,FP2FM,5.239074703141026
1990,FP2FM,1.9457349286848282
1991,FP2FM,2.6846431821737387
1992,FP2FM,6.078639023163793
1993,FP2FM,5.580524071412565
1994,FP2FM,5.526221878383957
1995,FP2FM,6.381715990169251
1996,FP2FM,4.4007592970767
1997,FP2FM,4.9438394157537875
1998,FP2FM,4.7483317784900585
1999,FP2FM,5.601403938800903
2000,FP2FM,6.074953591308494
2001,FP2FM,6.384313998150363
2002,FP2FM,4.701035331757622
2003,FP2FM,9.504038889311978
2004,FP2FM,5.6418641397516875
2005,FP2FM,5.642404140764425
2006,FP2FM,5.7603625708658805
2007,FP2FM,5.608860436071622
2008,FP2FM,4.555079447620363
2009,FP2FM,5.801313641396316
2010,FP2FM,3.2836534423829953
2011,FP2FM,3.854694249445031
2012,FP2FM,5.640381525079579
2013,FP2FM,8.91514634473351
2014,FP2FM,6.606353919398949
2015,FP2FM,4.70144789610726
2016,FP2FM,6.480841743406662
2017,FP2FM,8.758437826214946
2018,FP2FM,4.2552854374917155
2019,FP2FM,6.869091588645364
2020,FP2FM,6.842125395973952
2021,FP2FM,4.249358607119318
2022,FP2FM,5.183016183451835
2023,FP2FM,4.625992022829424
2024,FP2FM,6.338730477538797
2025,FP2FM,5.55169781680669
2026,FP2FM,9.010940063270668
2027,FP2FM,4.207228051839189
2028,FP2FM,0.7628411399592172
2029,FP2FM,4.336212426839189
2030,FP2FM,7.4385688841007855
2031,FP2FM,9.511510576372082
2032,FP2FM,5.155058359733485
2033,FP2FM,6.360212577568893
2034,FP2FM,4.361117593015521
2035,FP2FM,6.698419726488132
2036,FP2FM,4.721679643444129
2037,FP2FM,4.341994682995516
2038,FP2FM,6.869605523283404
2039,FP2FM,4.557049118700413
2040,FP2FM,4.201392851078066
2041,FP2FM,8.259109350614724
2042,FP2FM,7.739340502453052
2043,FP2FM,6.141297153966981
2044,FP2FM,4.640278686063339
2045,FP2FM,4.545912810324277
2046,FP2FM,6.180148541250747
2047,FP2FM,4.537583961371784
2048,FP2FM,3.6743190427019297
2049,FP2FM,3.691059139700885
2050,FP2FM,6.585080945932198
2051,FP2FM,4.63389373144002
2052,FP2FM,6.061316353360575
2053,FP2FM,5.811565039551388
2054,FP2FM,4.584924787161262
2055,FP2FM,5.49738855983287
2056,FP2FM,4.865926516852771
2057,FP2FM,5.998559810658647
2058,FP2FM,7.5738722225469015
2059,FP2FM,5.652070180332383
2060,FP2FM,5.616190004306689
2061,FP2FM,5.371971210250817
2062,FP2FM,4.5923077590696995
2063,FP2FM,5.549084169238697
2064,FP2FM,3.794901840994231
2065,FP2FM,4.030598855536299
2066,FP2FM,5.895828007217881
2067,FP2FM,5.328894068009089
2068,FP2FM,5.217619422389239
2069,FP2FM,5.106113512946635
2070,FP2FM,3.8813827331994313
2071,FP2FM,5.973846168936683
2072,FP2FM,4.514615703041647
2073,FP2FM,5.234574415928657
2074,FP2FM,6.044713676539558
2075,FP2FM,5.527520882374514
2076,FP2FM,5.25278028002811
2077,FP2FM,5.394963793515424
2078,FP2FM,7.454754020079399
2079,FP2FM,4.620358008279012
2080,FP2FM,6.285354815264522
2081,FP2FM,5.820046727951772
2082,FP2FM,4.170836223498917
2083,FP2FM,0.9452525924184345
2084,FP2FM,6.233683165753788
2085,FP2FM,4.325559881148043
2086,FP2FM,6.58164218887727
2087,FP2FM,6.596075432421794
2088,FP2FM,6.199492420631868
2089,FP2FM,6.43625516721452
2090,FP2FM,6.951268450550303
2091,FP2FM,5.6632981183197915
2092,FP2FM,1.9330299802019297
2093,FP2FM,5.368758613377439
2094,FP2FM,4.616401497112175
2095,FP2FM,8.420622755328846
2096,FP2FM,5.082618764950933
2097,FP2FM,6.077664317285813
2098,FP2FM,3.624464679101802
2099,FP2FM,5.0000943839125656
2100,FP2FM,6.78786475294446
2101,FP2FM,9.857750920092833
2102,FP2FM,10.189581413948968
2103,FP2FM,6.139174699496959
2104,FP2FM,5.185766074571393
2105,FP2FM,5.7484860326912415
2106,FP2FM,6.363651641446162
2107,FP2FM,5.7567277938165216
2108,FP2FM,6.407877182022191
2109,FP2FM,5.93809859493002
2110,FP2FM,2.0240728784849122
2111,FP2FM,5.6325364388120756
2112,FP2FM,4.1922262137819795
2113,FP2FM,4.751940391260121
2114,FP2FM,5.1083103042859115
2115,FP2FM,5.232323889172205
2116,FP2FM,4.18835806995723
2117,FP2FM,3.8553672002863837
2118,FP2FM,5.779343965509521
2119,FP2FM,2.0273845318694645
2120,FP2FM,4.609829605528014
2121,FP2FM,4.899670605201928
2122,FP2FM,9.172514609585795
2123,FP2FM,5.603253758819882
2124,FP2FM,6.5505403146309655
2125,FP2FM,5.177708274592171
2126,FP2FM,4.989453162292947
2127,FP2FM,5.371464419246383
2128,FP2FM,7.30186569266094
2129,FP2FM,4.669063994118767
2130,FP2FM,8.52071410389323
2131,FP2FM,6.388824037995239
2132,FP2FM,5.664185986275539
2133,FP2FM,5.072128797301434
2134,FP2FM,5.998559810658646
2135,FP2FM,5.263814498595381
2136,FP2FM,4.001900006139758
2137,FP2FM,4.456381325209061
2138,FP2FM,5.331574737167752
2139,FP2FM,7.874694256798591
2140,FP2FM,5.429358061146058
2141,FP2FM,5.190259293028013
2142,FP2FM,7.51239060737765
2143,FP2FM,6.925034408950551
2144,FP2FM,11.06328142110653
2145,FP2FM,7.721816679620278
2146,FP2FM,9.930870813116433
2147,FP2FM,5.7054972577916
2148,FP2FM,5.977915498972141
2149,FP2FM,4.320563998150363
2150,FP2FM,2.038449641910247
2151,FP2FM,4.6328903880257775
2152,FP2FM,5.045137903511392
2153,FP2FM,4.8247046976884445
2154,FP2FM,7.3179817494865915
2155,FP2FM,4.968679536713908
2156,FP2FM,6.933609656219337
2157,FP2FM,6.782581899060005
2158,FP2FM,5.7863972834806665
2159,FP2FM,10.493358795762104
2160,FP2FM,5.956897378476626
2161,FP2FM,5.3329695475142636
2162,FP2FM,3.9595927214588347
0,SoftWorx,4.292303147342015
1,SoftWorx,4.911359260454732
2,SoftWorx,3.954218836128398
3,SoftWorx,4.491235860307594
4,SoftWorx,4.125927183148556
5,SoftWorx,4.490587260120363
6,SoftWorx,7.941868277837728
7,SoftWorx,5.252284145308807
8,SoftWorx,4.450772365633856
9,SoftWorx,8.52639624178591
10,SoftWorx,7.678229414483827
11,SoftWorx,4.4858411135256935
12,SoftWorx,4.884645721725123
13,SoftWorx,4.43848326310958
14,SoftWorx,4.2915879725187205
15,SoftWorx,4.562939002199048
16,SoftWorx,4.308962180819794
17,SoftWorx,4.08026861365291
19,SoftWorx,4.235865118288704
20,SoftWorx,4.557601465577081
21,SoftWorx,4.995201015776997
22,SoftWorx,5.0588075828088055
23,SoftWorx,4.208426989347473
24,SoftWorx,6.128330558817294
25,SoftWorx,5.086441144678883
26,SoftWorx,4.631423118319794
27,SoftWorx,8.89950931065036
28,SoftWorx,4.517292720123128
29,SoftWorx,4.707868283816321
30,SoftWorx,4.821616094774655
31,SoftWorx,5.120766273937788
32,SoftWorx,8.704110677655153
33,SoftWorx,4.205545249112497
34,SoftWorx,1.5381605705990729
35,SoftWorx,4.867126157590274
36,SoftWorx,6.362596342418435
37,SoftWorx,4.031298390772712
38,SoftWorx,3.219101839687744
39,SoftWorx,6.35912505282229
40,SoftWorx,3.3819276763731336
41,SoftWorx,3.680638006148043
42,SoftWorx,4.208426989347473
43,SoftWorx,6.735701857691945
44,SoftWorx,2.0119844112688234
45,SoftWorx,5.200200979411219
46,SoftWorx,4.276092327219868
47,SoftWorx,2.2407133323422137
48,SoftWorx,4.292328202317224
49,SoftWorx,5.8184093156816115
50,SoftWorx,4.448001061071624
51,SoftWorx,4.596300601221612
53,SoftWorx,4.496306754812335
54,SoftWorx,3.8298541284849112
58,SoftWorx,4.147731747336869
59,SoftWorx,4.083402387783495
60,SoftWorx,4.949809095763375
61,SoftWorx,7.05440209980123
62,SoftWorx,4.070275977051388
63,SoftWorx,4.383508873571623
64,SoftWorx,5.146161680811509
65,SoftWorx,4.884645721725125
66,SoftWorx,6.4317629466150255
67,SoftWorx,7.642232553871649
68,SoftWorx,3.4032238819698226
69,SoftWorx,2.697284300801003
70,SoftWorx,3.3726250304087326
71,SoftWorx,6.181067516428426
72,SoftWorx,3.017358248535271
73,SoftWorx,7.876800947946446
74,SoftWorx,4.886707022416448
75,SoftWorx,4.908888657682957
76,SoftWorx,2.871376892806461
77,SoftWorx,8.523783873732787
78,SoftWorx,5.579109361352859
79,SoftWorx,3.151836989844833
80,SoftWorx,5.144027652364979
81,SoftWorx,4.758681713707546
82,SoftWorx,7.895872922917266
83,SoftWorx,4.291277506414854
84,SoftWorx,7.936010281561991
85,SoftWorx,8.208155888291488
86,SoftWorx,6.2635757558489145
87,SoftWorx,4.433827216706331
88,SoftWorx,4.422160354159551
89,SoftWorx,4.30671823585028
90,SoftWorx,4.457391929998014
91,SoftWorx,5.539361041502415
92,SoftWorx,4.7302475405984215
93,SoftWorx,3.792886907848377
94,SoftWorx,4.581352073302173
95,SoftWorx,5.099053566798405
96,SoftWorx,5.375378118943364
97,SoftWorx,5.196714612118355
98,SoftWorx,4.6789301666512655
99,SoftWorx,5.8807075672901
100,SoftWorx,4.718309598740103
101,SoftWorx,3.0292343397553028
102,SoftWorx,4.5310507547941
103,SoftWorx,4.584941811787898
104,SoftWorx,4.074862308063637
105,SoftWorx,4.109492861436844
106,SoftWorx,4.895678676581184
107,SoftWorx,7.446699482369366
108,SoftWorx,4.906152396594669
109,SoftWorx,8.319706430631568
110,SoftWorx,4.864265732782342
111,SoftWorx,3.947936221390755
112,SoftWorx,3.9941442657316717
113,SoftWorx,4.232618510120363
114,SoftWorx,3.358391311779614
115,SoftWorx,4.6352200638091885
116,SoftWorx,4.081539348124541
117,SoftWorx,6.464771372332869
118,SoftWorx,5.151943936967835
119,SoftWorx,5.0227098960989744
120,SoftWorx,4.725064024583885
121,SoftWorx,7.1250249180280125
122,SoftWorx,4.1439348018474735
123,SoftWorx,3.3310226168706363
124,SoftWorx,3.9537698927320264
125,SoftWorx,5.730384041560621
126,SoftWorx,3.144407355127496
127,SoftWorx,2.9660168298829994
128,SoftWorx,5.024695206765907
129,SoftWorx,4.965413145395158
130,SoftWorx,2.0038411311480435
131,SoftWorx,8.12110657992455
132,SoftWorx,7.504709878476625
133,SoftWorx,7.366716902438126
134,SoftWorx,8.820082339864978
135,SoftWorx,7.198497567031945
136,SoftWorx,7.515049727007575
137,SoftWorx,4.594532337505147
138,SoftWorx,4.071087405185246
139,SoftWorx,6.196782519753316
140,SoftWorx,7.684950223740101
141,SoftWorx,4.008493690429942
142,SoftWorx,3.539811942600287
143,SoftWorx,6.443686159712533
144,SoftWorx,7.1752304422941
145,SoftWorx,4.357643111684341
146,SoftWorx,7.622903864279912
147,SoftWorx,5.60135300375172
148,SoftWorx,6.904119641975112
149,SoftWorx,5.6255194695494
150,SoftWorx,5.811286954450214
151,SoftWorx,3.9921352578702085
152,SoftWorx,7.7180443089703346
153,SoftWorx,4.307494924933691
154,SoftWorx,7.134719838058351
155,SoftWorx,5.188677578277
156,SoftWorx,5.114027515226027
157,SoftWorx,6.146529322707234
158,SoftWorx,4.736934850286555
159,SoftWorx,7.78863122828614
160,SoftWorx,6.5716599299235785
161,SoftWorx,7.263751322620363
162,SoftWorx,8.27680449365416
163,SoftWorx,9.117674609376309
164,SoftWorx,7.829156126643556
165,SoftWorx,5.0395572622960865
166,SoftWorx,8.063121238792503
167,SoftWorx,4.877377557173736
168,SoftWorx,7.588734278077079
169,SoftWorx,9.230437350210037
170,SoftWorx,5.000869432999688
171,SoftWorx,3.707290141193973
172,SoftWorx,4.978739212918124
173,SoftWorx,4.4951705787684055
174,SoftWorx,2.814902234801434
175,SoftWorx,4.9389068136692185
176,SoftWorx,3.8363359198776514
177,SoftWorx,2.4944782730582906
178,SoftWorx,4.171402558551007
179,SoftWorx,4.043725266268406
180,SoftWorx,4.199260352051388
181,SoftWorx,4.827624617836556
182,SoftWorx,4.320027290860577
183,SoftWorx,4.521684940842918
184,SoftWorx,3.800014830804158
185,SoftWorx,7.068117653073083
186,SoftWorx,4.524431190429943
188,SoftWorx,1.2787786399592174
189,SoftWorx,8.570606021010528
190,SoftWorx,4.544662937766811
194,SoftWorx,4.811798325062895
196,SoftWorx,7.641313578693972
197,SoftWorx,3.371327555838029
198,SoftWorx,4.991499876643557
199,SoftWorx,3.925019378245562
201,SoftWorx,3.8404783254778962
202,SoftWorx,6.721547238798701
204,SoftWorx,3.456650959429041
205,SoftWorx,3.308709514719868
207,SoftWorx,4.952934854714519
208,SoftWorx,4.362251485307594
209,SoftWorx,4.1030303941259385
210,SoftWorx,4.277990799964565
211,SoftWorx,7.773044203280996
212,SoftWorx,1.728325479714521
214,SoftWorx,1.310075497336869
215,SoftWorx,5.409937741943045
216,SoftWorx,2.670831822545932
218,SoftWorx,2.300767401190176
219,SoftWorx,4.611028543036298
220,SoftWorx,0.8314927576860968
221,SoftWorx,1.4554625189996189
223,SoftWorx,0.7733067812458577
224,SoftWorx,5.472970381257719
225,SoftWorx,6.859874841398858
226,SoftWorx,7.408154007744371
227,SoftWorx,6.928163974388256
228,SoftWorx,5.6558671258217785
229,SoftWorx,5.928285367002319
230,SoftWorx,5.569998936214137
231,SoftWorx,4.959416646107259
232,SoftWorx,9.497413171828683
233,SoftWorx,7.357034347272328
234,SoftWorx,4.301531188321779
235,SoftWorx,4.713926186787897
236,SoftWorx,3.8964590318611796
237,SoftWorx,4.415116757607427
238,SoftWorx,6.723785129794098
239,SoftWorx,6.427088529918434
240,SoftWorx,6.392806155185243
241,SoftWorx,6.216227893931537
242,SoftWorx,5.163958318648043
243,SoftWorx,5.43179324118054
244,SoftWorx,5.668993536553885
245,SoftWorx,6.7385448454386045
246,SoftWorx,6.986699683179624
247,SoftWorx,6.97979400336572
248,SoftWorx,3.620243845191244
249,SoftWorx,3.6264343501818526
250,SoftWorx,7.387902427931403
251,SoftWorx,6.187229952177047
252,SoftWorx,4.852362455342051
253,SoftWorx,4.692689495269448
254,SoftWorx,5.352366270395157
255,SoftWorx,3.323958381350389
256,SoftWorx,8.411180237152152
257,SoftWorx,7.572792383824015
258,SoftWorx,2.9393032911533905
259,SoftWorx,4.211800046415705
260,SoftWorx,3.745130193648043
261,SoftWorx,5.277783160638283
262,SoftWorx,6.728152018491756
263,SoftWorx,8.073000502678692
264,SoftWorx,3.1166109653107936
265,SoftWorx,5.556443963401359
266,SoftWorx,4.541978091863466
267,SoftWorx,4.05004422971452
268,SoftWorx,3.3180633063254388
269,SoftWorx,4.257456642592056
270,SoftWorx,5.841126252130967
271,SoftWorx,8.085557524182335
272,SoftWorx,8.136819424661265
273,SoftWorx,8.59121089344413
274,SoftWorx,8.608661988521696
275,SoftWorx,5.401796745574122
276,SoftWorx,4.5075587692576224
277,SoftWorx,4.014513786039958
278,SoftWorx,6.009554169318683
279,SoftWorx,5.934643003340943
280,SoftWorx,6.57105734697986
281,SoftWorx,6.1623599034245204
282,SoftWorx,5.929223244036067
283,SoftWorx,2.6376020897513053
285,SoftWorx,5.4525799495377525
286,SoftWorx,5.968212154386269
287,SoftWorx,6.211925489247706
288,SoftWorx,2.912797689468194
289,SoftWorx,4.18494402559907
291,SoftWorx,4.717907752929942
292,SoftWorx,3.439010499127115
293,SoftWorx,10.650182585039683
294,SoftWorx,5.357434881148043
297,SoftWorx,8.661862408178653
298,SoftWorx,7.38982662008671
299,SoftWorx,9.519861692836313
300,SoftWorx,3.20284163965592
301,SoftWorx,5.388943697905406
302,SoftWorx,8.233656153077082
304,SoftWorx,9.439102104269224
305,SoftWorx,4.749342383279011
306,SoftWorx,6.301575373980425
307,SoftWorx,4.770200938097086
308,SoftWorx,9.326440638219255
309,SoftWorx,5.19951603051552
310,SoftWorx,7.580759505673672
311,SoftWorx,6.018947967935693
313,SoftWorx,4.912058795691145
314,SoftWorx,7.957065899366088
315,SoftWorx,6.594315462689254
316,SoftWorx,5.866207030655082
317,SoftWorx,7.179328468837296
318,SoftWorx,5.463041445832474
319,SoftWorx,4.625829194882797
320,SoftWorx,3.798628469442614
321,SoftWorx,5.610272257502411
322,SoftWorx,6.476716341359366
323,SoftWorx,5.190230944329851
324,SoftWorx,6.2358365761921455
325,SoftWorx,4.8053674687193375
326,SoftWorx,4.016812550883701
327,SoftWorx,3.445161960967094
328,SoftWorx,7.964963946660582
329,SoftWorx,5.586306327568893
330,SoftWorx,3.7876549890131033
331,SoftWorx,6.251812870286507
332,SoftWorx,3.8907121984421438
333,SoftWorx,4.99481153002811
334,SoftWorx,6.503101691571487
335,SoftWorx,1.777169238525695
336,SoftWorx,1.200051204410247
337,SoftWorx,4.920439059828584
338,SoftWorx,5.491839057905151
339,SoftWorx,5.533364542214519
340,SoftWorx,6.607505703276997
341,SoftWorx,1.0742369674184344
342,SoftWorx,2.861435206423254
343,SoftWorx,5.656566661058193
344,SoftWorx,1.3478541461072602
345,SoftWorx,5.792144720348375
346,SoftWorx,5.87638288294464
347,SoftWorx,5.428480058376135
348,SoftWorx,3.9497732904517733
349,SoftWorx,5.026735194886969
350,SoftWorx,4.641053735150459
351,SoftWorx,5.8417999072934075
352,SoftWorx,4.604571806618767
353,SoftWorx,5.025260610563436
354,SoftWorx,5.423527153692402
355,SoftWorx,5.079662602150317
356,SoftWorx,3.8632122865538867
357,SoftWorx,5.286694928537281
358,SoftWorx,4.873680678166613
359,SoftWorx,6.0787004268474725
360,SoftWorx,6.91278447156851
361,SoftWorx,4.579232283386776
362,SoftWorx,6.1816707983542765
363,SoftWorx,4.66049910932868
364,SoftWorx,3.118117704819051
365,SoftWorx,1.4495255136235095
366,SoftWorx,6.269430739760448
367,SoftWorx,4.97706497180373
368,SoftWorx,4.8350867880906545
369,SoftWorx,4.238496560518678
371,SoftWorx,4.592762290034798
373,SoftWorx,6.739270730536298
374,SoftWorx,7.3685441768474735
375,SoftWorx,3.876799414551388
376,SoftWorx,5.087727396283086
377,SoftWorx,4.921637997336868
378,SoftWorx,5.49241575543594
379,SoftWorx,6.113109030913838
381,SoftWorx,5.277044528556205
382,SoftWorx,5.453223926025694
383,SoftWorx,6.508178347212532
384,SoftWorx,6.214508246864499
385,SoftWorx,5.091411522903857
386,SoftWorx,7.805779296273712
387,SoftWorx,4.983732309820299
388,SoftWorx,1.1009505061480431
389,SoftWorx,5.73293285931041
390,SoftWorx,6.385512935658647
391,SoftWorx,5.224154158386775
394,SoftWorx,3.505657546186841
395,SoftWorx,6.2788216086868385
396,SoftWorx,7.016786278977466
397,SoftWorx,8.159997328280998
398,SoftWorx,2.9768999841118227
399,SoftWorx,3.6253124559441288
400,SoftWorx,4.850664018444129
401,SoftWorx,3.8143685277427117
402,SoftWorx,7.400479165777856
403,SoftWorx,4.819367161066478
404,SoftWorx,5.92228733829457
405,SoftWorx,5.936752469061992
406,SoftWorx,4.936438649183368
407,SoftWorx,4.665836645950647
408,SoftWorx,5.827376296186839
409,SoftWorx,5.052398037714207
410,SoftWorx,5.549199875307849
411,SoftWorx,4.882747248980428
412,SoftWorx,5.641623797617572
413,SoftWorx,5.014474510452676
414,SoftWorx,4.979673448419337
415,SoftWorx,6.310655173354276
416,SoftWorx,5.40362650001759
417,SoftWorx,5.084604075617864
418,SoftWorx,4.253314236991812
419,SoftWorx,7.03912837972221
420,SoftWorx,4.971458079914084
421,SoftWorx,5.380287182075655
422,SoftWorx,4.352273419877651
423,SoftWorx,6.916546517470804
424,SoftWorx,6.67779891001872
425,SoftWorx,5.643601548852859
426,SoftWorx,5.673414027255302
427,SoftWorx,5.862958153617955
428,SoftWorx,7.693066415038797
429,SoftWorx,5.275395792214519
430,SoftWorx,5.086502548362562
431,SoftWorx,7.440208722542904
432,SoftWorx,5.418992486341686
433,SoftWorx,5.369985899583885
434,SoftWorx,4.7391307385216965
435,SoftWorx,7.197360662375664
436,SoftWorx,8.104671778077082
437,SoftWorx,5.687839920685334
438,SoftWorx,4.567784396103262
439,SoftWorx,4.512113739207504
440,SoftWorx,5.666446943757719
441,SoftWorx,5.678751563877269
442,SoftWorx,9.17164058094413
443,SoftWorx,6.056434716117953
444,SoftWorx,6.9078708233677055
445,SoftWorx,9.6431639096068
446,SoftWorx,5.190671857377652
447,SoftWorx,5.166643164551388
448,SoftWorx,6.02328650930147
449,SoftWorx,6.2773871154767225
450,SoftWorx,6.659155169322682
451,SoftWorx,7.775580807578427
452,SoftWorx,4.841056468100243
453,SoftWorx,6.547414555679822
454,SoftWorx,5.810728586780586
455,SoftWorx,5.061850310324277
456,SoftWorx,4.854048399583885
457,SoftWorx,5.472256735854278
458,SoftWorx,4.980622649524611
459,SoftWorx,6.608454904382269
460,SoftWorx,6.760578228750749
461,SoftWorx,5.726841104714519
462,SoftWorx,5.688602218814494
463,SoftWorx,5.09636872089506
464,SoftWorx,6.365281188321778
465,SoftWorx,6.502160535354373
466,SoftWorx,7.145474176049018
467,SoftWorx,4.740792190985433
468,SoftWorx,6.6083878827916
469,SoftWorx,7.302082765222027
470,SoftWorx,5.091085867010605
471,SoftWorx,7.81869474548323
472,SoftWorx,6.68457198781359
473,SoftWorx,6.608963262973898
474,SoftWorx,7.167738046112407
475,SoftWorx,4.998608475517506
476,SoftWorx,5.779069244665451
477,SoftWorx,6.432621049671749
478,SoftWorx,5.580334883256206
479,SoftWorx,5.59674463012847
480,SoftWorx,6.4489690135969875
481,SoftWorx,6.8970299449572305
482,SoftWorx,5.815760848825001
483,SoftWorx,6.661814960250816
484,SoftWorx,7.717654672306743
485,SoftWorx,5.193632350096246
486,SoftWorx,6.088029892090183
487,SoftWorx,6.588967563588588
488,SoftWorx,5.08064756445103
489,SoftWorx,6.554960805332383
490,SoftWorx,7.094486085110847
491,SoftWorx,5.625381696577983
492,SoftWorx,7.255059988930385
493,SoftWorx,5.887223761355117
494,SoftWorx,5.478158879703482
495,SoftWorx,7.155785068115876
496,SoftWorx,7.440835530024112
497,SoftWorx,6.3476728832045755
498,SoftWorx,5.940549414551387
499,SoftWorx,6.101642075062895
500,SoftWorx,2.9837022343286814
502,SoftWorx,2.7069362302019297
503,SoftWorx,6.377157726496418
504,SoftWorx,6.699132891755814
505,SoftWorx,5.878214321984699
506,SoftWorx,5.667120118784398
507,SoftWorx,5.467612013522555
508,SoftWorx,5.9146723589308445
509,SoftWorx,6.611775528842234
510,SoftWorx,4.862678329590184
511,SoftWorx,4.746657537375665
512,SoftWorx,7.232592718349887
513,SoftWorx,4.9873550327573914
514,SoftWorx,4.594045686191236
515,SoftWorx,8.42262059526439
516,SoftWorx,4.638604444948946
517,SoftWorx,4.194677033403345
518,SoftWorx,8.717963969062513
519,SoftWorx,4.342019737970725
520,SoftWorx,5.8111241265035884
521,SoftWorx,4.336588642480356
522,SoftWorx,5.697109893444649
524,SoftWorx,5.4222140395348175
525,SoftWorx,4.272071400005147
526,SoftWorx,8.877317686885114
527,SoftWorx,5.802398402255302
528,SoftWorx,7.950549872933951
529,SoftWorx,4.17663072969795
530,SoftWorx,7.82473563594214
531,SoftWorx,7.439242539263226
532,SoftWorx,3.7167451762632697
533,SoftWorx,6.75250323919086
534,SoftWorx,2.675864084590346
535,SoftWorx,4.368808288207394
536,SoftWorx,4.624643008332474
537,SoftWorx,6.8606290593727834
538,SoftWorx,4.229958469287246
539,SoftWorx,4.9373135134193875
540,SoftWorx,4.3906295099603145
541,SoftWorx,5.167592365656661
542,SoftWorx,9.137237344879772
543,SoftWorx,7.795174423362562
544,SoftWorx,4.976014275901359
545,SoftWorx,5.220400571563364
546,SoftWorx,5.60427711742358
547,SoftWorx,10.087660379135464
549,SoftWorx,3.6696543100805736
550,SoftWorx,9.4948556658839
551,SoftWorx,6.4003749911888255
553,SoftWorx,7.411621766043806
555,SoftWorx,4.8781889853075935
556,SoftWorx,7.700148655319415
557,SoftWorx,4.8418678962341
558,SoftWorx,5.771594797939244
559,SoftWorx,4.730846280740212
561,SoftWorx,8.060574165860572
562,SoftWorx,4.162894883920851
563,SoftWorx,6.3065760637049735
564,SoftWorx,3.4417818036893473
565,SoftWorx,7.97950722196682
566,SoftWorx,4.087435369110484
567,SoftWorx,4.781588512296085
568,SoftWorx,4.196575506148044
569,SoftWorx,3.9037886000962465
570,SoftWorx,4.514040560650364
572,SoftWorx,8.133409056296951
573,SoftWorx,6.419494638939642
574,SoftWorx,4.886473443089075
575,SoftWorx,4.818442944402262
576,SoftWorx,4.389956262292087
577,SoftWorx,5.120764635084429
578,SoftWorx,3.96230262233739
579,SoftWorx,3.681587207253318
580,SoftWorx,4.219654927334883
581,SoftWorx,3.733624170559462
582,SoftWorx,5.285373857644461
583,SoftWorx,3.6705471521877433
584,SoftWorx,6.443523331765907
585,SoftWorx,4.831381472212534
586,SoftWorx,4.006538007525312
587,SoftWorx,0.8807604049184344
588,SoftWorx,6.29889052807708
589,SoftWorx,4.7133244342818985
590,SoftWorx,7.761131316397887
591,SoftWorx,7.741747345903345
592,SoftWorx,6.633228003751719
593,SoftWorx,7.4038008076611455
594,SoftWorx,7.969959829658264
595,SoftWorx,8.491812785998917
596,SoftWorx,3.081088600363077
597,SoftWorx,3.273524332146529
598,SoftWorx,6.9679425201662895
599,SoftWorx,6.704780656549707
600,SoftWorx,5.478809725582369
601,SoftWorx,9.516394566472322
602,SoftWorx,6.790962163197443
603,SoftWorx,5.9010351209829235
604,SoftWorx,7.598527722854373
605,SoftWorx,4.930875832968307
606,SoftWorx,5.3030372194791395
607,SoftWorx,5.803938993387874
608,SoftWorx,6.17695334826735
609,SoftWorx,5.175237671820396
610,SoftWorx,3.8965137145986906
611,SoftWorx,5.260501581499619
612,SoftWorx,7.6459583010256935
613,SoftWorx,10.128744656561997
614,SoftWorx,3.6377907466247668
615,SoftWorx,5.904256674176055
616,SoftWorx,3.957694248714138
617,SoftWorx,7.580379068914851
618,SoftWorx,3.8978207973160903
619,SoftWorx,1.0917475201434872
620,SoftWorx,1.921802042214521
621,SoftWorx,1.0847026087050748
622,SoftWorx,0.8000203199754662
623,SoftWorx,5.973358814393553
624,SoftWorx,2.4684376594503803
625,SoftWorx,1.181091122336869
626,SoftWorx,2.1902364335011617
627,SoftWorx,7.344565593971627
628,SoftWorx,3.7436215443678953
629,SoftWorx,7.759131348856089
630,SoftWorx,2.236933411479454
631,SoftWorx,2.1036611477970695
632,SoftWorx,8.523870961560005
633,SoftWorx,4.746201243864799
634,SoftWorx,8.986186400969439
635,SoftWorx,6.321020748158646
636,SoftWorx,6.035066794165549
637,SoftWorx,7.956069016045703
638,SoftWorx,6.075530288839284
639,SoftWorx,5.21759963923883
640,SoftWorx,5.855988307661145
641,SoftWorx,6.30301360959549
642,SoftWorx,6.23014067782229
643,SoftWorx,5.301185114279912
644,SoftWorx,1.793571885188445
645,SoftWorx,5.726841104714518
646,SoftWorx,5.146574245161145
647,SoftWorx,4.440291983472437
648,SoftWorx,4.360151367283612
649,SoftWorx,4.292086465924522
650,SoftWorx,3.5406847744178225
651,SoftWorx,4.464497266602776
652,SoftWorx,4.692582339864979
653,SoftWorx,4.564896967427143
654,SoftWorx,8.733770723263037
655,SoftWorx,5.097181728123161
656,SoftWorx,4.337436419322682
657,SoftWorx,7.943278446113377
658,SoftWorx,5.494013076592682
659,SoftWorx,5.495100601339285
660,SoftWorx,4.69135704214696
661,SoftWorx,6.240915565055563
662,SoftWorx,4.180939569679747
663,SoftWorx,4.254448984720915
664,SoftWorx,4.842425269683055
665,SoftWorx,4.45533062930669
666,SoftWorx,4.168774922807594
667,SoftWorx,4.567630466056206
668,SoftWorx,4.832493321893603
669,SoftWorx,6.061153525413949
670,SoftWorx,5.129838771861478
671,SoftWorx,5.009209606023709
672,SoftWorx,4.9952968221329535
673,SoftWorx,6.071370858612405
674,SoftWorx,5.531466069469821
675,SoftWorx,3.394057244673737
676,SoftWorx,4.596006921828681
677,SoftWorx,8.674061410511507
678,SoftWorx,5.299750621069798
679,SoftWorx,5.450053788017506
680,SoftWorx,5.234682561137771
681,SoftWorx,5.1322739518959635
682,SoftWorx,4.1505794211868405
683,SoftWorx,1.6813801936480433
684,SoftWorx,4.659124591487417
685,SoftWorx,1.4983692724346838
686,SoftWorx,8.89563963740576
687,SoftWorx,5.753093676273752
688,SoftWorx,1.271872960145314
689,SoftWorx,1.518776600104531
691,SoftWorx,4.627727667627495
692,SoftWorx,8.312684669679854
693,SoftWorx,4.285882759632955
694,SoftWorx,1.5094343824754666
695,SoftWorx,4.081503915038797
696,SoftWorx,1.4768385211072603
699,SoftWorx,0.8425578677268795
700,SoftWorx,1.6727315544185177
701,SoftWorx,5.545216025413949
702,SoftWorx,7.201458688918863
703,SoftWorx,6.304984810095393
704,SoftWorx,6.213844129081996
705,SoftWorx,6.3041247292358165
706,SoftWorx,6.204587391594489
707,SoftWorx,8.090921822132955
708,SoftWorx,6.631217638109578
709,SoftWorx,5.970023539303751
710,SoftWorx,7.7608943309528335
711,SoftWorx,5.891868483686838
712,SoftWorx,4.302988748018679
713,SoftWorx,5.579824536176154
714,SoftWorx,5.424611914551388
715,SoftWorx,5.001778613525693
716,SoftWorx,4.943768217418435
717,SoftWorx,4.168222116862351
718,SoftWorx,5.097214968317535
719,SoftWorx,4.302505444402263
720,SoftWorx,4.467095274583886
721,SoftWorx,3.9583937839505516
722,SoftWorx,4.188358069957231
723,SoftWorx,5.316613504862182
724,SoftWorx,4.4747760034849104
725,SoftWorx,6.251119213187369
726,SoftWorx,5.008199001234756
727,SoftWorx,7.504821771374068
728,SoftWorx,7.315117099388254
729,SoftWorx,7.335287443041444
730,SoftWorx,7.809710752465336
731,SoftWorx,3.670707390022638
732,SoftWorx,3.732166610862562
733,SoftWorx,4.3076905155563034
734,SoftWorx,4.57714826401825
735,SoftWorx,5.067243068617749
736,SoftWorx,5.025878504687311
737,SoftWorx,7.9472382195494005
738,SoftWorx,6.223333230536298
739,SoftWorx,6.398826250795258
740,SoftWorx,6.215742601826694
741,SoftWorx,5.538110688809188
742,SoftWorx,5.215486923362562
743,SoftWorx,5.273597385952092
744,SoftWorx,3.9099947446737366
745,SoftWorx,4.6241549537684055
746,SoftWorx,8.303680860330395
747,SoftWorx,4.04032154262541
748,SoftWorx,5.794018138117863
749,SoftWorx,4.0716690400212645
750,SoftWorx,4.651980342179084
751,SoftWorx,3.9314347274162347
753,SoftWorx,5.621492782333772
754,SoftWorx,4.582441586537201
755,SoftWorx,4.031782153457702
756,SoftWorx,8.518270822417017
757,SoftWorx,5.03075612210169
758,SoftWorx,8.225682000681495
759,SoftWorx,7.328182106436683
760,SoftWorx,4.908837242498015
761,SoftWorx,4.87004798893867
762,SoftWorx,10.90834632479609
763,SoftWorx,7.092242152255302
764,SoftWorx,7.548945992276899
765,SoftWorx,1.9172187235664777
767,SoftWorx,5.941650822585231
768,SoftWorx,6.275197356329895
769,SoftWorx,5.059401500258525
770,SoftWorx,5.663834825609579
771,SoftWorx,4.523558358612407
772,SoftWorx,5.006361932173737
773,SoftWorx,4.3679218485664775
774,SoftWorx,5.712768684612175
775,SoftWorx,5.775512884498341
776,SoftWorx,6.227916549184339
777,SoftWorx,4.796751648880068
778,SoftWorx,4.596006921828681
779,SoftWorx,5.086502548362563
780,SoftWorx,5.662348917214519
781,SoftWorx,4.979673448419337
782,SoftWorx,5.6465432784860585
783,SoftWorx,4.908837242498014
784,SoftWorx,5.421303273531041
785,SoftWorx,4.797399768931538
786,SoftWorx,5.999295041379156
787,SoftWorx,6.458190333630584
788,SoftWorx,6.58509949449131
789,SoftWorx,5.663298118319793
790,SoftWorx,9.692100767647007
791,SoftWorx,5.55820466317464
792,SoftWorx,5.838978113517409
793,SoftWorx,6.564152497603676
794,SoftWorx,5.694399992566095
795,SoftWorx,3.900899305713005
796,SoftWorx,5.29369271809822
797,SoftWorx,5.364865873646055
798,SoftWorx,4.909373949787801
799,SoftWorx,5.488480306934386
801,SoftWorx,4.533112055485423
802,SoftWorx,6.20952187090849
803,SoftWorx,4.483457348676154
804,SoftWorx,4.414019357790627
805,SoftWorx,3.9154404265048193
806,SoftWorx,5.246925296116577
807,SoftWorx,4.701634800511764
808,SoftWorx,4.235012566536403
809,SoftWorx,3.795943623539268
810,SoftWorx,4.746519764404248
811,SoftWorx,5.92465124945955
812,SoftWorx,5.891776854075565
813,SoftWorx,4.0123618342546905
814,SoftWorx,3.0280900849845303
815,SoftWorx,4.331980268857104
816,SoftWorx,4.366554376947031
817,SoftWorx,5.778369709429039
818,SoftWorx,4.413544042070551
819,SoftWorx,4.367885499858008
820,SoftWorx,5.197869270548292
821,SoftWorx,1.3322057174184345
822,SoftWorx,5.395472528951714
823,SoftWorx,6.4683383977508155
824,SoftWorx,4.747769387056735
825,SoftWorx,4.833279944957232
826,SoftWorx,4.887957375109676
827,SoftWorx,4.534297362962441
828,SoftWorx,4.482798386010224
829,SoftWorx,6.746638961569954
830,SoftWorx,3.0248138490538867
831,SoftWorx,3.7169057218864308
832,SoftWorx,1.7540271387589135
833,SoftWorx,4.188871179496509
835,SoftWorx,4.645498550786344
836,SoftWorx,4.383733105201928
837,SoftWorx,5.537462568757718
838,SoftWorx,5.864391883546535
839,SoftWorx,6.269430739760448
840,SoftWorx,5.7941809660644905
841,SoftWorx,4.375352841064491
842,SoftWorx,3.372089852538798
843,SoftWorx,4.940784982386359
844,SoftWorx,5.795855207178883
845,SoftWorx,4.746170887490146
847,SoftWorx,5.10025250430669
848,SoftWorx,5.3328380080503335
849,SoftWorx,4.883414629032116
850,SoftWorx,5.636624670703603
851,SoftWorx,5.305491391554996
852,SoftWorx,5.404578428246888
853,SoftWorx,5.735739366918518
854,SoftWorx,6.423991119665451
855,SoftWorx,6.103540547807595
856,SoftWorx,6.243564977873166
857,SoftWorx,4.364124903077082
858,SoftWorx,4.171086815338958
859,SoftWorx,3.5156992990523177
860,SoftWorx,6.131684288946262
861,SoftWorx,3.6551377413624513
862,SoftWorx,4.454778282430022
863,SoftWorx,5.915073476128654
864,SoftWorx,5.365753741601803
865,SoftWorx,5.517620307169738
866,SoftWorx,5.148827888025778
867,SoftWorx,5.534118760188445
868,SoftWorx,5.47158453934493
869,SoftWorx,5.416126103268489
870,SoftWorx,5.09354974355283
871,SoftWorx,5.610921736762947
872,SoftWorx,3.390448182106178
873,SoftWorx,5.9332976029808595
874,SoftWorx,4.523619762296085
875,SoftWorx,4.246832445599073
876,SoftWorx,6.579520499283898
877,SoftWorx,4.190256542701929
878,SoftWorx,3.3471119586072606
879,SoftWorx,6.300789000821779
880,SoftWorx,6.373600048775537
881,SoftWorx,4.4623434218246825
882,SoftWorx,2.8944677085989756
883,SoftWorx,4.660661937275306
884,SoftWorx,9.409540411553888
885,SoftWorx,0.9185390536888259
886,SoftWorx,3.8318237995649627
887,SoftWorx,4.26601349703357
888,SoftWorx,5.542685928730386
889,SoftWorx,4.4071136779767235
890,SoftWorx,6.029008891193972
891,SoftWorx,9.432990772020752
892,SoftWorx,4.816656344565196
893,SoftWorx,3.664401215622396
894,SoftWorx,4.395516543297233
895,SoftWorx,4.602024733686839
896,SoftWorx,8.25553236451535
897,SoftWorx,7.904228132079496
898,SoftWorx,5.895088507460118
899,SoftWorx,5.78275613374545
900,SoftWorx,6.057544462846389
901,SoftWorx,7.611790511106768
902,SoftWorx,6.435357344598723
903,SoftWorx,4.392736914551388
904,SoftWorx,6.116972233117251
905,SoftWorx,6.158866098011507
906,SoftWorx,5.0580533648348815
907,SoftWorx,4.9010837858417835
908,SoftWorx,4.067662329483396
909,SoftWorx,5.674200400413948
911,SoftWorx,5.488716592676959
912,SoftWorx,6.580475406553707
913,SoftWorx,7.765863663895527
914,SoftWorx,5.0593037175281115
915,SoftWorx,4.906339300999174
916,SoftWorx,5.661817922396703
917,SoftWorx,6.079026082740723
918,SoftWorx,6.351818203264427
919,SoftWorx,4.981917381274883
920,SoftWorx,9.54711603155371
921,SoftWorx,5.8825390184441275
922,SoftWorx,9.461972204878478
923,SoftWorx,6.0933011719981325
924,SoftWorx,5.9614794358202
925,SoftWorx,2.850558429101802
926,SoftWorx,3.7367749844858142
927,SoftWorx,8.818256594875486
928,SoftWorx,6.611271024994389
930,SoftWorx,4.948351536066477
931,SoftWorx,6.537438958874067
932,SoftWorx,4.411696996624766
933,SoftWorx,4.523619762296086
934,SoftWorx,6.888486852873165
935,SoftWorx,4.464073378181612
936,SoftWorx,6.705807025321862
937,SoftWorx,4.350313543449275
938,SoftWorx,5.31664892231609
939,SoftWorx,4.383084985150461
940,SoftWorx,6.39530638043594
942,SoftWorx,9.08548208236299
943,SoftWorx,4.17451648440183
944,SoftWorx,4.381344169400004
945,SoftWorx,7.430696978554973
946,SoftWorx,9.63449646359576
947,SoftWorx,6.4257451333284745
948,SoftWorx,5.173936384077984
949,SoftWorx,4.323338944245129
950,SoftWorx,6.759665305819791
951,SoftWorx,4.773233303133858
952,SoftWorx,4.249078366943046
953,SoftWorx,6.9731951481231516
954,SoftWorx,4.469707392732025
955,SoftWorx,4.270335755207076
956,SoftWorx,4.369292050892385
957,SoftWorx,7.765613140248829
958,SoftWorx,6.081249782102865
959,SoftWorx,3.822912099962538
960,SoftWorx,4.521235997446546
961,SoftWorx,4.541732067527137
962,SoftWorx,6.098206289086646
963,SoftWorx,4.37845868818847
964,SoftWorx,3.7467062022345248
965,SoftWorx,3.0990078517199073
966,SoftWorx,6.660054931794164
967,SoftWorx,4.564118690055565
968,SoftWorx,5.951553120908493
969,SoftWorx,6.141497060662819
970,SoftWorx,4.463388429285911
971,SoftWorx,9.845101177342098
972,SoftWorx,5.13629550827901
973,SoftWorx,6.1166419035644894
974,SoftWorx,7.647718930264822
975,SoftWorx,5.678231372185324
976,SoftWorx,5.631838432995515
977,SoftWorx,5.439775051135369
978,SoftWorx,4.69244383685282
979,SoftWorx,5.478825365169253
980,SoftWorx,3.794901840994231
981,SoftWorx,4.0376460507265675
982,SoftWorx,5.909777869857846
983,SoftWorx,5.394101430332382
984,SoftWorx,5.157061992838642
985,SoftWorx,5.33207311937461
986,SoftWorx,3.961523349388257
987,SoftWorx,5.983725093855534
988,SoftWorx,4.393711170631871
989,SoftWorx,5.33855491076735
990,SoftWorx,5.788862689442744
991,SoftWorx,5.161672336528915
992,SoftWorx,5.419706131745129
993,SoftWorx,5.411811159712534
994,SoftWorx,3.6977723432319296
995,SoftWorx,4.881475583716936
996,SoftWorx,6.66751219571474
997,SoftWorx,6.183083978994132
998,SoftWorx,5.758974445201236
999,SoftWorx,6.228616084420755
1000,SoftWorx,6.831103264247115
1001,SoftWorx,6.456026677421753
1002,SoftWorx,6.233798871822937
1003,SoftWorx,6.6533195094929845
1004,SoftWorx,6.988884271374069
1005,SoftWorx,5.6822582003931705
1006,SoftWorx,5.135346307173736
1007,SoftWorx,5.188773384632953
1008,SoftWorx,4.932865935324277
1009,SoftWorx,5.142013992999885
1010,SoftWorx,6.081410327726026
1011,SoftWorx,3.098161604297432
1012,SoftWorx,4.973380845182956
1013,SoftWorx,6.941591466174165
1014,SoftWorx,9.918938334829257
1015,SoftWorx,10.28083151923562
1016,SoftWorx,6.082022736517156
1017,SoftWorx,5.102150977051389
1018,SoftWorx,5.636286260995604
1019,SoftWorx,6.287384504988499
1020,SoftWorx,5.5886900924184335
1021,SoftWorx,3.095139707895159
1022,SoftWorx,5.836380105536297
1023,SoftWorx,5.493202128594588
1024,SoftWorx,4.249517291502418
1025,SoftWorx,4.866216640776997
1026,SoftWorx,5.1440527073401885
1027,SoftWorx,5.298475213401359
1028,SoftWorx,4.002686379298407
1029,SoftWorx,5.2229179158605765
1030,SoftWorx,4.6249663819022615
1031,SoftWorx,5.007061467410148
1032,SoftWorx,2.2156760232154236
1033,SoftWorx,5.66228751353084
1034,SoftWorx,6.596213935433952
1035,SoftWorx,5.293330233360736
1036,SoftWorx,4.956741594855589
1037,SoftWorx,5.4544371999697105
1038,SoftWorx,5.424350854076849
1039,SoftWorx,7.967058027231312
1040,SoftWorx,6.328256757525312
1041,SoftWorx,5.6107589088163214
1042,SoftWorx,4.896337639247115
1043,SoftWorx,5.8332350225033185
1044,SoftWorx,5.430245929101802
1045,SoftWorx,5.7759486906076605
1046,SoftWorx,4.388316423849971
1047,SoftWorx,5.3173702502585245
1048,SoftWorx,7.911195215577081
1049,SoftWorx,5.369985899583887
1050,SoftWorx,5.006463356436684
1051,SoftWorx,4.105369779918435
1052,SoftWorx,6.4278383377089385
1054,SoftWorx,11.050910088871424
1055,SoftWorx,7.836424291194942
1056,SoftWorx,9.147611888117865
1057,SoftWorx,5.472195332170598
1058,SoftWorx,3.639225239834884
1059,SoftWorx,4.430054596151405
1060,SoftWorx,4.764044623226768
1061,SoftWorx,4.969900657687243
1062,SoftWorx,4.726793963217422
1063,SoftWorx,4.096565627359833
1064,SoftWorx,3.104862394984269
1065,SoftWorx,4.985045422549492
1066,SoftWorx,6.786842824083982
1067,SoftWorx,6.814415463727443
1068,SoftWorx,5.810231970604218
1069,SoftWorx,10.186755982808736
1070,SoftWorx,5.812264574787801
1071,SoftWorx,5.276808972854375
