,Illumination,Exposure time,Light transmission,F1 score,SNR
0,Noisy,0.010s,10%,0.21782178,2.814165822077845
1,Noisy,0.010s,10%,0.7058824,3.066807012130747
2,Noisy,0.010s,10%,0.6779661,2.907753873031821
3,Noisy,0.010s,10%,0.85106385,2.938130887346191
4,Noisy,0.010s,10%,0.26865673,2.4714854391920795
5,Noisy,0.010s,10%,0.7173913,2.731536421878412
6,Noisy,0.010s,10%,0.040816326,2.3034697491040856
7,Noisy,0.010s,10%,0.9589041,3.0612531416630766
8,Noisy,0.010s,10%,0.15564202,2.422110935508079
9,Noisy,0.010s,10%,0.23121387,2.32584168821492
10,Noisy,0.010s,10%,0.25842696,2.6546954027143004
11,Noisy,0.010s,10%,0.47272727,2.1613656301880675
12,Noisy,0.010s,10%,0.54385966,2.1865978125792696
13,Noisy,0.010s,10%,0.12307692,2.0768334121358083
14,Noisy,0.010s,10%,0.030534351,1.9275258364955121
15,Noisy,0.010s,10%,0.012578616,2.154069000637619
16,Noisy,0.010s,10%,0.0,1.84520827756046
17,Noisy,0.010s,10%,0.4733728,2.511814684404895
18,Noisy,0.010s,10%,0.14814815,2.9106597593411916
19,Noisy,0.010s,10%,0.0,2.771125104885954
20,Noisy,0.010s,10%,0.8888889,5.730035511613761
21,Noisy,0.010s,10%,0.9315069,5.184116856622125
22,Noisy,0.010s,10%,0.84375,3.6803483211442614
23,Noisy,0.010s,10%,0.8695652,4.259847094155391
24,Noisy,0.010s,10%,0.9130435,6.111587734676695
25,Noisy,0.010s,10%,0.7761194,3.335382291987472
26,Noisy,0.010s,10%,0.6545454,3.300803543259807
27,Noisy,0.010s,10%,0.9041096,3.691474110986312
28,Noisy,0.010s,10%,0.7326733,2.997207649840483
29,Noisy,0.010s,10%,0.8604651,5.104079305101243
30,Noisy,0.010s,10%,0.78313255,3.2735678841950593
31,Noisy,0.010s,10%,0.3566879,2.4224514550404135
32,Noisy,0.010s,10%,1.0,4.148552856433674
33,Noisy,0.010s,10%,0.03076923,1.965796322586307
34,Noisy,0.010s,10%,0.71428573,2.796902699984195
35,Noisy,0.010s,10%,0.116504855,2.1107532033701824
36,Noisy,0.010s,10%,0.027777778,2.0725969366196546
37,Noisy,0.010s,10%,0.7741935,4.694751247770827
38,Noisy,0.010s,10%,0.875,3.483113458804177
39,Noisy,0.010s,10%,0.3448276,2.747988536472346
40,i1,0.010s,50%,0.8702929,5.755724066283869
41,i1,0.010s,50%,0.7058824,6.098907293835462
42,i1,0.010s,50%,0.8867925,5.799737410648543
43,i1,0.010s,50%,0.75,5.817732896581913
44,i1,0.010s,50%,0.82608694,4.642626635940141
45,i1,0.010s,50%,1.0,5.4105388585504315
46,i1,0.010s,50%,0.79452056,4.370597415323108
47,i1,0.010s,50%,0.9589041,6.177784919940455
48,i1,0.010s,50%,0.7692308,4.604703064992955
49,i1,0.010s,50%,0.77697843,4.150748474615864
50,i2,0.025s,10%,0.6166008,4.712037614321778
51,i2,0.025s,10%,0.7058824,5.113745926045831
52,i2,0.025s,10%,0.82568806,4.788177134695861
53,i2,0.025s,10%,0.8695652,4.770518439750608
54,i2,0.025s,10%,0.75,3.856386428630086
55,i2,0.025s,10%,1.0,4.5474626366102155
56,i2,0.025s,10%,0.30232558,3.632308497545391
57,i2,0.025s,10%,0.9589041,5.157929845771471
58,i2,0.025s,10%,0.45945945,3.8586717632587497
59,i2,0.025s,10%,0.59310347,3.521178311449433
60,i3,0.025s,50%,0.928,5.859502029640849
61,i3,0.025s,50%,0.95652175,5.474035518273759
62,i3,0.025s,50%,0.9879518,5.543762364641078
63,i3,0.025s,50%,0.9032258,5.2481763506684445
64,i3,0.025s,50%,0.9586777,4.672602045523198
65,i3,0.025s,50%,0.6831683,5.495789976235456
66,i3,0.025s,50%,0.7912088,3.965143350944774
67,i3,0.025s,50%,0.9219858,6.229477454710807
68,i3,0.025s,50%,0.6938776,7.589170182245043
69,i3,0.025s,50%,0.6268657,2.329333519207575
70,i4,0.050s,10%,0.928,4.846721180489234
71,i4,0.050s,10%,0.95652175,4.290724657958347
72,i4,0.050s,10%,0.9411765,4.366003086007714
73,i4,0.050s,10%,0.9354839,4.115827819284946
74,i4,0.050s,10%,0.85714287,3.6720635890424926
75,i4,0.050s,10%,0.4784689,4.276762509777772
76,i4,0.050s,10%,0.5154639,3.2324056129564784
77,i4,0.050s,10%,0.8652482,4.9150359198558675
78,i4,0.050s,10%,0.7659575,5.978795563179947
79,i4,0.050s,10%,0.1724138,5.571511975294096
80,i5,0.050s,50%,0.9230769,30.493663840742087
81,i5,0.050s,50%,0.9230769,28.674163917505744
82,i5,0.050s,50%,0.86614174,14.577407782471363
83,i5,0.050s,50%,0.93333334,23.66874719264797
84,i5,0.050s,50%,0.94505495,16.429199033663302
85,i5,0.050s,50%,0.8923077,6.740073036951356
86,i5,0.050s,50%,0.98039216,8.738214955156343
87,i5,0.050s,50%,0.9166667,22.137323557050486
88,i5,0.050s,50%,0.875,17.971039314672066
89,i5,0.050s,50%,0.8915663,25.50060720237488
90,i6,0.100s,10%,0.8965517,26.56489260056333
91,i6,0.100s,10%,0.9230769,24.614500886341933
92,i6,0.100s,10%,0.8888889,9.338681029018034
93,i6,0.100s,10%,0.93333334,19.90294979611092
94,i6,0.100s,10%,0.94505495,14.348057760701296
95,i6,0.100s,10%,0.8923077,5.691109680930201
96,i6,0.100s,10%,0.98039216,8.733673823673488
97,i6,0.100s,10%,0.9166667,18.572627786452166
98,i6,0.100s,10%,0.8453608,15.038016278766815
99,i6,0.100s,10%,0.9268293,11.34799761189234
100,i7,0.100s,50%,0.9166667,29.054062227803477
101,i7,0.100s,50%,0.9166667,26.525332045800106
102,i7,0.100s,50%,0.86614174,12.3281955312251
103,i7,0.100s,50%,0.93333334,21.9008956317893
104,i7,0.100s,50%,0.94505495,11.728795169942106
105,i7,0.100s,50%,0.8923077,11.568550514988738
106,i7,0.100s,50%,0.98039216,10.558813471205802
107,i7,0.100s,50%,0.9166667,20.830709423869337
108,i7,0.100s,50%,0.82828283,17.040527696103478
109,i7,0.100s,50%,0.8915663,18.3371278331934
110,i8,0.100s,100%,0.8447205,16.34899852247112
111,i8,0.100s,100%,0.7234042,11.262482737064751
112,i8,0.100s,100%,1.0,9.20104493242119
113,i8,0.100s,100%,0.7755102,11.220218273479068
114,i8,0.100s,100%,0.85365856,10.371084281567033
115,i8,0.100s,100%,0.9622642,7.902941906065097
116,i8,0.100s,100%,0.8,8.372460802602308
117,i8,0.100s,100%,0.7741935,17.557747517287364
118,i8,0.100s,100%,0.875,15.144278683901055
119,i8,0.100s,100%,0.83116883,14.76726485628909
120,i9,0.200s,10%,0.8447205,19.436122621666687
121,i9,0.200s,10%,0.7062937,8.069818949208912
122,i9,0.200s,10%,1.0,12.277238481204597
123,i9,0.200s,10%,0.64705884,12.775154770073748
124,i9,0.200s,10%,0.83950615,9.04620288067993
125,i9,0.200s,10%,0.9622642,4.536777393133962
126,i9,0.200s,10%,0.8,6.080714253560166
127,i9,0.200s,10%,0.7741935,13.337507809546166
128,i9,0.200s,10%,0.890625,11.16847450503475
129,i9,0.200s,10%,0.82251084,10.54717963253541
130,i10,0.200s,50%,0.8447205,16.006457696281853
131,i10,0.200s,50%,0.71378094,11.05095547570787
132,i10,0.200s,50%,1.0,13.389306965844545
133,i10,0.200s,50%,0.7326733,11.090423526690422
134,i10,0.200s,50%,0.8433735,10.090633599894975
135,i10,0.200s,50%,0.9622642,7.6789644827111685
136,i10,0.200s,50%,0.8,6.757377688050759
137,i10,0.200s,50%,0.7741935,17.608500822340403
138,i10,0.200s,50%,0.875,14.837217634346601
139,i10,0.200s,50%,0.8471616,15.032935763895004
140,Target,0.200s,100%,0.9237288,11.624208660803399
141,Target,0.200s,100%,0.7058824,9.70671274079658
142,Target,0.200s,100%,0.8598131,13.82870334079869
143,Target,0.200s,100%,0.85106385,9.10450679396789
144,Target,0.200s,100%,0.93333334,11.075239628302308
145,Target,0.200s,100%,0.96,12.48701939088974
146,Target,0.200s,100%,0.92753625,10.823458221367938
147,Target,0.200s,100%,0.9589041,8.894582698921944
148,Target,0.200s,100%,0.85106385,11.208203252648744
149,Target,0.200s,100%,0.7746479,9.672635799164825
150,Target,0.200s,100%,0.9047619,6.816301835436534
151,Target,0.200s,100%,0.94623655,7.9073385048879645
152,Target,0.200s,100%,0.96385545,7.989129194685937
153,Target,0.200s,100%,0.91803277,7.490556866618
154,Target,0.200s,100%,0.96666664,6.581204728424814
155,Target,0.200s,100%,0.921466,5.507479139134947
156,Target,0.200s,100%,0.85714287,6.7973932749752
157,Target,0.200s,100%,0.90140843,7.0537024544576825
158,Target,0.200s,100%,0.53968257,8.611657617685422
159,Target,0.200s,100%,0.78125,8.019156430436933
160,Target,0.200s,100%,0.9166667,12.812731291301816
161,Target,0.200s,100%,0.93793106,10.555928514236406
162,Target,0.200s,100%,0.86614174,9.535966954285318
163,Target,0.200s,100%,0.93333334,9.946781036829671
164,Target,0.200s,100%,0.94505495,13.85281539337686
165,Target,0.200s,100%,0.8787879,9.112299470986393
166,Target,0.200s,100%,0.96153843,10.218580235519413
167,Target,0.200s,100%,0.9166667,9.995067614128759
168,Target,0.200s,100%,0.8367347,9.282245813215559
169,Target,0.200s,100%,0.8915663,8.86770201452841
170,Target,0.200s,100%,0.8447205,8.485115770318764
171,Target,0.200s,100%,0.71378094,5.774127699416757
172,Target,0.200s,100%,1.0,7.361482876885318
173,Target,0.200s,100%,0.81632656,5.947468849823145
174,Target,0.200s,100%,0.8433735,8.061416983363655
175,Target,0.200s,100%,0.9622642,5.354175158777425
176,Target,0.200s,100%,0.8,3.766997951401009
177,Target,0.200s,100%,0.7741935,10.135509325658944
178,Target,0.200s,100%,0.86153847,8.663424048143343
179,Target,0.200s,100%,0.8189655,12.144435116064143
