,Representation,label,Width,Length,SurfaceArea,Volume
0,Medial axis,1,0.8311505921345118,1.9142114135049162,4.422100644581499,0.771416489354884
1,Medial axis,1,0.5333867428976804,2.884601536066477,4.4428011119126705,0.589325761007109
2,Medial axis,1,0.6854856606127467,4.039790547807594,6.894938860830806,1.178746903690267
3,Medial axis,1,0.6085529583759312,4.37453406281614,7.16935146290402,1.0735235402837653
4,Medial axis,1,0.6591941787210868,2.2636469502090626,3.847160729154572,0.5620463934963051
5,Medial axis,1,0.6288311261123531,4.487537102659178,6.040311811181438,0.8915729101222899
6,Medial axis,1,0.7949061054521575,2.4379023701611473,5.590104675933311,0.98245587528211
7,Medial axis,1,0.6499711047997774,3.1074764831994317,4.973974288631944,0.8044198504997424
8,Medial axis,1,0.5756174010380278,3.142570286066477,5.183757578002872,0.7941010135210188
9,Medial axis,1,0.595699796747611,2.2709765184441295,3.461607254174175,0.5202246469900695
10,Medial axis,1,0.6702652050690059,3.71461970942904,6.2473153480916945,1.0373594067679954
11,Medial axis,1,0.6412952845066829,2.221284982790628,3.9814934682114775,0.5734888258248992
12,Medial axis,1,0.6906101147157223,3.4383176848368686,6.976012240429226,1.2008425301741619
13,Medial axis,1,0.6776990211996887,3.9790702508217795,7.36190085305779,1.2476782160236788
14,Medial axis,1,0.6440017219238104,3.442864654776441,5.22087861018632,0.8022148995311374
15,Medial axis,1,0.6514515411126409,5.587601723469964,6.377174679296338,0.9758946937348503
16,Medial axis,1,0.6578242661409857,4.177130131969823,6.8547963553252425,1.0914984623916708
17,Medial axis,1,0.7255769890646236,2.4736447732154234,4.939385688198737,0.799252574271485
18,Medial axis,1,0.6138934438633299,2.884601536066478,5.027459975077005,0.8337077496039559
19,Medial axis,1,0.5687054002465378,4.82072891440742,7.038188163708372,1.0250519902916873
20,Medial axis,1,0.6361289954004842,2.167857905331411,3.8249706636767384,0.5626797737444468
21,Medial axis,1,0.6018060172722489,2.3747049144114203,3.3967389766593032,0.5051082421390852
22,Medial axis,1,0.6720081278322423,3.4249302136302253,5.973021314903839,0.9370785217920476
23,Medial axis,1,0.7318098704884002,2.459869762296086,5.013431183470404,0.8213482007553801
24,Medial axis,1,0.7101301646691701,3.184836447128957,5.936899602280776,0.963805769409386
25,Medial axis,1,0.6912315094148075,2.3244035959033464,4.1076476849365715,0.6258426098779023
26,Medial axis,1,0.7323515760677097,2.8780239383177832,5.1906887445784395,0.8525698297722007
27,Medial axis,1,0.706020781365528,3.098309845903346,5.884123282665426,0.9502807671530266
28,Medial axis,1,0.7427488203788266,2.1789230153721935,4.820131804876109,0.7982931787173072
29,Medial axis,1,0.729884976936859,2.7399687323776525,6.003793524056838,1.0089142041761843
30,Medial axis,1,0.6170337877932884,2.6689947534849123,4.554964456582625,0.7044942843688415
31,Medial axis,1,0.6300566674759711,3.5920213194658244,5.684129637811947,0.89667094725462
32,Medial axis,1,0.7190989850600589,2.348432288729609,5.150934355675883,0.846909994964935
33,Medial axis,1,0.6970070056175713,2.3257033285062505,4.769300557862822,0.762944807720604
34,Medial axis,1,0.6697570315493878,2.6625129620921726,4.7976479536900944,0.7949545729441386
35,Medial axis,1,0.6127357463498891,3.4566509594290395,5.161786410493038,0.7856740483969897
36,Medial axis,1,0.609183146186984,3.0371736908449423,5.160567837520997,0.792467752868481
37,Medial axis,1,0.6805181140254898,3.5125862924875264,6.344194712487976,1.009851272791992
38,Medial axis,1,0.6916598702070977,5.459074788476957,8.218398289665847,1.3516852058942845
39,Medial axis,1,0.7341603809350977,3.020067702459217,6.81029980472659,1.1558987161793393
40,Medial axis,1,0.6642086352584342,3.1784504620921714,5.524133291606161,0.9193818950315865
41,Medial axis,1,0.6927317346529065,2.7556171610664775,5.422411529671418,0.866292014750202
42,Medial axis,1,0.6837449952066261,3.9634218221329545,7.606082071791255,1.254772269533576
43,Medial axis,1,0.7242299481573725,3.55894685067464,7.240334886762982,1.3009378979886903
44,Medial axis,1,0.684793107521227,2.4423228608625642,4.148082706377568,0.7070223739060504
45,Medial axis,1,0.7123497200401613,3.1296067032809978,5.6365009509307455,0.9132021206072983
46,Medial axis,1,0.6644106237895442,3.3875754532809976,5.883575471704626,0.9030897624584631
47,Medial axis,1,0.643763810071963,2.6045025659849124,4.592419999252072,0.730617876253332
48,Medial axis,1,0.7056922842861694,1.8683749647553036,3.451349955720489,0.5196628493151344
49,Medial axis,1,0.6961753054187539,2.706773402255304,5.256087261850564,0.828932469367006
50,Medial axis,1,0.6973022634209294,3.065114515780998,5.341677293660109,0.9337077357424362
51,Medial axis,1,0.5903269200650886,2.297690057173738,3.5499870784240066,0.5191010516401992
52,Medial axis,1,0.6934361994219369,2.110695286066478,4.11658144964139,0.628370699415111
53,Medial axis,1,0.6432253474021327,6.200272003245782,6.308788261179526,1.0098313206961664
54,Medial axis,1,0.7243665393118179,2.4636053041018027,4.991825327483967,0.8148553472171812
55,Medial axis,1,0.7513122488763596,2.582372345903347,4.959992710235383,0.8306178623918121
56,Medial axis,1,0.6592076962456815,2.1706041549184345,4.285609110879455,0.7120785529804677
57,Medial axis,1,0.6128973849027722,5.004993915963839,5.646586542091905,0.8662920147502025
58,Medial axis,1,0.6891064306283187,4.085924405740214,7.546187126710287,1.2254872078637349
59,Medial axis,1,0.6660662664331183,4.2729191768474735,7.157088365252483,1.1856739929509093
60,Medial axis,1,0.6603125613516749,3.233335099248288,5.195776435709084,0.7926742316983695
61,Medial axis,1,0.6104148876868074,2.453387970903347,3.8217760854163605,0.5930490284673949
62,Medial axis,1,0.7245360932721894,5.771507729507116,8.672644828404769,1.4812214280247795
63,Medial axis,1,0.7647645118380975,2.291233320756206,4.820043699031409,0.8118930219575287
64,Medial axis,1,0.6449936905695156,4.627348158263375,8.128282497188662,1.30702229073693
65,Medial axis,1,0.6363369415669716,3.659965345763375,6.094402523362747,0.9632021136765383
66,Medial axis,1,0.7555448373156287,2.5702427776027434,5.215773687519509,0.8776697459959633
67,Medial axis,1,0.590365735884048,2.0130077684441297,3.0717241091389287,0.4466291515735479
68,Medial axis,1,0.6612061135176882,2.826984326538542,4.90750491950573,0.760393153024902
69,Medial axis,1,0.7341948322372754,2.2866500021081633,4.981290781206023,0.8161065045195433
70,Medial axis,1,0.700137885465259,2.6487630061480436,5.56227442269761,0.8887639217476135
71,Medial axis,1,0.5934556287396722,1.9209542653721934,3.194056344347546,0.46625988991983985
72,Medial axis,1,0.6198174457965911,2.8215669082633763,4.614542059155385,0.7107261911653978
73,Medial axis,1,0.600736044137585,1.8905051848368692,3.2354603333190175,0.47865161904485887
74,Medial axis,1,0.6040597739791648,2.7211945447376817,4.876347520727734,0.7284228179258593
75,Medial axis,1,0.5724593369399811,1.572627565984912,2.3522916385856445,0.3316671070417039
76,Medial axis,1,0.5813569492122673,2.495749938321781,3.5067454722545186,0.5033707167420113
77,Medial axis,1,0.6906990371859435,1.7882343485664778,3.405783637557348,0.5036516155794788
78,Medial axis,1,0.6152732091746361,2.797979128484912,4.917884679817192,0.7146038050833041
79,Medial axis,1,0.605343733161225,3.3295650571737365,5.448760695406085,0.8749998787116993
80,Medial axis,1,0.6910522459211202,2.1567927952906283,3.9762548309988266,0.605866612141257
81,Medial axis,1,0.6147232272083212,1.3779237172784649,2.592173640366375,0.340501523383048
82,Medial axis,1,0.6096843945568884,2.8904838587050747,5.259529995099309,0.7471909076639229
83,Medial axis,1,0.6975152364210953,2.121336507686097,4.1805553556128325,0.6530897971122634
84,Medial axis,1,0.6779406942119188,1.798875570186097,3.504365799211684,0.5137639737283138
85,Medial axis,1,0.6051580671168844,2.552558103197802,4.162847573018367,0.5992093526907446
86,Medial axis,1,0.6069156872288196,4.133920387709061,7.066001553293849,1.0738440753623455
87,Medial axis,1,0.619866226814099,2.2361300136941704,3.8605775018526693,0.5393779003101373
88,Medial axis,1,0.6216986950576817,2.4834131630175076,4.07310662117911,0.5730014481575431
89,Medial axis,1,0.6334246252232003,2.728903622336868,5.0429239439185665,0.7912920251463424
90,Medial axis,1,0.670540070543315,3.14067181332178,5.607009324501522,0.8681838866048965
91,Medial axis,1,0.5404657239285113,1.4012812235664776,2.1030016485296548,0.28146063514257547
92,Medial axis,1,0.561343410455462,1.9862942297145207,2.7818530147017073,0.43932578179938925
93,Medial axis,1,0.7369215470336625,2.4806768898152494,5.181135802640906,0.8648549586131976
94,Medial axis,1,0.5923688631332524,2.2396796610664778,3.799953780808971,0.5578650912107334
95,Medial axis,1,0.5904114699162871,2.3778306733625643,3.550398210224301,0.5165729621029903
96,Medial axis,1,0.6307216055702907,2.3934791020513897,3.618620771752546,0.5637639667975538
97,Medial axis,1,0.6446101492813173,2.165925029914437,4.10128438353095,0.6573451377321906
98,Medial axis,1,0.6340677063752946,1.7771692385256945,3.253209932119827,0.453221883657613
99,Medial axis,1,0.7046570646698259,1.3459807283377714,2.6961212325879487,0.38464589016924805
100,Medial axis,1,0.6555273952783037,2.4929692860624795,4.735875531581537,0.7072707107938515
101,Medial axis,1,0.6563119249350529,2.5464921698776517,4.832413412281375,0.7949437100334217
102,Medial axis,1,0.631447537547754,2.8762929897131486,5.1365675933028605,0.7505394060782237
103,Medial axis,1,0.6579832569207515,2.205257044737682,4.297105173603802,0.637973392261279
104,Medial axis,1,0.5786183312978138,1.9660624823776518,3.3758201286349174,0.4904493702184997
105,Medial axis,1,0.6554087791308592,2.022845592278465,3.69690575644082,0.5323032970011782
106,Medial axis,1,0.6351704790263707,1.895088503484912,3.3114739780296216,0.46116147111428607
107,Medial axis,1,0.7011360973597287,2.448804652255304,4.716006337551712,0.7396066390522965
108,Medial axis,1,0.5711119149302083,2.771495863245755,4.1731815222901725,0.591905982916586
109,Medial axis,1,0.5865924239483453,2.480101509632955,3.7695245808554168,0.5460673400370926
110,Medial axis,1,0.6661246177786722,2.2553280897553036,4.140872749404865,0.6132021621918584
111,Medial axis,1,0.5765783033463422,2.7887166848328704,4.184049997084176,0.5983145238060735
112,Medial axis,1,0.6551949347169226,4.93807279918434,7.980597552951405,1.3011234151501097
113,Medial axis,1,0.6921953209244551,2.2286145510256947,4.251797642783266,0.6511235052499899
114,Medial axis,1,0.6171484916189308,1.596032463694174,2.618576356394396,0.3493663372921891
115,Medial axis,1,0.6071233891044018,2.6704079341247677,4.0682691717745625,0.5625337711636613
116,Medial axis,1,0.6179500261521675,2.0339107023192478,3.7420383909062283,0.5228048688995466
117,Medial axis,1,0.6331183577816042,2.676699970835447,4.673838910038169,0.6782241289753085
118,Medial axis,1,0.5555324888691809,2.112152845763377,2.9466186292578675,0.40398466065073474
119,Medial axis,1,0.6418831411584135,1.676197406245858,3.127375361430705,0.4328651085376335
120,Medial axis,1,0.6503581181475991,5.092913371911773,5.786772282380551,0.9022470659460602
121,Medial axis,1,0.6384642800276319,1.7164125928314105,3.0627944093425725,0.4243315431295823
122,Medial axis,1,0.681913858091021,2.102986208467291,4.137147373435281,0.6303891236496526
123,Medial axis,1,0.6275902086607102,2.9173559531410285,4.72931248774214,0.6831236850859901
124,Medial axis,1,0.6905251125377957,3.3106079874645653,6.589306531709367,1.071557248421492
125,Medial axis,1,0.5992108432787401,3.365060749304587,4.321616130491543,0.6421347424510255
126,Medial axis,1,0.651545907256032,1.8683749647553036,3.2867924701642424,0.4632021829841387
127,Medial axis,1,0.6305346811631817,2.464638975377538,4.03296737958766,0.5750198723920847
128,Medial axis,1,0.5829299995549608,1.8527265360664777,3.0415932886805805,0.4466291515735479
129,Medial axis,1,0.6165298199739954,2.8840020673123354,4.996065034807063,0.7139704248351623
130,Medial axis,1,0.5436634962881414,5.7148864023342565,5.119197530896722,0.7620785460497079
131,Medial axis,1,0.5290378037219683,3.7553781077405435,3.267888215574601,0.4764044283451176
132,Medial axis,1,0.5829965321105841,3.363274363794702,4.8648873579170715,0.6803569364424499
133,Medial axis,1,0.5972406567957771,4.551373227136329,4.287471118413576,0.6803369843466244
134,Medial axis,1,0.6402700884465548,2.1263437147553033,3.847934597784631,0.5496446049165927
135,Medial axis,1,0.7568566489023025,7.417326531974967,14.128498533966162,2.604180941886049
136,Medial axis,1,0.7571386000695255,1.7596473920673799,4.0485702870188,0.6546005358863671
137,Medial axis,1,0.6407512959326854,2.041100085141316,3.746293860146507,0.5345179257512528
138,Medial axis,1,0.5158593035828191,2.495749938321781,3.0832687408447614,0.4308988166753601
139,Medial axis,1,0.5655598625941777,3.1563202420106053,3.948226477951814,0.6196628354536141
140,Medial axis,1,0.5250990394535976,2.1263437147553037,2.9247793534957904,0.4132021899148987
141,Medial axis,1,0.6363703999690941,2.217549440984912,4.03521083493794,0.579626360518051
142,Medial axis,1,0.5600038233211947,2.032391738938671,2.8180262218041725,0.3878891142663682
143,Medial axis,1,0.725208593435159,1.5947577860664774,3.3997290530454323,0.5191119145509158
144,Medial axis,1,0.5650716115885408,1.6786339440610194,2.4950973326455905,0.347439681671028
145,Medial axis,1,0.6375477775310899,2.4727719413978884,3.9072813929118166,0.6179452621523657
146,Medial axis,1,0.6894463945932428,1.8744328677268798,3.821039145717138,0.57612351564613
147,Medial axis,1,0.641169377482503,1.544686741048856,3.0461906043188045,0.4230857815985342
148,Medial axis,1,0.6491308787607438,2.444831116461833,4.200940273444277,0.6126081842404802
149,Medial axis,1,0.6641566125656003,1.5394572908377715,2.925324374188017,0.4161065599656236
150,Medial axis,1,0.6173817393247418,2.7875238012987014,4.5944428926841425,0.6525479515331535
151,Medial axis,1,0.6272851277262169,3.0914435706157617,4.121699271951259,0.5865167726324327
152,Medial axis,1,0.6080319178083208,1.5541984850367847,3.046251417391803,0.4694238154663393
153,Medial axis,1,0.556184289511186,1.7851085896153338,2.6114614883742178,0.35847904898097704
154,Medial axis,1,0.5885244610604992,2.5256366274237827,4.062302070112036,0.5948719212389066
155,Medial axis,1,0.6400374991188825,2.1419921434441296,3.717268148859648,0.5285771921065198
156,Medial axis,1,0.5935448741234998,2.0981829304292257,3.345939395398834,0.4460351736221697
157,Medial axis,1,0.6852534649796026,3.26965618832178,5.91121290951356,1.0100377995260552
158,Medial axis,1,0.5960813508735887,2.343363677976725,3.447302103912416,0.50670932251518
159,Medial axis,1,0.7019024004791733,1.8020093594858146,3.3091655847472308,0.5003762112059158
160,Medial axis,1,0.633763282463517,2.1165532823422173,3.432771920503782,0.4858831723014621
161,Medial axis,1,0.6007039643258139,4.184886600990258,6.816365592769451,1.0221190530271873
162,Medial axis,1,0.5423700813254426,1.6561242146153339,2.338505694932742,0.3112880442864135
163,Medial axis,1,0.698232183096783,2.3857950794274108,4.6234859052164055,0.7281107483845928
164,Medial axis,1,0.6195692018752345,1.4469992234265079,2.4784258598981572,0.32449028964739257
165,Medial axis,1,0.634263528720584,2.0652075596968995,3.2822168438429355,0.45679364209465106
166,Medial axis,1,0.6707090121999227,1.1875729137296087,2.5296846945659053,0.34606736776013275
167,Medial axis,1,0.5302972062310823,1.7615208098368689,2.523445301334188,0.367696578245141
168,Medial axis,1,0.6867727076099399,2.3124907090202367,4.332563493142332,0.6695562282388321
169,Medial axis,1,0.6501352061189763,2.0180179878775415,3.2334073873213645,0.4667498710772197
170,Medial axis,1,0.6067476011447237,3.2932439681002443,5.018884277374498,0.7553891063227527
171,Medial axis,1,0.5370802259002795,2.388895783403347,3.2735039849263075,0.4401684783117922
172,Medial axis,1,0.613510352300864,1.884023393444129,3.1782383455046426,0.4304690778227342
173,Medial axis,1,0.6343737654770643,1.9132451877730068,3.5375180345670945,0.498334489763419
174,Medial axis,1,0.5398615743168483,2.4533879709033464,3.3336777502036576,0.48146060741953534
175,Medial axis,1,0.5310398114613876,2.3244035959033464,3.0648708880231097,0.44522465738620964
176,Medial axis,1,0.5986535617913971,2.072492748874923,3.469184066252588,0.5115167830285727
177,Medial axis,1,0.6338431854870504,2.5289452684441294,4.282010275651926,0.6185392401037436
178,Medial axis,1,0.7161087655965452,2.8357577772553038,5.987371876509074,0.9817522998601192
179,Medial axis,1,0.6123325342634846,2.5178801584033472,4.029182243837737,0.6193819366161465
180,Medial axis,1,0.6940805902088159,1.9954859219858148,3.801846565106786,0.5734099089475022
181,Medial axis,1,0.5456765816625411,2.299588529918435,3.700698413554757,0.5438201493373515
182,Medial axis,1,0.5619211474406893,4.042879825609836,3.772044064889149,0.5565127293956633
183,Medial axis,1,0.5458605225693552,1.6546666549184348,2.780785893185145,0.3834269131433289
184,Medial axis,1,0.5914366723595773,3.386348167074551,5.6230853129895,0.8329171854638214
185,Medial axis,1,0.6904905114866206,2.6468895883785546,5.6081684746167415,0.8868930115613884
186,Medial axis,1,0.7020591128674745,1.8650663237349567,3.878613536290968,0.6083659283480701
187,Medial axis,1,0.54753739349086,3.4749520788364867,4.895016667206418,0.6926965331952009
188,Medial axis,1,0.6712068237236772,3.060107308711791,5.611467282952355,0.8690265831172994
189,Medial axis,1,0.5599060530782882,2.1341001837757396,3.4287878466381434,0.4836359816017213
190,Medial axis,1,0.5843239430476336,2.555658807173738,3.905252782267248,0.5863074563681716
191,Medial axis,1,0.5059769886185501,1.6458932042016734,2.2091193804689833,0.2786516467678991
192,Medial axis,1,0.5418614813229906,1.3783032266425848,2.0857970637778664,0.2774958711415856
193,Medial axis,1,0.5987006007029763,2.5266536091201077,4.3397396783505915,0.6045231176377268
194,Medial axis,1,0.5355305034832979,1.7638068222942596,2.628547346950604,0.36301667968423973
195,Medial axis,1,0.6916596166367145,2.6155676760256954,5.090333730132447,0.7960673053832922
196,Medial axis,1,0.6240464275914742,2.2943814161533913,3.9011139985805463,0.5532988932936957
197,Medial axis,1,0.6283614235121469,4.754849117946705,5.380621799593748,0.7834268576972484
198,Medial axis,1,0.6418957838208669,2.854762238385725,5.336478637575993,0.7935169282107727
199,Medial axis,1,0.5459445556207781,3.120440065984911,4.698005613467079,0.6820223773714305
200,Medial axis,1,0.5963363565183704,3.499495442478399,5.404789926922187,0.7828328797458703
201,Medial axis,1,0.595079964006502,2.2387360778681957,3.23159176089305,0.46288910387022814
202,Medial axis,1,0.5212713087453742,4.53670787244626,4.246363894022844,0.5556179005109922
203,Medial axis,1,0.6900322645990483,1.4344765536888258,2.9856245972681865,0.4462738327285011
204,Medial axis,1,0.6579853503751607,2.183082445599073,3.8422623588729934,0.5603610004714993
205,Medial axis,1,0.6434717361388443,2.5627503814210497,4.617365611972999,0.6786715434176439
206,Medial axis,1,0.5809495470393407,2.8793944223014334,4.406724490460413,0.5965573142637125
207,Medial axis,1,0.6113321545783594,2.7159400395513895,4.212359407541429,0.6384086375563669
208,Medial axis,1,0.644921875,1.439059872336869,2.6133289784996685,0.35112354683455027
209,Medial axis,1,0.6202452635316846,1.8481432174184347,3.4441343759823395,0.5308988028138399
210,Medial axis,1,0.6209920660786712,1.8560825685080735,3.378760039559365,0.4680295955933568
211,Medial axis,1,0.623274358052585,2.514571517383,4.276357618226544,0.6106022561370944
212,Medial axis,1,0.6989871272613528,3.7542968309441287,7.435937565500341,1.3024534893298685
213,Medial axis,1,0.6802977945173093,1.5114914109265079,2.751604967146372,0.3927487071520291
214,Medial axis,1,0.638059955082872,3.1478508177731896,4.561921411848613,0.6648875482859044
215,Medial axis,1,0.6405286484725844,3.054500632888442,5.458617434667527,0.8106418646551666
216,Medial axis,1,0.5707658417121632,2.3146687783358155,3.503859255484028,0.4842695957942117
217,Medial axis,1,0.6105649446197547,2.550476019771553,4.019512784461167,0.6058987924176998
218,Medial axis,1,0.6012665706212151,3.313916628484911,5.5953467982600396,0.8475433752130767
219,Medial axis,1,0.6783917693049722,1.5298417101453141,2.8185894464009467,0.39747185501671084
220,Medial axis,1,0.6583979716406881,2.3524161386235094,4.325255053684335,0.6423412212809139
221,Medial axis,1,0.7096472593308967,2.0084244497960864,3.8947106345136633,0.6005617145058146
222,Medial axis,1,0.7207516516507692,2.754768579078533,5.04658846888701,0.81615290059055
223,Medial axis,1,0.6248747026963001,2.900249964755303,4.989850963028581,0.8353931426287619
224,Medial axis,1,0.6799347579121827,2.7730682561440454,5.5272109165074275,0.9312215042631399
225,Medial axis,1,0.6382325651952697,2.4709348723368687,4.638554913371643,0.6788580701517072
226,Medial axis,1,0.6686175132081479,2.296462770967291,4.1514794506576775,0.6224718238282906
227,Medial axis,1,0.5618156676664825,1.7882343485664778,2.8422061092176145,0.39438196780456686
228,Medial axis,1,0.6297625989285114,1.648184863525695,2.7302006033695747,0.3682583759200763
229,Medial axis,1,0.6586881641345537,2.4233657911533912,4.329455305475083,0.6493662957076287
230,Medial axis,1,0.7104959748341892,3.730824769550278,4.905471941977263,0.7859549472344572
231,Medial axis,1,0.7363354405421765,2.3935041570265976,4.99169969539858,0.8194772905691551
232,Medial axis,1,0.6049263370966776,2.1345323661808298,3.279422363553111,0.4888058352516065
233,Medial axis,1,0.5908635464000738,2.661285675885725,4.420954260400308,0.6542655248344021
234,Medial axis,1,0.5575770767312759,1.7992994586072604,2.825889418311398,0.39691005734177565
235,Medial axis,1,0.6060094167436262,3.8914244860649077,5.804793196902945,0.9228539956106928
236,Medial axis,1,0.7292677679237087,1.6776181145645954,3.193309173973893,0.4833296362493092
237,Medial axis,1,0.6353116321179486,1.226340854718692,2.2038056071343934,0.285047959476769
238,Medial axis,1,0.7295679000413402,1.8748567561480431,3.515744217633077,0.5438201493373513
239,Medial axis,1,0.5035755709731952,2.706491029210505,2.398922796436699,0.3441010758978592
240,Medial axis,1,0.5931432359990386,2.168705682173738,3.3233303401138463,0.4862358876564851
241,Medial axis,1,0.5570536647673261,2.8559895245921716,4.002493648938376,0.591011154031915
242,Medial axis,1,0.6371845835751911,2.968477694061019,5.4362587826077515,0.8039002925559434
243,Medial axis,1,0.5360969498237433,4.8353629221762,3.819581352797163,0.5391164516736081
244,Medial axis,1,0.5307837883953341,1.9218020422145208,2.5257127684763114,0.37528084685676727
245,Medial axis,1,0.6656740876393968,2.631216104714521,4.900119937033645,0.7434648027692643
246,Medial axis,1,0.6387722638762878,1.8195562609193372,3.6312494161815576,0.5863312554710136
247,Medial axis,1,0.6589053368298561,1.8183039197376822,3.5005911997657795,0.5073554328388263
248,Medial axis,1,0.5604912054537963,1.6325364348368687,2.6541744899712016,0.36621766405022366
249,Medial axis,1,0.6300550051496463,2.665686112464565,4.895069565596509,0.7155840013424127
250,Medial axis,1,0.7092904928878414,2.1061119674184345,4.468241756514834,0.7033706890189708
251,Medial axis,1,0.6093437744066715,2.8180753851738274,5.000496746398666,0.7167102001823072
252,Medial axis,1,0.5517570596893105,2.8090442385256944,4.300305390531255,0.6407302482636873
253,Medial axis,1,0.6528157973214076,2.468188622749845,4.350377772621698,0.6404171691497766
254,Medial axis,1,0.5649644891522322,2.291233320756206,3.1977269570935043,0.4744381364828443
255,Medial axis,1,0.7526008131208296,2.5989078374022974,4.796275417097915,0.7957864065458247
256,Medial axis,1,0.5628682649315748,3.1471536047145197,4.842018656795436,0.717415630892353
257,Medial axis,1,0.6533603676803833,2.920057823671008,5.09501615844559,0.7636895190669345
258,Medial axis,1,0.6598259475760718,1.3589192561480432,2.6435258490591536,0.36123590498338526
259,Medial axis,1,0.6209689208368835,1.5901744674184348,3.001226097999882,0.4208580410997315
260,Medial axis,1,0.7098619667263804,1.18569949596012,2.7056122342981803,0.38885937273126253
261,Medial axis,1,0.7297710630554795,2.177897374445032,4.220491833698271,0.6711627043862411
262,Medial axis,1,0.6654174616409617,2.4657520849346835,4.677140051320854,0.7016852959941652
263,Medial axis,1,0.670727111622874,2.454662648531043,4.118645435179375,0.6249280968479443
264,Medial axis,1,0.5328747201921857,1.7719864511235097,2.3876319400490487,0.3137640014513541
265,Medial axis,1,0.5449101089455135,1.608114555431282,2.3108008269533533,0.2936797345724178
266,Medial axis,1,0.6269326484245344,1.6104062147553033,2.775013358274611,0.37267833731197936
267,Medial axis,1,0.6410834946969498,1.8227043563165224,3.460951483525238,0.4951528339378941
268,Medial axis,1,0.6156057466937412,3.347016152251305,5.2943557081329065,0.8098313484192067
269,Medial axis,1,0.5727481109331862,2.494902161479454,3.798015790928041,0.5446306655733114
270,Medial axis,1,0.6400361678112254,3.6142473459033457,6.389193916966441,0.9632021136765382
271,Medial axis,1,0.6205229496700778,2.453814871688716,4.13119726516007,0.5872554723508375
272,Medial axis,1,0.5917378883373827,3.1394445271153337,5.115430242300034,0.7483116655794209
273,Medial axis,1,0.5669697203710466,2.88270306332178,4.072811239046216,0.6129212633543908
274,Medial axis,1,0.6384310269075615,2.694236720255193,4.22553366265334,0.6167498502849396
275,Medial axis,1,0.6455277610050062,2.3926313252090625,4.132005965123587,0.6012978107341955
276,Medial axis,1,0.6135423152605549,3.409705673362563,5.651813268796151,0.8595504426509789
277,Medial axis,1,0.728791943693822,3.616145818648043,7.951328989027219,1.3581458791560401
278,Medial axis,1,0.5771269240550526,2.2188241186126088,3.2891319853348526,0.47183823042808004
279,Medial axis,1,0.6182399238417442,3.9771717780770817,5.939508542492226,0.9651684055388119
280,Medial axis,1,0.6988836628932341,1.4565704250619218,2.696526686390197,0.3865800017550786
281,Medial axis,1,0.6397413133527751,2.9403202728497164,5.188311414600673,0.7998594396891053
282,Medial axis,1,0.6454540404197321,2.5628948165404015,4.445246969092526,0.6469100226879754
283,Medial axis,1,0.6458736040850703,1.6740506254129761,3.138887195701465,0.4381700061730757
284,Medial axis,1,0.5006074066420524,1.7836510299184347,2.5879454992632556,0.3558988270715001
285,Medial axis,1,0.6466559400594347,2.0167433102498453,3.4824029210339185,0.49680344319623343
286,Medial axis,1,0.5713167416808151,3.28261977110726,4.730836166920783,0.6758426029471422
287,Medial axis,1,0.5720759491323535,2.2636469502090626,3.3305735243258177,0.4704733724818545
288,Medial axis,1,0.5710389857768606,2.893719758427858,3.9078223112059693,0.5342499047181645
289,Medial axis,1,0.6351704790263707,1.7274777028721933,3.1808075291046385,0.44118547337764064
290,Medial axis,1,0.6508162341267227,2.540437279270281,4.686358698023605,0.7043902875748435
291,Medial axis,1,0.6621132997999487,3.1692838247960857,4.928702940206827,0.7412920320771025
292,Medial axis,1,0.5193790655157796,2.0618515272553037,2.788258239893197,0.39634825966684034
293,Medial axis,1,0.6329196790510392,2.308755167214521,3.8853331798646256,0.6176965435913407
294,Medial axis,1,0.6670772832293898,2.4110260034849125,4.415236755365826,0.659550470374019
295,Medial axis,1,0.6105800944463214,2.9576428575106886,4.801895940762123,0.678671543417644
296,Medial axis,1,0.55805980846424,2.8716379532809975,3.896561018539788,0.590168457519512
297,Medial axis,1,0.5826102172184403,2.7145298712757397,4.615363556029641,0.67661348294199
298,Medial axis,1,0.6620651510890303,1.9107619871489459,3.869214483051664,0.6461627078516211
299,Medial axis,1,0.674187401288187,1.9237005149592175,3.4921986334911708,0.5103931876787022
300,Medial axis,1,0.5222439070167059,2.030554669877652,3.0124160067414687,0.3999999445539197
301,Medial axis,1,0.6262406802535828,3.4533423184086938,5.560798508231525,0.8179055981882128
302,Medial axis,1,0.6395866296591738,1.5934346935040753,2.9379282446435693,0.40543101289598554
303,Medial axis,1,0.6087203873304887,2.434993292627497,3.6320923681292587,0.5454733620857144
304,Medial axis,1,0.738387347291752,1.6703150836072604,3.401110946697915,0.5289325109515665
305,Medial axis,1,0.6047761505349003,4.377062630242792,3.7886449111299068,0.5770377947317394
306,Medial axis,1,0.545703125,1.3211406073776517,2.1167964725847312,0.2856741177045901
307,Medial axis,1,0.6142197524597734,1.716412592831411,2.807487647449727,0.3744059700679214
308,Medial axis,1,0.6909141589415624,2.90173257942741,5.9616166374893,0.9580125498129699
309,Medial axis,1,0.5351131961185955,1.6859635122960863,2.5225768397368675,0.3421347840355858
310,Medial axis,1,0.5978645284692071,2.171878832546131,3.9002389031771676,0.5356022665332346
311,Medial axis,1,0.6308454043621892,1.6325364348368692,2.8608670522945587,0.3893257887301493
312,Medial axis,1,0.613703800326553,5.616338531476256,6.4704121576358915,0.962453407594316
313,Medial axis,1,0.5875582604367888,2.6911249735664775,4.607921205289306,0.679213388996754
314,Medial axis,1,0.5744380095528555,3.173867143444128,4.940471903825598,0.7460673123140523
315,Medial axis,1,0.6147792784808568,2.3354687059441295,3.8518220564127956,0.5481052144725725
316,Medial axis,1,0.6490431795610289,1.9765281236642922,3.6222591808328595,0.5193075304700875
317,Medial axis,1,0.679281889734345,1.8370781073776519,3.6463416632654666,0.5390448691004015
318,Medial axis,1,0.7315196032228483,1.739129529280766,3.799763127249869,0.5931300865519606
319,Medial axis,1,0.632156181668749,2.4442213336072607,4.521865984447313,0.7070223739060502
320,Medial axis,1,0.6437413140679998,1.4317303041018021,2.375498266082773,0.31878800024932874
321,Medial axis,1,0.6222481744960231,1.648184863525695,2.7104083129746974,0.36235950033325587
322,Medial axis,1,0.5084107940605281,1.7504556997960865,2.318446692022289,0.3213482700629804
323,Medial axis,1,0.6593087258182243,3.7008697534849118,6.949043956493184,1.082865018437753
324,Medial axis,1,0.6620239847459247,4.445540196893603,7.072439871835153,1.185602176433354
325,Medial axis,1,0.5216584746711703,5.957754501041851,4.808418973471557,0.6971909145946829
326,Medial axis,1,0.5792801656091895,2.8707901764386707,4.42190683470395,0.6347991924004239
327,Medial axis,1,0.5665130204204305,2.700291610862563,3.8400123020847405,0.580056099370677
328,Medial axis,1,0.6328931318361777,1.6626060060080734,3.149267405133635,0.43572622928457805
329,Medial axis,1,0.621834035288386,4.12101820860726,5.229090782756686,0.7567414681378227
330,Medial axis,1,0.6773808038993715,2.4331562235664776,4.737736827100115,0.7227527088042381
331,Medial axis,1,0.6640414650025066,1.8103645686480432,3.5938484724322315,0.5205055458275372
332,Medial axis,1,0.638630997867997,2.470934872336869,4.565045256250302,0.6657302447983072
333,Medial axis,1,0.6389429022414826,3.0379770886302255,5.0608612327698195,0.7438201216143112
334,Medial axis,1,0.6546924459459106,4.444265519265907,7.179121815162409,1.168820062702851
335,Medial axis,1,0.5878796225743761,10.2118732565112,8.61355448916387,1.3020674261920075
336,Medial axis,1,0.5890153465175805,3.429937420699432,4.823250653594914,0.6878468329506717
337,Medial axis,1,0.6251562578693018,2.196718224893901,3.7313621176048115,0.5241572307146165
338,Medial axis,1,0.6761131918633627,2.330885387296086,4.548383084338008,0.693745708537492
339,Medial axis,1,0.5178768891139077,2.6186450200421327,3.590869975337944,0.4507708176180071
340,Medial axis,1,0.6442296346084716,2.779204940844943,4.7784649307628335,0.7030153701739242
341,Medial axis,1,0.5746788630192465,2.8891848547145202,4.688179543638674,0.669588408515275
342,Medial axis,1,0.644921875,1.4123463336072604,2.6133289784996685,0.35112354683455027
343,Medial axis,1,0.5492791855829772,4.722719569554764,4.058651047994552,0.5977527261311383
344,Medial axis,1,0.613646220173636,2.1170812711032623,3.689512712480776,0.5612777353182576
345,Medial axis,1,0.568528816159599,2.2442629797145206,3.491435849047139,0.49093674788585595
346,Medial axis,1,0.5977506117550646,3.326439298222593,5.314765816705909,0.7890969668188696
347,Medial axis,1,0.543228429716436,1.8748567561480431,2.9757039969193952,0.40730331432807837
348,Medial axis,1,0.6857552624397926,2.266393199796086,4.363336290685955,0.6654493459608394
349,Medial axis,1,0.5921680923591776,2.1973176936480434,3.918874258872693,0.5856740761200299
350,Medial axis,1,0.7304986404907376,1.8130744695265972,3.9622107063600653,0.622578068415056
351,Medial axis,1,0.6698800432798252,2.5713072358625637,4.6053242392801526,0.7026600513288774
352,Medial axis,1,0.5899738213432153,2.2774583098368693,3.906870672788503,0.5696628423843743
353,Medial axis,1,0.5556166677716371,4.628443434486057,4.227503099770752,0.6174846203632354
354,Medial axis,1,0.6398357469110394,2.351117134632956,3.790728520580322,0.5983145238060735
355,Medial axis,1,0.5126164371225108,1.7348072711072606,2.4410531259801878,0.346629165435068
356,Medial axis,1,0.5890098949041725,2.5621405985664776,4.378950486463964,0.6455055285006371
357,Medial axis,1,0.6950160914421648,2.9117419755814553,5.9317726574351655,0.9664689029321515
358,Medial axis,1,0.582921171614839,2.0655870690610194,3.2652048647994296,0.46794528294464555
359,Medial axis,1,0.6628694272380249,2.087717289142585,3.99635620746058,0.5890126818931984
360,Medial axis,1,0.6347678713785128,1.7919698903721932,3.308029976546904,0.4614101896753107
361,Medial axis,1,0.6172243082578419,1.708324005868104,3.1395163675261486,0.42763229537028463
362,Medial axis,1,0.5919720842676404,2.5951390343571945,3.7978636240441253,0.5405866290900967
363,Medial axis,1,0.5191275412662937,2.2442629797145206,2.9972922324521853,0.4300561201629571
364,Medial axis,1,0.592782080168699,2.6090858846329548,4.099607501720067,0.6013299910106384
365,Medial axis,1,0.5416355270541445,2.0084244497960864,2.905501111622729,0.42584263760094243
366,Medial axis,1,0.554371330192883,3.280721298362563,4.769713619630752,0.7022470936691005
367,Medial axis,1,0.6668932137408673,2.1071012596371266,3.882810052004837,0.5749355597433735
368,Medial axis,1,0.5756202032507894,3.5772229151068777,5.225905816321651,0.7764043867605575
369,Medial axis,1,0.6364221962469603,2.5556588071737383,4.476284416748728,0.6482400968677344
370,Medial axis,1,0.6093312022468342,2.635799423362564,4.157852066329759,0.5789325040208063
371,Medial axis,1,0.6569898103590885,1.7919698903721935,3.305782222311741,0.47103517015678964
372,Medial axis,1,0.5282789378748143,1.3512101785488562,2.182937383118651,0.2902206314763404
373,Medial axis,1,0.4970627139340715,3.5198596431544784,2.7714088516708735,0.38455050849319944
374,Medial axis,1,0.6639516132947824,1.834331857790628,3.193828484529655,0.45670932944594
375,Medial axis,1,0.626704182304969,1.9589819508431197,3.256179891398924,0.45536058069353796
376,Medial axis,1,0.5766128179903012,3.2395625285787277,4.677698975501292,0.6910529982283073
377,Medial axis,1,0.6428470872490571,2.5191170848668425,4.886119658504718,0.791900818036368
378,Medial axis,1,0.6136124223724723,2.7261573727498454,4.585741940639466,0.6621179622079915
379,Medial axis,1,0.6244999506788294,3.0181692297145206,5.226227034882437,0.7889071007555468
380,Medial axis,1,0.5907997293699144,2.2098403633857258,3.582621559693347,0.5219621723871436
381,Medial axis,1,0.5980600131258161,2.1987752533449427,3.4996955227244153,0.5169059933127261
382,Medial axis,1,0.7108601485779773,2.228614551025695,4.240038700352261,0.6733145134099335
383,Medial axis,1,0.6121546191917008,2.494902161479454,4.021570059362256,0.6179452621523656
384,Medial axis,1,0.6447568318451079,2.4533879709033464,4.25892369670708,0.6195884154460352
385,Medial axis,1,0.6743537037420305,1.6085327969858145,3.004449137183792,0.4314815760187647
386,Medial axis,1,0.5356913842362628,4.137934181099307,4.39368488843795,0.6339886761644639
387,Medial axis,1,0.8914227374246163,3.7934886603543756,9.139082243344907,1.8538588312081137
388,Medial axis,1,0.906268986990039,2.80184727230966,7.152184689649277,1.428978163903911
389,Medial axis,1,0.9130001668469008,3.6703436296790266,8.406160821984827,1.7272527417833445
390,Medial axis,1,0.6306366993082312,2.197317693648043,4.129313731341109,0.6463482250130401
391,Medial axis,1,0.8611750948157226,2.5486595684914315,6.33047666022143,1.1985567948637554
392,Medial axis,1,0.7818127371381343,4.027914009632954,8.9408831055392,1.7387746668354096
393,Medial axis,1,0.8919311830207695,3.6031822358625623,9.103437681648906,2.0202544337784327
394,Medial axis,1,0.8484770206600607,3.655894138498485,8.317750425740558,1.7525436299554682
395,Medial axis,1,0.8673807684457835,3.263174396929041,6.93748918871294,1.3592803374166278
396,Medial axis,1,0.8723877656639545,3.0273202274237243,7.242630561128209,1.4087134600950406
397,Medial axis,1,0.8225616304226734,3.48084248020193,8.32898124422563,1.5726134698909053
398,Medial axis,1,0.8645222719079221,3.8527957767003334,8.529875998248182,1.6897018890439044
399,Medial axis,1,0.9066827719072603,2.600060762713234,6.944529792837027,1.3807516928342964
400,Medial axis,1,0.8480288260863192,3.148566785354376,6.87211144141219,1.4476791122299062
401,Medial axis,1,0.5824733512914798,2.6892265008217806,3.8287103248130054,0.5977527261311383
402,Medial axis,1,0.8472549848731836,2.712273766823897,6.4903049740887155,1.2212439756865336
403,Medial axis,1,0.8637316243222538,4.87956300080521,11.190616098908574,2.253631387402805
404,Medial axis,1,0.8414773581758092,3.5928166610581926,8.573033598665274,1.7918436914060405
405,Medial axis,1,0.7584111565338276,5.373869682995514,9.73286585666847,1.9957862402075834
406,Medial axis,1,0.9520296733369301,3.621427143112647,9.384355986871313,2.018481332959012
407,Medial axis,1,0.9242934295139157,3.3107464904767245,8.449150417939196,1.7476790706453456
408,Medial axis,1,0.895020718565671,4.074287165672353,10.744240121364058,2.219579124790946
409,Medial axis,1,0.858408384424096,3.2416709843286813,7.9850332707286515,1.703858852000394
410,Medial axis,1,0.7991480282841328,4.209126524583885,9.005247428168872,1.7867875123316233
411,Medial axis,1,0.8872486566950508,3.0384009770513893,7.280850377853186,1.4390747390578853
412,Medial axis,1,0.6804024392826136,1.9862942297145207,3.6051232889622717,0.5370041572305488
413,Medial axis,1,0.8301431047265732,4.8071031135174085,10.781128260240235,2.1884728499103487
414,Medial axis,1,0.9421307254969993,3.1151415725135743,8.651148080550108,1.8292290125841337
415,Medial axis,1,0.888027315689938,2.6711074693611803,6.539448041571098,1.2715455483376599
416,Medial axis,1,0.890158274318711,2.981090116180542,8.013610766727972,1.6106748041501295
417,Medial axis,1,0.8949566398588903,2.5589704605582906,6.445691079878183,1.2555443074020403
418,Medial axis,1,0.8045736955490783,2.7758489084033466,6.078821414536589,1.2382129384680747
419,Medial axis,1,0.8095115840126387,5.895515811036872,7.311198300566668,1.4695235965402813
420,Medial axis,1,0.896285350374207,3.1687844225242143,8.446479286092675,1.7092494403905185
421,Medial axis,1,0.8875569557839101,2.889169215127638,7.691411823567381,1.5275336683438523
422,Medial axis,1,0.7421897641348959,2.0202437778107933,4.6020342715428715,0.8660460673803808
423,Medial axis,1,0.6486291413607533,3.291786408403346,5.906279489098422,0.8887639217476135
424,Medial axis,1,0.8505608499503465,2.46906145456738,6.006928533110281,1.1284660117835592
425,Medial axis,1,0.9736441073519992,2.6527468560419436,7.545035552432405,1.6014642618253458
426,Medial axis,1,0.8229121310828441,4.191506895395157,9.538567890420794,1.9718363429445225
427,Medial axis,1,0.8748945451535026,4.1342687622795165,10.067398896652058,2.035372990690449
428,Medial axis,1,0.9158666324134639,3.2787344582757783,8.742135503552717,1.805279115321073
429,Medial axis,1,0.9206857175569261,2.860000713213137,7.630944967511397,1.5589050590670557
430,Medial axis,1,0.8306047256287613,3.9400926645431027,8.476106688631228,1.770776278595968
431,Medial axis,1,0.8149738240901809,3.2441259475135737,7.867533146408242,1.6109706158717776
432,Medial axis,1,0.8795514605122206,3.007966482856776,7.814606096419826,1.5487270759061198
433,Medial axis,1,0.8531818294072627,3.596800510952093,7.748820527885919,1.5109448539384007
434,Medial axis,1,0.6343116314547457,2.2141449936086106,3.589532836910465,0.5120486222438654
435,Medial axis,1,0.8474878993375649,2.974771152734428,7.085102932438637,1.347322609441822
436,Medial axis,1,0.842924661679721,3.6664754858542787,8.017650881332155,1.549708893508935
437,Medial axis,1,0.8463284041827508,4.936571251202398,12.414820113748489,2.6331614854165197
438,Medial axis,1,0.8027735805293648,3.4430638314315374,7.90855047396306,1.5782314466402583
439,Medial axis,1,0.7837630292640343,2.9094166020513894,5.59417816597342,0.9848313241615465
440,Medial axis,1,0.9388402283566067,3.1132681547440857,8.486915215147308,1.808537880287577
441,Medial axis,1,0.9192035855117927,3.991020790532384,10.229570846044432,2.1563768863607264
442,Medial axis,1,0.8916596851787245,3.523903982856776,9.340822919897233,1.9068730936773606
443,Medial axis,1,0.9113139597965361,3.4280067927700104,9.448409858396854,1.9632369265289829
444,Medial axis,1,0.9008761347505038,3.33026459241015,8.739550446276343,1.787068411169091
445,Medial axis,1,0.6520165815503755,2.535427059836869,4.774686264662282,0.772752701873478
446,Medial axis,1,0.7394952305957851,1.8632719513301417,3.7631475767062215,0.5933110657002855
447,Medial axis,1,0.8563242368656888,4.489709257350443,11.034174769465782,2.203667162928498
448,Medial axis,1,0.8091669452746052,3.205351883743615,7.712319487858146,1.431135837483263
449,Medial axis,1,0.8945298389244186,3.038385337464507,7.553968417311735,1.5073089520461824
450,Medial axis,1,0.8781198634412247,5.154406455729385,13.252014341797677,2.736994783406338
451,Medial axis,1,0.814785258393206,3.9106942799101496,9.457525370193194,1.801675150717408
452,Medial axis,1,0.812893544166328,3.825539735705951,7.742691802056752,1.5196241660892684
453,Medial axis,1,0.8936949452937251,3.529078691532118,9.255059655171461,1.8882269441250872
454,Medial axis,1,0.9172023382704936,2.3986892281806385,6.5448486113801305,1.3002072225593948
455,Medial axis,1,0.9686657010579066,3.7836068482349954,10.490365999982561,2.318481291374452
456,Medial axis,1,0.9109300990283755,3.271554661066478,8.680995841778836,1.7879211004815294
457,Medial axis,1,0.6669517905577683,2.411026003484912,4.646035485032241,0.7823141252580946
458,Medial axis,1,0.8305312135918896,4.063079010835354,8.623966332091975,1.6553526321916645
459,Medial axis,1,0.9089480415123065,2.9868723723368693,8.08587171827854,1.6410110084859535
460,Medial axis,1,0.8156586824777227,4.12898590839506,9.169161916404109,1.8584167158858713
461,Medial axis,1,0.8293032445184705,3.067012988525695,7.4898668902130625,1.4129320153729468
462,Medial axis,1,0.896271767641823,3.717272400147662,9.692734668771303,1.9893605184134737
463,Medial axis,1,0.8104824689104481,3.392785579410247,8.263177667737494,1.6650948124298595
464,Medial axis,1,0.8998213700979828,2.9244929007131373,7.690664801857534,1.5428938253314002
465,Medial axis,1,0.8569398701787071,4.297702087647663,10.71595466818604,2.3112705861513896
466,Medial axis,1,0.9062460893665508,3.0652560311573636,7.125930779471461,1.4212011254296366
467,Medial axis,1,0.9070958203001394,2.9986354881942128,7.577228950187388,1.5280319627405121
468,Medial axis,1,0.6825470346326677,2.687999214615334,5.107996980828997,0.7964003365930279
469,Medial axis,1,0.793793568556399,5.70759736340307,6.790970277127303,1.3626402605555226
470,Medial axis,1,0.9001234400849153,3.5557922302617264,9.307158280996338,1.911822446472369
471,Medial axis,1,0.8951893738474609,4.270375846320493,11.057885296470303,2.2891785332046446
472,Medial axis,1,0.7574924481787177,4.743748459842015,8.989878334045509,1.7235630864249971
473,Medial axis,1,0.8801308479272387,3.061714495054357,8.075201502030074,1.6053526391224247
474,Medial axis,1,0.7874928633174362,3.4371187473285847,7.772669786267642,1.5381920411727616
475,Medial axis,1,0.8792756499645527,3.6330487435936254,8.378125208713703,1.6677279640351017
476,Medial axis,1,0.9003959131221486,3.627981662260592,8.501761753531925,1.7289381348081503
477,Medial axis,1,0.9110131290242083,3.10746084361255,7.469579186483681,1.5115224346081968
478,Medial axis,1,0.9597507691573907,3.5550380122878016,9.93567707998608,2.167716330648908
479,Medial axis,1,0.6814504744806709,2.8956666461072604,5.787960891137376,0.9825841334618054
480,Medial axis,1,0.8961022956752575,2.927661509301473,6.786404357222816,1.3350544614002435
481,Medial axis,1,0.9022039401986859,3.528487301504819,9.062825564972576,1.8647382680572147
482,Medial axis,1,0.8142979097192002,3.9694183214208527,8.131434947950186,1.6659375089422628
483,Medial axis,1,0.9623157613293428,3.8976579693694644,11.035343323600495,2.4311059422041144
484,Medial axis,1,0.8298000545910014,3.7607786223368684,9.159723315996875,1.7691008783711974
485,Medial axis,1,0.8553775431946012,4.125156807720943,10.330974802106727,2.0542381570684625
486,Medial axis,1,0.8606340196605577,3.014340129040402,7.836360966966679,1.5270010319417384
487,Medial axis,1,0.9066887606895909,2.586383534524311,6.9975962401834195,1.3954219356608892
488,Medial axis,1,0.8983940861748925,2.9512064394427457,7.681989419812014,1.5386803427693854
489,Medial axis,1,0.7856514678121647,3.114657809828585,6.951584562161797,1.2488662385810925
490,Medial axis,1,0.6330259843264745,3.8975136775191817,6.455816930143601,0.961765439212757
491,Medial axis,1,0.9182120007035293,2.5158933183165613,6.712357271408497,1.3434814265242727
492,Medial axis,1,0.8937229139919854,4.245490463294571,9.617437473116855,1.971082925505292
493,Medial axis,1,0.8458417865833534,3.495883361409769,8.35311859361769,1.610979791544527
494,Medial axis,1,0.8341329131473937,4.48725429416555,10.497249770747615,2.195993615243699
495,Medial axis,1,0.8320539888538193,4.0305988555363,8.351720614727833,1.5924263725147687
496,Medial axis,1,0.8842023912829095,3.559063311075797,8.084688542348767,1.6082797511830849
497,Medial axis,1,0.919487771833454,2.7387697948693672,7.56827697562142,1.541592821933538
498,Medial axis,1,0.855748918104073,4.544605727606878,11.27034373320221,2.2559335151702644
499,Medial axis,1,0.8693426064725096,4.401903551847474,10.139594050827608,2.2174454176807163
500,Medial axis,1,0.8576366464130514,3.3824397877562866,8.041743808922215,1.5650449842741398
501,Medial axis,1,0.7301848897015187,1.9264104158377715,4.0741434489607915,0.6458818090141535
502,Medial axis,1,0.8510370354573726,4.589233844033809,10.732765225951045,2.1561630791200237
503,Medial axis,1,0.7373025410428823,3.5368166305930733,7.058106859752964,1.2899828433274525
504,Medial axis,1,0.8915164642799228,3.3349025937957046,8.049100190095352,1.6196976483060597
505,Medial axis,1,0.8369030593672049,3.6659387785644926,7.829079805058056,1.49312996179828
506,Medial axis,1,0.7726924600274083,2.7132551936480436,6.289761429656048,1.2258425267087816
507,Medial axis,1,0.9219618064519429,3.657494742991601,9.132818850261328,1.9086241117142675
508,Medial axis,1,0.9191367271848361,4.3090022719332115,10.68312907220014,2.262847538560998
509,Medial axis,1,0.9016881299989488,3.311500708450649,8.537058523263442,1.7395679558264303
510,Medial axis,1,0.8848606735234471,2.819609946294605,7.469063566691719,1.4766652029673124
511,Medial axis,1,0.8673721756977156,2.711341081316464,6.861687373608126,1.3202303262927335
512,Medial axis,1,0.6397589073719299,2.61547186966974,4.33496972845163,0.6977945703275309
513,Medial axis,1,0.9356582330997602,3.0774786298123358,8.274356109187464,1.7261533509498135
514,Medial axis,1,0.8820868429300244,4.913957268435843,11.619199415977672,2.3876301256749057
515,Medial axis,1,0.9277808159062152,3.0776333790321173,8.215470813021703,1.7121033730328772
516,Medial axis,1,0.9134585661311609,4.20386872567464,10.921957235547204,2.316387195434209
517,Medial axis,1,0.9085450085251399,3.876799414551389,9.664021240007065,2.0126510333663585
518,Medial axis,1,0.9098797810133731,2.933000575343291,7.911434151582446,1.6135078810817354
519,Medial axis,1,0.8888520618863789,3.9355093458950607,9.3697667539227,1.9084167089551112
520,Medial axis,1,0.9086680525066134,3.3550069306398558,8.825266423043304,1.8384093951473932
521,Medial axis,1,0.9047565600456555,4.672977400009319,12.06748343741786,2.5377740043635058
522,Medial axis,1,0.9584080352677762,3.4044071798912263,9.562837843558814,2.0727982993797425
523,Medial axis,1,0.5804853621263381,3.820063696071824,6.128809181189456,0.888973004067526
524,Medial axis,1,0.9157265402254513,3.3562629563164643,8.981543000700196,1.8637695767926175
525,Medial axis,1,0.821510219427893,3.256799718240389,7.015249040183627,1.3075524503914668
526,Medial axis,1,0.9211884591395046,3.6313089552320275,8.828433389616968,1.8302933235719965
527,Medial axis,1,0.8465918880481254,4.594862667057908,10.376199061224556,2.1314218340937887
528,Medial axis,1,0.920894814589971,3.6630911047145207,9.516220772729458,2.182022169448629
529,Medial axis,1,0.7733352457453035,2.974608324787802,6.398722532760598,1.2466190478813512
530,Medial axis,1,0.8831180990314192,3.57575352230966,8.524021337748724,1.725296442721107
531,Medial axis,1,0.8537964650670713,4.061109339755303,10.178692530867844,2.0171345518551242
532,Medial axis,1,0.8439850356703827,3.625312455944129,9.025456332709037,1.7598529425561993
533,Medial axis,1,0.8888123966091492,3.963421822132954,10.063626624152496,2.076434201271961
534,Medial axis,1,0.5587189015388373,2.4755181909849124,3.6746992563389647,0.5665729551722302
535,Medial axis,1,0.8654202081565023,5.01094525082178,12.051387360164442,2.450561458067693
536,Medial axis,1,0.9058982320551051,3.2963540874645068,8.35723787857996,1.7044999359484658
537,Medial axis,1,0.8687299003171282,3.924371508099073,10.002720637876308,2.1858812570948647
538,Medial axis,1,0.9222815138684369,3.9217107372252156,9.113011000753641,1.9266723917250366
539,Medial axis,1,0.7969833885059839,2.683928007350443,5.780383489145094,1.1651841608106324
540,Medial axis,1,0.9390575461338025,2.9276630387213243,8.223945813052309,1.7235852739014041
541,Medial axis,1,0.9307261831473176,3.1738671434441295,8.62152337956504,1.796097161479256
542,Medial axis,1,0.8834133004122634,3.7530251656806386,9.972482724998619,2.2187464210785786
543,Medial axis,1,0.8686888678780668,3.672257742010606,8.759591409464583,1.7390746974733249
544,Medial axis,1,0.9348653149431255,2.7043027994835285,7.335436414073153,1.5100286613476863
545,Medial axis,1,0.6712818063719261,2.2931067385256947,4.100437754162857,0.6255617110404347
546,Medial axis,1,0.7798894313929029,3.442901003484912,7.473980683755887,1.473033503680305
547,Medial axis,1,0.9158848524348084,2.773862068316561,7.443304349855572,1.5078072464428418
548,Medial axis,1,0.8079233208769564,2.8215225292063333,6.11288759850306,1.226892625980341
549,Medial axis,1,0.8294211976631204,2.9055328186397587,7.259117547898495,1.3620793329912682
550,Medial axis,1,0.9020785530888921,3.480180249983431,9.218634529960184,1.8929572800943546
551,Medial axis,1,0.9078406802432567,3.087944271098976,8.421882436949701,1.7194017860505542
552,Medial axis,1,0.798767687350398,2.946480075998486,6.114541120664403,1.2115324689927933
553,Medial axis,1,0.8963544516545834,4.916700741548951,11.846593185263929,2.4732307750242244
554,Medial axis,1,0.7697255007920096,4.32634625430669,8.161806184573797,1.716010998089814
555,Medial axis,1,0.8671490718152721,3.2358457498584072,7.036158398826599,1.3615224554004768
556,Medial axis,1,0.690009125624114,1.9660624823776518,3.9628928909482246,0.5997190179934118
557,Medial axis,1,0.7042381703115501,2.8132036687525743,5.404263932011377,0.8715546726545081
558,Medial axis,1,0.9347906002154452,3.829354726213039,10.424097060536736,2.239305546691955
559,Medial axis,1,0.7758282026706531,3.3524494952292274,7.752198119866476,1.5115515958810182
560,Medial axis,1,0.9044565108622257,3.634947216338322,9.472941353708459,1.9534020817396913
561,Medial axis,1,0.9137560520203498,3.5583496656723543,9.44157329542003,1.9625566885080548
562,Medial axis,1,0.9551653790567264,3.797842096283965,10.720857776586916,2.3587233212106358
563,Medial axis,1,0.8947149072734463,2.7452500568422558,6.416823828789131,1.2507848101599515
564,Medial axis,1,0.8938019702132939,2.312066820599073,5.738628325936733,1.103297137494579
565,Medial axis,1,0.9233904205821286,3.3172282818694643,9.004555158446081,1.8757689405305893
566,Medial axis,1,0.789079812768309,3.4058765726884452,7.523305802080712,1.4390796958143668
567,Medial axis,1,0.8979453948385794,3.529078691532117,9.289506689448967,1.904238177860743
568,Medial axis,1,0.7011262005824963,3.565403587092171,6.805887667869428,1.1150939647389524
569,Medial axis,1,0.9305026883785967,4.24125813802178,10.772276272287971,2.297946773678516
570,Medial axis,1,0.8067304263082323,5.338689042206235,11.813092488527817,2.3549714405210795
571,Medial axis,1,0.9013232087856655,3.684022387287801,9.447865619505116,1.9401582775889543
572,Medial axis,1,0.9139803239463684,3.3728535539181164,7.774479535254302,1.5814377276772709
573,Medial axis,1,0.8609120642250906,3.4154722899320076,8.423566971914521,1.8047908137244493
574,Medial axis,1,0.8429768114454095,2.759485304891226,6.689962143838304,1.2587343365980737
575,Medial axis,1,0.8805255164865157,3.0662978137024,7.612052384588665,1.5205211902071973
576,Medial axis,1,0.8517547889393035,5.3886359321697395,13.010048286338183,2.630378572104895
577,Medial axis,1,0.9971451793674423,3.7699806927186987,9.691407559886265,2.160824549203448
578,Medial axis,1,0.9065990173285866,3.7439312561397586,10.040606714095171,2.084259381209854
579,Medial axis,1,0.6696009376510111,3.0832712000690927,5.579597106467902,0.8665928656834951
580,Medial axis,1,0.9158275487148614,3.8507838816383404,8.927412504948414,1.848256637453622
581,Medial axis,1,0.9166628196871384,3.219540764247116,8.213954262491086,1.682791439190321
582,Medial axis,1,0.931710623335464,2.765967096283966,7.637617567987187,1.573049272813646
583,Medial axis,1,0.8389529385480498,3.567302059836869,8.955707341589749,1.8887637831324122
584,Medial axis,1,0.8875484807279311,3.7271385726801594,9.385071279130194,1.9067662673979513
585,Medial axis,1,0.9015425893727228,3.0004868376330442,7.960820954683773,1.7853802764788136
586,Medial axis,1,0.9347337286958067,2.8169392105582904,7.78543418162094,1.6086641408100286
587,Medial axis,1,0.9691828964995632,3.5706137132214213,10.507469030320959,2.3190273060545255
588,Medial axis,1,0.9136692655988065,3.0010904513791052,7.881552709929848,1.6070538151420912
589,Medial axis,1,0.9180151910768855,2.4645945963204947,6.071943867417106,1.193673067080848
590,Medial axis,1,0.6342986686790207,2.210219872749845,3.63313749509334,0.569911560945399
591,Medial axis,1,0.8948703190042533,3.5374911108542793,8.309028403719044,1.6755515726944377
592,Medial axis,1,0.8672869644049254,3.725684819469823,8.713014071410157,1.9022769220420237
593,Medial axis,1,0.8730031134623728,5.034583906851194,13.254028186743719,2.7312492996331574
594,Medial axis,1,0.819281812271377,3.929802603589442,8.610365241292602,1.7547750376603486
595,Medial axis,1,0.8553351384020895,4.991467721458836,12.777322061494527,2.741045807476879
596,Medial axis,1,0.8107648808503309,4.063794185658649,8.582975711894607,1.7531005075462598
597,Medial axis,1,0.8404714046012942,2.919210046828682,6.991868375881939,1.4830723657508287
598,Medial axis,1,0.8298441114926021,3.180348934836869,7.863859568408541,1.6426964015107597
599,Medial axis,1,0.9253944654076555,3.087386251238929,7.601785820205751,1.555189870901701
600,Medial axis,1,0.7224027038308132,3.3848906073776517,7.224136822249488,1.425280701310806
601,Medial axis,1,0.7356027980411936,2.0857844137256105,4.726804252776133,0.7797426108605026
602,Medial axis,1,0.8001954333631865,5.413061512405761,9.941462535605652,2.0463588938624757
603,Medial axis,1,0.7862164784901982,3.0573610591247675,6.299535865472884,1.2378476806415788
604,Medial axis,1,0.8007025803151746,3.2337760122960866,7.330850208575391,1.4662919315810818
605,Medial axis,1,0.8736237206931335,4.338110899583886,10.128282477182514,2.044933543964385
606,Medial axis,1,0.9564500112236933,1.91404858555829,5.19564690705769,1.0179338856155813
607,Medial axis,1,0.7811675372086265,2.6772792112663932,6.403352481086978,1.2674574127119052
608,Medial axis,1,0.8529715103383433,3.9328244999917157,10.166795198780099,2.028360512553794
609,Medial axis,1,0.9316521648578483,2.9879741995706897,7.930579442292433,1.6417828723489696
610,Medial axis,1,0.9398330308875701,2.8436527492878994,7.4073936571899495,1.5268925843957804
611,Medial axis,1,0.8592260686364955,3.83585062777281,8.513753077976917,1.843746473059279
612,Medial axis,1,0.6576785746432393,2.7140666217819005,4.515028391860176,0.7338031451415248
613,Medial axis,1,0.8807179041218558,6.046204631961537,13.924505289007135,2.8974615156786725
614,Medial axis,1,0.9272078525289277,3.6547108405770836,9.000565502583612,1.8829248969679215
615,Medial axis,1,0.9013373894205314,2.631915639950933,6.916824940606371,1.3766752096288684
616,Medial axis,1,0.8488018269390026,4.486666529834971,9.605261202069627,1.8826347431706318
617,Medial axis,1,0.949677192253622,3.260489551025695,9.321628633463265,1.9932881453815396
618,Medial axis,1,0.8919262171539744,3.9727512873756656,8.951037637044312,1.8417145561849046
619,Medial axis,1,0.8852641167943506,2.862612831361277,7.1947634306643025,1.4119314637932043
620,Medial axis,1,0.8379744153354315,3.152653969283114,7.458219191733659,1.4133787805143994
621,Medial axis,1,0.9564599672892451,2.709369880816561,7.479701541953423,1.571852181385464
622,Medial axis,1,0.885689870881432,2.3034566737431827,5.780671627730843,1.1047909107550897
623,Medial axis,1,0.7583067744565879,3.128783981413879,7.118819177728909,1.2495012304556696
624,Medial axis,1,0.9317886826808751,3.610363562491716,10.133289430229834,2.363191926815221
625,Medial axis,1,0.8945733621168359,2.9798911786722577,7.52809967217406,1.5011034018269973
626,Medial axis,1,0.9081196235524784,5.005971895376888,12.789418960970012,2.7228223345091287
627,Medial axis,1,0.8871221363809615,3.4188566710717665,8.048157193881845,1.6067471405097267
628,Medial axis,1,0.9222127400160179,3.11994066371304,8.256642137090868,1.7092494403905185
629,Medial axis,1,0.9050168110239463,4.423461641901962,11.756247813129892,2.4707026854870158
630,Medial axis,1,0.85476799823943,5.427296760454733,11.946109958209037,2.5477633187422133
631,Medial axis,1,0.8647909594541987,4.779690039551388,11.84562124941032,2.574748738939555
632,Medial axis,1,0.810456675724036,4.949137909225123,9.610561563264172,1.899157040118715
633,Medial axis,1,0.8670550528902331,3.6396892193694645,9.283063954773882,2.028297009275518
634,Medial axis,1,0.6394132902664368,2.986872372336869,5.60572764163073,0.8351122437912941
635,Medial axis,1,0.9629376449640309,3.326951409605746,8.23110075260264,1.760157893278259
636,Medial axis,1,0.8345941504863287,3.2084756542063326,7.2895730714122715,1.510881350660125
637,Medial axis,1,0.8550408138717975,4.066669198235684,8.820822237025652,1.7320905134942135
638,Medial axis,1,0.8983217872318768,3.841133481657265,9.1376087257193,1.8673319826065244
639,Medial axis,1,0.8907665991778329,3.551208911613683,9.592280583122815,1.9581707546545297
640,Medial axis,1,0.8875548117557109,2.062551062491716,5.402821501351704,1.0227426744196417
641,Medial axis,1,0.8770564993429405,3.239113548918053,8.101017941832074,1.7744729077507297
642,Medial axis,1,0.8143503757816208,3.2683845230582897,7.636899261621394,1.5639712309415088
643,Medial axis,1,0.8937382031814926,5.392116119665452,13.733819186411406,2.889034550554643
644,Medial axis,1,0.9094648545400896,3.0318308183165614,8.143943599691955,1.6586499221629647
645,Medial axis,1,0.6062447886024234,3.698123503897887,6.076156049098571,0.9128890414933879
646,Medial axis,1,0.8437917329211659,4.774646483773712,10.3108598039671,2.1213699061533564
647,Medial axis,1,0.8914813779713365,4.0286135448693665,10.634448188660697,2.1879110522354126
648,Medial axis,1,0.912087635827468,2.781131762287802,7.341499370506144,1.4809186730405277
649,Medial axis,1,0.8945295226837494,3.593570879032117,9.44306234424748,1.9320471627700393
650,Medial axis,1,0.8984396559277077,3.4194991181398557,9.033983050744116,1.8465554614339548
651,Medial axis,1,0.8330186093928751,3.8130067622878006,8.95604845155698,1.729203250650757
652,Medial axis,1,0.8681773978667242,3.192827225517507,7.7455915010022025,1.5145330355472044
653,Medial axis,1,0.8132150579678773,3.4507959755175075,7.957456348844046,1.6271734693717284
654,Medial axis,1,0.8525627169154951,2.8781587878243675,7.047745896041875,1.343308975232763
655,Medial axis,1,0.7537229593224953,4.5503333010256934,9.978445106098516,2.0185390460424624
656,Medial axis,1,0.6124633933791708,2.9380286135256943,5.035599439800125,0.7662920286117225
657,Medial axis,1,0.9066549004051613,3.135589092401866,7.968925630579261,1.619080913563406
658,Medial axis,1,0.9282097465851373,2.5849217011587395,6.614916241789084,1.3261406719303863
659,Medial axis,1,0.8994360534186213,3.2072767166980487,7.506089648469498,1.50244439273606
660,Medial axis,1,0.859448019109462,2.6327245406623687,6.8095370741616925,1.3028787111102076
661,Medial axis,1,0.8373292140415698,3.7044169625712957,8.380553950964643,1.6043450457247124
662,Medial axis,1,0.8550967679967518,4.18682777039116,9.651695664492097,1.9159793323463752
663,Medial axis,1,0.8364951816353952,3.6794390686397582,9.037060995561253,1.8761133426463323
664,Medial axis,1,0.8601626537722434,4.304915569461538,9.724016500206497,1.9334275684004487
665,Medial axis,1,0.7540866126515456,3.2788478805930747,6.589795177919087,1.2326794804840542
666,Medial axis,1,0.794654585170534,5.566023152933114,11.101745991934946,2.1728155030951815
667,Medial axis,1,0.688231263936708,1.9015702948776518,3.816607628269157,0.5735954261089212
668,Medial axis,1,0.7329667583982574,3.963421822132954,7.98939231189974,1.3707863268420843
669,Medial axis,1,0.9093881861947717,3.502094697513574,9.537726095454511,1.9750155092298387
670,Medial axis,1,0.8216470280396468,3.313916628484911,7.6258281611651615,1.5561795595707264
671,Medial axis,1,0.8613559941970171,2.631915639950933,6.698109879503941,1.2814505037273385
672,Medial axis,1,0.8343212611731335,3.863049458607259,9.587987752227537,1.9893255669458272
673,Medial axis,1,0.8492181186816673,3.20128021741015,7.953806462846275,1.704203254116137
674,Medial axis,1,0.8450701580126244,3.8859504122605917,8.794303494593228,1.705342632460869
675,Medial axis,1,0.7962586733542569,2.991618518931538,6.722491955335102,1.3287932789689936
676,Medial axis,1,0.8649063836404565,2.631200465127638,6.848198453137634,1.3143314507059136
677,Medial axis,1,0.889164762556243,3.6110772078951587,8.858041458639638,1.796566331275432
678,Medial axis,1,0.883539930415833,3.695142180066096,8.959773163540218,1.824753799657437
679,Medial axis,1,0.6835942175455888,2.1609522255175078,3.6690301156006733,0.5494059458102614
680,Medial axis,1,0.8739763811927969,4.608529591566362,11.13319277917382,2.268465515310351
681,Medial axis,1,0.7821063073540475,3.7008697534849113,8.133784588325762,1.7210671771642316
682,Medial axis,1,0.9091639584640472,3.811035561787899,10.00889558442051,2.079701496532097
683,Medial axis,1,0.8869299371667265,3.5276092987348977,8.945368449188445,1.8056235174368158
684,Medial axis,1,0.7693832552120627,4.809088424184341,8.941282711115134,1.7258424574011813
685,Medial axis,1,0.8964553916862404,3.8344218075460716,10.108481165644692,2.0820279735049736
686,Medial axis,1,0.8906108685370149,3.392785579410247,8.97370834814737,1.8195891730370615
687,Medial axis,1,0.8605404555948838,3.250837621624767,7.304470147676672,1.5606004448918975
688,Medial axis,1,0.8846459097367432,4.788411957313112,10.974088308240558,2.253957230507955
689,Medial axis,1,0.883547994135366,4.080167204559095,10.39587154931305,2.1326693629303364
690,Medial axis,1,0.6768398353779705,3.044882768444129,5.146396577473192,0.831460558904215
691,Medial axis,1,0.9017100498015903,3.096879496256757,7.623744791362678,1.5320538255382312
692,Medial axis,1,0.8922275697801769,3.962922419861082,10.044657858124271,2.060653886062536
693,Medial axis,1,0.8814792257807517,3.1054911725324987,8.393855937606224,1.8693717705471093
694,Medial axis,1,0.7742642266928645,3.4493827948776525,8.026183769313738,1.5620784351575467
695,Medial axis,1,0.985244047788313,3.3367463838028897,10.11098451729094,2.259540255789661
696,Medial axis,1,0.9124805028852788,3.855368729706236,10.116788762030998,2.112941057342718
697,Medial axis,1,0.8525449236208267,4.04923324853527,9.351163823116277,1.8475292950774433
698,Medial axis,1,0.8622408868385073,4.199959887287801,10.371588852224956,2.076113314923292
699,Medial axis,1,0.9882334304644835,3.9275416461072603,11.57115046277258,2.616010873336133
700,Medial axis,1,0.916849956046506,4.194177631131473,11.007205735762378,2.3336875560810824
701,Medial axis,1,0.6834045288820226,3.6031822358625627,6.63338956223949,1.1384829882563459
702,Medial axis,1,0.8589305399531719,2.5171649835800523,5.666816780261001,1.0550718165233175
703,Medial axis,1,0.8857363115174193,3.4989972872605923,8.03889147180693,1.6033763544601152
704,Medial axis,1,0.6860405258751758,3.000622328280998,4.917176421116009,0.9567414404147824
705,Medial axis,1,0.9135483617297971,4.203291323822763,10.104061153045876,2.122910075484873
706,Medial axis,1,0.8472040645533108,3.1947984260174103,7.717713038156731,1.4859557203144973
707,Medial axis,1,0.8812355001529433,3.2104468547062366,7.773599123806366,1.5449444761827018
708,Medial axis,1,0.8832845914088936,2.7498895876476626,6.993056879413691,1.376731016807268
709,Medial axis,1,0.8816166310933818,4.117260306268495,9.54055181997368,1.9298257478651952
710,Medial axis,1,0.9347641129171425,4.1282707335717665,10.44999422241356,2.240454917836723
711,Medial axis,1,0.8990426184938245,2.9016631453951596,6.670631244851011,1.3156566586201153
712,Medial axis,1,0.6473787496044004,3.6220038149237817,6.8436866471985445,1.0492918202539694
713,Medial axis,1,0.8850848558182869,3.1902948450820876,8.718489050393984,1.7655795266278131
714,Medial axis,1,1.0345463620300412,3.126206682554357,9.6610448442489,2.2292289571380532
715,Medial axis,1,0.8350368353334324,4.120532916502417,8.984654922987643,1.8867239951918275
716,Medial axis,1,0.8321379187386868,4.253386964747017,10.007156298758137,2.0901582567966743
717,Medial axis,1,0.897093357276307,2.6150682737538227,6.81638300287352,1.345204547032457
718,Medial axis,1,0.8996158096525251,4.707517123150363,11.283202762016176,2.359008438964371
719,Medial axis,1,0.8565994507340638,2.749997732856776,6.966931120661945,1.3338394652433752
720,Medial axis,1,0.852253852340513,3.386303788017507,8.109075490933792,1.7400948020337195
721,Medial axis,1,0.8878458448914505,4.80161061434336,11.215571278805418,2.31311843766767
722,Medial axis,1,0.84870759741749,4.652790031729494,11.402372075413652,2.2687464141478184
723,Medial axis,1,0.671557332983889,3.672257742010606,6.477058894185194,1.010112219533634
724,Medial axis,1,0.8105904823235974,6.178286417214519,14.687638870526078,3.0427677900226846
725,Medial axis,1,0.9464847984311492,5.055905226221324,13.064734416297956,2.8856637645050314
726,Medial axis,1,0.8019884764205372,3.136088494673738,7.1562838815749235,1.32690255110027
727,Medial axis,1,0.7967159673888037,3.9179624444615375,7.851154193075813,1.5525178818836114
728,Medial axis,1,0.7782810305725558,6.153683272183435,12.555530893743267,2.5136902004196
729,Medial axis,1,0.9018078204910297,5.421998266983396,12.949387400253835,2.7427120320288996
730,Medial axis,1,0.9190390453639641,6.408456867625925,15.490867381410506,3.3597574988721326
731,Medial axis,1,0.8521845269641842,3.6912178240839837,8.281173213526031,1.7510498566949573
732,Medial axis,1,0.9870419578766592,2.691775856077174,6.865233877191383,1.4466462732040042
733,Medial axis,1,0.9028138122187018,2.7334713013980294,7.421402974896801,1.4879269322609145
734,Medial axis,1,0.6078244639948384,3.7920754797145197,6.478626211793333,0.9870785148612876
735,Medial axis,1,0.8888189211095723,2.677446215957704,6.049615835652789,1.1719365958205727
736,Medial axis,1,0.8801794574581749,3.621718429514778,8.715064196939396,1.7454318799456048
737,Medial axis,1,0.7974784811432293,2.997937482377652,6.9809164935325665,1.409831265250086
738,Medial axis,1,0.9335572811993263,4.567351932040428,10.889714849074288,2.33740500427426
739,Medial axis,1,0.9000027454917119,4.526882345549201,10.010608740668063,2.0643413395445487
740,Medial axis,1,0.9018617457724002,3.598740432590885,9.29552970814822,1.9057516200613158
741,Medial axis,1,0.8776363299443398,4.983516537268876,12.300025176453376,2.7098468680451853
742,Medial axis,1,0.8174544705654347,3.4443141841247673,7.49580398218454,1.5420611216190332
743,Medial axis,1,0.934707516335513,2.805874100517508,7.191014015292628,1.469589221552382
744,Medial axis,1,0.8415211402604783,5.049326839933186,10.221086532159784,2.0888095331153984
745,Medial axis,1,0.7353608641761058,2.6051013295812444,4.696790078162225,0.7631048783670787
746,Medial axis,1,0.8898582292635574,3.0886984890728995,8.142210301821367,1.6337325973794057
747,Medial axis,1,0.8968583465712507,3.126477137843292,8.372142696869146,1.696092139297222
748,Medial axis,1,0.9575386967034076,3.1341900219290415,8.045473877882634,1.6992170572640843
749,Medial axis,1,0.9038431245651961,4.814855040753788,11.168563948478686,2.3435547839873827
750,Medial axis,1,0.8798813006110973,3.490545824787802,8.834171757451665,1.7758433205811024
751,Medial axis,1,0.9375959267919782,4.617374843781086,12.592976148766624,2.940717194983218
752,Medial axis,1,0.911113823634621,4.340723017732026,10.78962274167166,2.2693382065339183
753,Medial axis,1,0.8762723838835337,4.780389574787802,12.356454211996741,2.546910629429774
754,Medial axis,1,0.8541846076080539,3.8176447636733557,8.131665809938399,1.6775628088243935
755,Medial axis,1,0.9878211910746962,3.3713062418393775,8.339008136711799,1.8153629560095397
756,Medial axis,1,0.6416796743366976,2.354852676438671,3.906198643694426,0.5586756074466935
757,Medial axis,1,0.8728195566935321,4.722379178680542,12.41971267969836,2.5463379688441226
758,Medial axis,1,0.9322088033151894,2.844908774964507,7.216371018132145,1.4811853601616916
759,Medial axis,1,0.8948979021041714,3.6333702559233503,9.135761753023226,1.8660792589662778
760,Medial axis,1,0.8905238340112396,4.4930936384902,10.777312414176698,2.2219155945638587
761,Medial axis,1,0.8504940952012084,3.366628531120834,7.990280683970908,1.7112515008477251
762,Medial axis,1,0.800755047940744,3.05333423091692,6.127023441694828,1.2174313445796137
763,Medial axis,1,0.9032268156842762,3.755710011583984,8.783373737131981,1.8164992858249176
764,Medial axis,1,0.8391644147129853,3.3954704253135923,7.270020744258893,1.386724064499428
765,Medial axis,1,0.9375454053688653,4.032481688694116,10.664743147748707,2.2969155841677185
766,Medial axis,1,0.8900612243102234,2.8044609198776524,7.4510065529591865,1.4794941769420606
767,Medial axis,1,0.657287411146617,3.017753371641931,5.197285561975094,0.7877878543075798
768,Medial axis,1,0.9708919456859472,3.600012097854376,9.144691424256015,1.9878475766801782
769,Medial axis,1,0.8445349191802936,3.076933843795705,7.041020704378137,1.333180834089067
770,Medial axis,1,0.8377110144114533,4.784257718612549,10.772878881640867,2.1932639131421596
771,Medial axis,1,0.8395758040036336,4.155699447124668,9.406606337988668,1.9612256903990273
772,Medial axis,1,0.8960111659497811,3.212400010188445,8.419795510725928,1.7028437041964808
773,Medial axis,1,0.8978469602391291,3.9237290610309836,9.393242102377505,1.9236010291732244
774,Medial axis,1,0.7561987891673201,3.788978069461537,6.587099122351166,1.2921246595511091
775,Medial axis,1,0.7770613783430889,6.077664317285814,11.777955695976834,2.360253810150168
776,Medial axis,1,0.8750213044120928,3.751224475666355,8.894656039331018,1.7880064893575425
777,Medial axis,1,0.7743066001664967,3.431399252636612,7.0330184067278445,1.3507033882914699
778,Medial axis,1,0.6780642773330561,2.2586841221968994,4.394751070749999,0.6716812527573958
779,Medial axis,1,0.6628471977218869,4.01868596865319,6.7678904490448835,1.053825837894564
780,Medial axis,1,0.8725181717892327,4.899063057720942,12.619022570623082,2.587665049419511
781,Medial axis,1,0.8512784374454486,3.3794963075503586,8.477493517875672,1.6579225797867863
782,Medial axis,1,0.9188852951168139,4.18359628377568,11.239306769871009,2.387926807507234
783,Medial axis,1,0.7667554819996634,3.6534635002480598,7.75300387318769,1.4042832497302333
784,Medial axis,1,0.8613501125635068,4.1354676997878,10.14632708130798,2.1963380173594427
785,Medial axis,1,0.8606441730000095,5.705465102606877,12.361128916612826,2.514360445640493
786,Medial axis,1,0.8854842621461104,3.92754164610726,10.205635810669236,2.103651393795157
787,Medial axis,1,0.8149765271843457,3.194702619661455,6.678424513517493,1.2286833803413353
788,Medial axis,1,0.8861240838055624,3.037828847024311,8.146017303617764,1.6254780835468863
789,Medial axis,1,0.8342781489128165,3.613048408395062,7.9528322745870685,1.5218999085996385
790,Medial axis,1,0.6716731102849118,2.6197271062525744,4.798066099042419,0.7316670515956235
791,Medial axis,1,0.8779872881456817,2.9433661501476616,7.244352414633843,1.4216639678913734
792,Medial axis,1,0.8858973266413765,2.870366288017508,6.963027746997387,1.3662184493642904
793,Medial axis,1,0.9200109015788488,3.661334147346188,8.689655125590205,1.7987291629861448
794,Medial axis,1,0.8561051139024485,5.054006753476625,12.345968454365478,2.6286413282221406
795,Medial axis,1,0.7770628561393247,4.762168193093074,10.387795563049915,2.0130164509691584
796,Medial axis,1,0.8107358874639424,5.031176998158648,11.139982008569017,2.1233251753286093
797,Medial axis,1,0.8802489097221972,2.6997741635729975,7.136607450380635,1.3965904752784422
798,Medial axis,1,0.8393695391434929,4.849392353180638,12.373244762919931,2.4788587445736128
799,Medial axis,1,0.8861296018129226,3.276837514950933,8.629003021539612,1.7373493169373184
800,Medial axis,1,0.8600709967118748,3.2990362089688245,8.285467334808477,1.629303642588344
801,Medial axis,1,0.7362912072590528,2.875339092414437,6.255692346843638,1.0539742962364986
802,Medial axis,1,0.8345447969367374,3.6096640272553024,8.457403341045893,1.7654491934841183
803,Medial axis,1,0.8584418384303523,6.422723404157594,14.570170816836203,3.0578647446727305
804,Medial axis,1,0.8922641582815098,6.36424507876012,16.034704956285893,3.4102436718041704
805,Medial axis,1,0.8051641244670927,4.086623940976626,9.20277446882319,1.7275178576259513
806,Medial axis,1,0.8331644304916923,3.5042230529767244,8.123174499286238,1.7021734589755881
807,Medial axis,1,0.9582364529810082,3.613048408395062,9.53541828668901,2.064907356135752
808,Medial axis,1,0.7959629933183868,2.9868723723368698,6.80767291903201,1.3735953152167606
809,Medial axis,1,0.9486382281929917,4.164078181842255,10.89654694685927,2.372413868168239
810,Medial axis,1,0.8438590221111715,2.802010100256287,6.40528804474395,1.1984720013788697
811,Medial axis,1,0.7508541143099092,3.578581413009222,6.54811562743722,1.2828549979146766
812,Medial axis,1,0.7362712179842873,3.7469672627090618,7.590504691205945,1.3069901104604869
813,Medial axis,1,0.8981283576654446,4.854532162268876,12.202479946735991,2.5702401458237687
814,Medial axis,1,0.896746337983218,5.793446008090787,15.302876119962544,3.250196959459717
815,Medial axis,1,0.8744339754077564,4.1272136109237065,9.465772350442657,1.9010119885099048
816,Medial axis,1,0.8801778567381131,3.688605705935844,9.306914276799443,1.8736152478202885
817,Medial axis,1,0.9014819664468147,3.5434148823869713,8.379367631261221,1.6984482780101973
818,Medial axis,1,0.8928903583138453,3.1909287527728107,7.258563199933414,1.445161885603414
819,Medial axis,1,0.9001026891930352,2.6489045215244085,7.275936667633843,1.447324717314127
820,Medial axis,1,0.8495395292310197,4.284846650071295,10.023675461681677,1.9768169042068038
821,Medial axis,1,0.7981194669584908,3.195997363525694,7.167310101509965,1.5550559642208561
822,Medial axis,1,0.7285522347461251,3.009814020552292,5.655149949244279,1.0380165861189792
823,Medial axis,1,0.6322088298859251,3.010460152115333,5.33784513064181,0.8430295436126563
824,Medial axis,1,0.8872795213639767,6.3549156135174085,16.70747008374678,3.5480232232537268
825,Medial axis,1,0.8714752439923281,4.454154219351194,11.645104282707772,2.3756313713991255
826,Medial axis,1,0.901742271832983,4.752491208716937,10.8868792159358,2.2642820274595006
827,Medial axis,1,0.827105082566599,3.6156605265432016,7.7376833720444225,1.6120049321484757
828,Medial axis,1,0.9012484560547145,4.619408807173737,11.794280272092138,2.4910108906630324
829,Medial axis,1,0.9223641926865335,2.9563869430930754,7.0841169847806515,1.4492524841716041
830,Medial axis,1,0.9175254467017353,3.1947984260174103,8.486635463631123,1.7488961639846565
831,Medial axis,1,0.8296160194738744,2.996039009632955,7.047755569886096,1.45396237744367
832,Medial axis,1,0.9226945771413727,4.398719303672256,11.811827687484774,2.530035843470963
833,Medial axis,1,0.8687183601503901,3.9903496039941335,8.733679208580197,1.7291297545724458
834,Medial axis,1,0.7245881559488246,2.2350963424184345,4.830044232730299,0.7817414646724424
835,Medial axis,1,0.8719448279414136,6.080113607487326,13.776564821255288,2.83756656001979
836,Medial axis,1,0.9791090427433233,3.6342107181481267,10.568543257351566,2.389519794692967
837,Medial axis,1,0.8243488119600776,3.4898713445265974,8.299890346389013,1.7264996367521652
838,Medial axis,1,0.9207569169326975,3.439088418408635,7.7133830355096515,1.5831516381624449
839,Medial axis,1,0.8742210879178492,5.5250093330522905,13.72860341907861,2.849814087785258
840,Medial axis,1,0.8645074632484381,3.758164974768877,8.843358461800413,1.7502964392557268
841,Medial axis,1,0.8493436077216809,3.8715009210800506,9.185544509418884,1.9370941661717074
842,Medial axis,1,0.8783628116754851,3.3779094137130397,8.675312417046573,1.7320022462253977
843,Medial axis,1,0.8740292780550367,2.6618228422440855,6.787723821465676,1.3231446891434953
844,Medial axis,1,0.9097918702880322,3.06454238575392,8.30426178128897,1.6962645905887315
845,Medial axis,1,0.59961736880663,2.3686640360664777,4.081112321906034,0.6033707028804911
846,Medial axis,1,0.9675814848829658,3.488574624287899,9.932179719014641,2.1741135006323877
847,Medial axis,1,0.8849547927250834,3.463832286058193,8.8742610670741,1.7943826438539663
848,Medial axis,1,0.8726345395566576,4.356371446420852,9.608657797602184,1.943746459197759
849,Medial axis,1,0.9035419816133363,3.3023521161722567,8.49793813640866,1.7328449427378003
850,Medial axis,1,0.6822225810515243,2.086691648215423,3.9927421635489293,0.6042343610613634
851,Medial axis,1,0.5351777685650706,2.9758072622960863,4.172659588964792,0.6213482284784201
852,Medial axis,1,0.7135624003852974,2.352919801021697,4.51341656140153,0.7135249052257188
853,Medial axis,1,0.7283046490405855,2.7301068199714686,5.612051734477107,0.9284125158884634
854,Medial axis,1,0.626036500551112,2.2202593418634664,3.574481279270254,0.5644211461485378
855,Medial axis,1,0.6881365217848808,2.1170812711032623,4.121239578352612,0.6258844679358149
856,Medial axis,1,0.6402128482037432,2.6735780721329547,4.4411240197838895,0.7129212494928708
857,Medial axis,1,0.6390035175927903,3.6879061706994314,5.987626527198917,0.9471908799408829
858,Medial axis,1,0.6093031355047303,2.477320857373654,4.409092849820622,0.6657721028562199
859,Medial axis,1,0.6693985973655049,2.546492169877652,5.004608242712712,0.7693819158238664
860,Medial axis,1,0.580052339556487,2.4644530809441294,3.904709663208246,0.5608805584152984
861,Medial axis,1,0.6543123611182928,2.282041628484912,4.172819340501719,0.6128468433468117
862,Medial axis,1,0.6638690204213866,3.0891432086072603,6.05967735927753,1.0154492974455194
863,Medial axis,1,0.7280923276188661,3.566702591082726,7.207363015841624,1.2207863476343643
