Method,Volume
FM2FM,1.129703308
FM2FM,1.292452347
FM2FM,1.242765433
FM2FM,1.417977332
FM2FM,1.71091108
FM2FM,1.818915354
FM2FM,3.082512026
FM2FM,2.290590898
FM2FM,1.951218707
FM2FM,3.798335966
FM2FM,1.783803
FM2FM,4.094819915
FM2FM,3.704461688
FM2FM,1.696357757
FM2FM,1.227001074
FM2FM,1.697884359
FM2FM,1.595812942
FM2FM,1.759866168
FM2FM,1.693664467
FM2FM,1.670324521
FM2FM,1.777342326
FM2FM,1.596822902
FM2FM,1.744196264
FM2FM,2.061086555
FM2FM,1.626966067
FM2FM,2.818007132
FM2FM,2.153047767
FM2FM,2.180743052
FM2FM,4.488443979
FM2FM,2.233811257
FM2FM,2.472750281
FM2FM,2.411377399
FM2FM,2.801545884
FM2FM,4.876192881
FM2FM,2.053325587
FM2FM,0.045015397
FM2FM,0.083567513
FM2FM,2.198175181
FM2FM,2.984972825
FM2FM,1.599427988
FM2FM,1.254396945
FM2FM,3.264112773
FM2FM,1.791856341
FM2FM,1.821804183
FM2FM,0.968300151
FM2FM,1.993278103
FM2FM,1.436797554
FM2FM,1.365544631
FM2FM,1.353995598
FM2FM,1.306221452
FM2FM,1.401265179
FM2FM,1.838546093
FM2FM,1.170224557
FM2FM,1.891248133
FM2FM,1.410684825
FM2FM,1.354870475
FM2FM,0.865449318
FM2FM,1.643680876
FM2FM,1.38202228
FM2FM,1.643399977
FM2FM,1.868787785
FM2FM,2.198647333
FM2FM,1.461235753
FM2FM,1.544630527
FM2FM,1.942573022
FM2FM,1.784411193
FM2FM,2.591938962
FM2FM,3.066895647
FM2FM,1.104282306
FM2FM,1.078930249
FM2FM,1.255537197
FM2FM,2.727919775
FM2FM,1.275477418
FM2FM,3.502454108
FM2FM,1.9035123
FM2FM,2.081948687
FM2FM,0.975523856
FM2FM,3.784058201
FM2FM,2.661723888
FM2FM,1.149708949
FM2FM,2.504384908
FM2FM,1.999997537
FM2FM,3.714717391
FM2FM,2.184113838
FM2FM,4.345785914
FM2FM,3.465906759
FM2FM,2.665697787
FM2FM,2.469589083
FM2FM,2.46388908
FM2FM,2.245818071
FM2FM,2.197471606
FM2FM,2.635881195
FM2FM,2.410306694
FM2FM,1.758900337
FM2FM,2.053564412
FM2FM,2.341000919
FM2FM,2.371628885
FM2FM,2.576061569
FM2FM,2.177061372
FM2FM,2.464919164
FM2FM,1.76106441
FM2FM,0.413343968
FM2FM,2.969630329
FM2FM,1.838905568
FM2FM,1.984401173
FM2FM,1.662608039
FM2FM,1.741141328
FM2FM,2.495401102
FM2FM,3.919943277
FM2FM,2.485153873
FM2FM,4.663399011
FM2FM,0.481741506
FM2FM,2.19866609
FM2FM,1.965416985
FM2FM,1.950655236
FM2FM,1.893045547
FM2FM,1.699884524
FM2FM,2.104001268
FM2FM,1.741744565
FM2FM,1.767276364
FM2FM,2.120911599
FM2FM,1.593226568
FM2FM,2.83552465
FM2FM,2.472388079
FM2FM,2.973726878
FM2FM,2.045503421
FM2FM,1.168539164
FM2FM,1.637327143
FM2FM,2.39232841
FM2FM,1.049998847
FM2FM,0.948311634
FM2FM,1.87518425
FM2FM,1.720574355
FM2FM,2.717500743
FM2FM,4.19857698
FM2FM,3.090892012
FM2FM,3.93230064
FM2FM,4.335319161
FM2FM,3.161543062
FM2FM,3.829589233
FM2FM,4.060416261
FM2FM,1.609811252
FM2FM,1.585965699
FM2FM,1.465994635
FM2FM,2.535068269
FM2FM,3.908322428
FM2FM,1.473385985
FM2FM,1.383102136
FM2FM,2.535954705
FM2FM,3.92556391
FM2FM,1.666248164
FM2FM,3.36264264
FM2FM,1.850137009
FM2FM,3.254218822
FM2FM,1.74377781
FM2FM,2.732229496
FM2FM,2.964596338
FM2FM,4.141682057
FM2FM,2.062640164
FM2FM,1.725376041
FM2FM,1.553693328
FM2FM,3.312349099
FM2FM,1.540362236
FM2FM,3.041508252
FM2FM,3.049453563
FM2FM,3.762490814
FM2FM,3.973690336
FM2FM,3.330478395
FM2FM,3.044237941
FM2FM,3.098971357
FM2FM,1.380689369
FM2FM,3.04213441
FM2FM,3.379517479
FM2FM,1.945657989
FM2FM,1.867712153
FM2FM,1.353555109
FM2FM,1.604916836
FM2FM,1.344386761
FM2FM,1.948690617
FM2FM,1.520582217
FM2FM,1.240479261
FM2FM,2.034684186
FM2FM,1.629169518
FM2FM,1.455866494
FM2FM,4.333849042
FM2FM,1.554148907
FM2FM,1.49226641
FM2FM,1.451314158
FM2FM,2.402310059
FM2FM,1.445085398
FM2FM,1.62092807
FM2FM,2.310392938
FM2FM,1.582286754
FM2FM,1.542134618
FM2FM,1.63133219
FM2FM,2.328825879
FM2FM,3.03984348
FM2FM,1.825561311
FM2FM,1.128943291
FM2FM,1.452456072
FM2FM,0.806040542
FM2FM,1.373866221
FM2FM,1.930127495
FM2FM,2.072540598
FM2FM,1.308148543
FM2FM,1.035965775
FM2FM,1.36769644
FM2FM,1.205358637
FM2FM,2.932864762
FM2FM,2.241624855
FM2FM,2.236776125
FM2FM,2.807864779
FM2FM,1.251457042
FM2FM,0.654233345
FM2FM,2.3394209
FM2FM,0.87419904
FM2FM,0.421348256
FM2FM,0.266572997
FM2FM,2.212640143
FM2FM,2.493841765
FM2FM,3.082894736
FM2FM,3.660654378
FM2FM,3.39261267
FM2FM,2.750422295
FM2FM,2.625874198
FM2FM,2.734304235
FM2FM,2.613763683
FM2FM,3.227562594
FM2FM,1.745505376
FM2FM,2.617817053
FM2FM,1.672742584
FM2FM,2.81656265
FM2FM,2.934962839
FM2FM,4.019943263
FM2FM,2.770505234
FM2FM,3.963062577
FM2FM,2.901684991
FM2FM,3.607017451
FM2FM,3.334972776
FM2FM,4.095159331
FM2FM,3.135564596
FM2FM,3.153199048
FM2FM,3.384565876
FM2FM,3.57809935
FM2FM,3.194363155
FM2FM,2.705664803
FM2FM,2.589744099
FM2FM,2.838905429
FM2FM,1.62612337
FM2FM,2.041641726
FM2FM,3.80558527
FM2FM,4.017156492
FM2FM,2.16011206
FM2FM,1.910673892
FM2FM,2.087911066
FM2FM,1.755023756
FM2FM,2.079074074
FM2FM,1.374438012
FM2FM,2.781506066
FM2FM,1.81938177
FM2FM,1.566990955
FM2FM,1.701218741
FM2FM,2.020533156
FM2FM,2.560269565
FM2FM,4.269264582
FM2FM,2.083696213
FM2FM,2.146378012
FM2FM,2.574748739
FM2FM,2.313482825
FM2FM,4.710715362
FM2FM,2.592573296
FM2FM,1.715475846
FM2FM,1.59357097
FM2FM,2.761892752
FM2FM,2.288482829
FM2FM,2.760382883
FM2FM,2.372566963
FM2FM,2.045085315
FM2FM,0.445214665
FM2FM,2.315841181
FM2FM,2.684018387
FM2FM,2.659852978
FM2FM,1.324159776
FM2FM,0.959592287
FM2FM,1.80453599
FM2FM,1.760207497
FM2FM,1.540225236
FM2FM,3.324645144
FM2FM,3.091853504
FM2FM,3.901499335
FM2FM,4.746481563
FM2FM,3.830866165
FM2FM,4.642393619
FM2FM,2.765729954
FM2FM,1.452306979
FM2FM,2.137676948
FM2FM,4.397190402
FM2FM,4.417415118
FM2FM,4.331764811
FM2FM,2.14827057
FM2FM,2.779635774
FM2FM,1.721208955
FM2FM,4.280404767
FM2FM,2.375884507
FM2FM,2.011658353
FM2FM,2.608175701
FM2FM,4.590544184
FM2FM,2.21320194
FM2FM,2.7185739
FM2FM,3.08124763
FM2FM,2.339748195
FM2FM,3.461688147
FM2FM,2.633775782
FM2FM,2.016401453
FM2FM,1.541515107
FM2FM,3.043670689
FM2FM,3.053848672
FM2FM,2.546097058
FM2FM,2.926987772
FM2FM,2.157109257
FM2FM,1.832759238
FM2FM,1.452877922
FM2FM,3.972322246
FM2FM,2.718467132
FM2FM,1.82879321
FM2FM,1.784659912
FM2FM,1.789781716
FM2FM,2.418841775
FM2FM,3.8564164
FM2FM,1.690310083
FM2FM,0.595754254
FM2FM,0.475842631
FM2FM,2.330478533
FM2FM,2.088847472
FM2FM,2.219100816
FM2FM,2.64138715
FM2FM,1.249627498
FM2FM,1.233807727
FM2FM,3.053296867
FM2FM,1.808635798
FM2FM,2.217229906
FM2FM,0.676139285
FM2FM,2.369946148
FM2FM,2.146663867
FM2FM,1.580065639
FM2FM,2.264304165
FM2FM,2.044589142
FM2FM,2.017606214
FM2FM,1.864209043
FM2FM,1.956444006
FM2FM,2.268749765
FM2FM,1.874533324
FM2FM,1.668539095
FM2FM,1.965632802
FM2FM,2.191810127
FM2FM,2.607974405
FM2FM,1.895600737
FM2FM,3.154420449
FM2FM,2.755045805
FM2FM,2.240534517
FM2FM,0.777299216
FM2FM,0.328439717
FM2FM,2.718506769
FM2FM,1.998704826
FM2FM,1.847779199
FM2FM,1.364574372
FM2FM,1.921770725
FM2FM,1.866083194
FM2FM,3.76537542
FM2FM,3.080336652
FM2FM,1.781764891
FM2FM,1.283478921
FM2FM,2.659744476
FM2FM,2.905888481
FM2FM,2.048805975
FM2FM,2.186648336
FM2FM,3.030738254
FM2FM,3.158175624
FM2FM,2.642547149
FM2FM,2.39680561
FM2FM,2.978283758
FM2FM,4.300029399
FM2FM,2.227777042
FM2FM,3.140449003
FM2FM,3.023240692
FM2FM,2.988105225
FM2FM,4.259787369
FM2FM,4.137920775
FM2FM,3.253793012
FM2FM,3.05097618
FM2FM,3.759506301
FM2FM,4.608857918
FM2FM,1.143300127
FM2FM,1.723175247
FM2FM,0.665870694
FM2FM,1.882229614
FM2FM,1.351124278
FM2FM,2.640384712
FM2FM,2.888608122
FM2FM,2.477950423
FM2FM,2.530058486
FM2FM,2.608723287
FM2FM,2.896663763
FM2FM,2.759757582
FM2FM,3.324748635
FM2FM,3.036546428
FM2FM,1.819662669
FM2FM,2.547700792
FM2FM,2.43945729
FM2FM,2.529273122
FM2FM,2.632082096
FM2FM,1.960845658
FM2FM,3.016810013
FM2FM,2.485777085
FM2FM,2.342838082
FM2FM,2.681697462
FM2FM,3.085984623
FM2FM,2.435742101
FM2FM,2.055336794
FM2FM,3.003092243
FM2FM,2.591916775
FM2FM,2.489328546
FM2FM,2.097613397
FM2FM,3.648083937
FM2FM,2.63922148
FM2FM,2.61848125
FM2FM,2.773866027
FM2FM,3.447177799
FM2FM,3.525551316
FM2FM,2.430617641
FM2FM,2.62893222
FM2FM,2.905670296
FM2FM,3.159517944
FM2FM,3.034269242
FM2FM,2.214086495
FM2FM,2.964186311
FM2FM,4.114286728
FM2FM,3.285041759
FM2FM,2.187078349
FM2FM,2.432571198
FM2FM,2.850296287
FM2FM,2.763201864
FM2FM,4.601684755
FM2FM,3.498802423
FM2FM,3.31738309
FM2FM,2.973314195
FM2FM,2.397720296
FM2FM,3.177037434
FM2FM,3.167415291
FM2FM,3.190937298
FM2FM,3.778739874
FM2FM,2.196681041
FM2FM,2.639562636
FM2FM,2.405815054
FM2FM,2.939982615
FM2FM,2.534259319
FM2FM,2.479263874
FM2FM,2.146585177
FM2FM,2.599172726
FM2FM,3.541294301
FM2FM,2.801404106
FM2FM,2.838332187
FM2FM,2.255045874
FM2FM,2.675842326
FM2FM,3.635954552
FM2FM,3.227788556
FM2FM,2.391703035
FM2FM,2.653412277
FM2FM,2.932636584
FM2FM,2.695211611
FM2FM,3.121337889
FM2FM,3.657791165
FM2FM,3.035857372
FM2FM,2.497963216
FM2FM,2.623630093
FM2FM,3.006386761
FM2FM,2.702811271
FM2FM,2.845600605
FM2FM,2.090170906
FM2FM,2.96924249
FM2FM,3.05669741
FM2FM,2.025141497
FM2FM,3.339497152
FM2FM,3.552061181
FM2FM,2.836933626
FM2FM,2.980478443
FM2FM,2.503662201
FM2FM,2.867800159
FM2FM,2.805107923
FM2FM,2.918289888
FM2FM,2.82509499
FM2FM,2.842134437
FM2FM,3.044454957
FM2FM,2.776146487
FM2FM,2.594899721
FM2FM,0.419601425
FM2FM,2.383563902
FM2FM,3.963666232
FM2FM,2.144058653
FM2FM,3.216853487
FM2FM,2.391152682
FM2FM,3.08004576
FM2FM,1.880055919
FM2FM,0.662992839
FM2FM,0.982636266
FM2FM,1.752107827
FM2FM,2.270461564
FM2FM,3.261519058
FM2FM,2.338333708
FM2FM,2.73653836
FM2FM,2.033277571
FM2FM,2.504775804
FM2FM,3.067343831
FM2FM,1.820085346
FM2FM,1.803793213
FM2FM,3.346590205
FM2FM,2.296631552
FM2FM,2.261389292
FM2FM,3.967711862
FM2FM,2.030749481
FM2FM,1.62612337
FM2FM,4.013051125
FM2FM,1.91414006
FM2FM,2.229941936
FM2FM,1.786484426
FM2FM,2.756878431
FM2FM,3.904212942
FM2FM,2.425024623
FM2FM,1.738589439
FM2FM,4.050713877
FM2FM,3.213763599
FM2FM,4.704281113
FM2FM,1.743799997
FM2FM,3.713624409
FM2FM,3.26722976
FM2FM,1.778962332
FM2FM,3.397496398
FM2FM,0.828089773
FM2FM,1.906800292
FM2FM,2.562989275
FM2FM,1.512094225
FM2FM,2.183663823
FM2FM,1.18146051
FM2FM,2.247667946
FM2FM,2.241970521
FM2FM,2.382460601
FM2FM,3.434840662
FM2FM,2.987962792
FM2FM,2.333775823
FM2FM,2.55336044
FM2FM,2.261277781
FM2FM,1.842415475
FM2FM,3.456181953
FM2FM,3.510881073
FM2FM,2.77585199
FM2FM,3.223504923
FM2FM,1.838954553
FM2FM,2.736860575
FM2FM,1.830187711
FM2FM,3.097991534
FM2FM,1.866618163
FM2FM,1.90222561
FM2FM,3.768538803
FM2FM,1.807599802
FM2FM,1.476966087
FM2FM,1.307584088
FM2FM,1.746962003
FM2FM,1.468670907
FM2FM,1.73641935
FM2FM,2.008634091
FM2FM,1.568640423
FM2FM,1.896960584
FM2FM,3.240978606
FM2FM,1.817791759
FM2FM,2.496367921
FM2FM,1.921973047
FM2FM,1.878746807
FM2FM,1.592229992
FM2FM,1.845928039
FM2FM,1.554965829
FM2FM,1.463493806
FM2FM,1.815645536
FM2FM,2.0012187
FM2FM,1.537501115
FM2FM,1.788201999
FM2FM,1.795366248
FM2FM,1.622787536
FM2FM,2.049017898
FM2FM,1.658916718
FM2FM,1.721034997
FM2FM,2.403210663
FM2FM,1.509237273
FM2FM,3.022862868
FM2FM,2.23548833
FM2FM,3.082117426
FM2FM,3.271443243
FM2FM,3.814982493
FM2FM,1.086281193
FM2FM,1.234582256
FM2FM,2.700624625
FM2FM,2.804525859
FM2FM,2.219116599
FM2FM,3.582854679
FM2FM,2.842622739
FM2FM,2.475280556
FM2FM,4.088970881
FM2FM,1.993977509
FM2FM,2.164716039
FM2FM,2.65638681
FM2FM,2.785848994
FM2FM,2.716770067
FM2FM,1.758353226
FM2FM,2.996347899
FM2FM,4.37106681
FM2FM,4.098344033
FM2FM,1.660388508
FM2FM,2.986787346
FM2FM,1.723033469
FM2FM,3.694464158
FM2FM,1.838111857
FM2FM,0.284613724
FM2FM,0.46141019
FM2FM,0.286527677
FM2FM,1.709057503
FM2FM,0.603675167
FM2FM,0.257832953
FM2FM,0.582022391
FM2FM,4.016594363
FM2FM,1.66642749
FM2FM,3.541744315
FM2FM,0.848415804
FM2FM,0.820658145
FM2FM,3.971479549
FM2FM,1.914068244
FM2FM,4.798240446
FM2FM,3.417437142
FM2FM,2.882894764
FM2FM,3.029139567
FM2FM,2.60425498
FM2FM,2.816640925
FM2FM,3.208735239
FM2FM,2.777876885
FM2FM,2.567955855
FM2FM,2.133944729
FM2FM,2.424989671
FM2FM,0.218539296
FM2FM,2.90632115
FM2FM,2.658148356
FM2FM,1.484674071
FM2FM,3.805859804
FM2FM,1.751036364
FM2FM,1.82190986
FM2FM,2.901780373
FM2FM,1.69067239
FM2FM,2.192194517
FM2FM,2.175798894
FM2FM,2.075452384
FM2FM,2.487468803
FM2FM,2.429917448
FM2FM,2.192176386
FM2FM,3.717977013
FM2FM,2.263766388
FM2FM,2.863721904
FM2FM,2.022708789
FM2FM,3.026672239
FM2FM,1.760243901
FM2FM,1.65153605
FM2FM,2.402099866
FM2FM,1.796067167
FM2FM,1.865263662
FM2FM,1.887553199
FM2FM,2.286192137
FM2FM,2.175603354
FM2FM,2.260628929
FM2FM,2.158568445
FM2FM,1.847794411
FM2FM,2.19669211
FM2FM,2.22991675
FM2FM,0.603160693
FM2FM,2.442060997
FM2FM,4.689848446
FM2FM,2.358148397
FM2FM,2.495366151
FM2FM,2.097322505
FM2FM,2.064410945
FM2FM,1.628326821
FM2FM,0.274157265
FM2FM,1.952808718
FM2FM,0.266080175
FM2FM,3.995028655
FM2FM,0.153555275
FM2FM,2.064467334
FM2FM,0.131179757
FM2FM,1.077318624
FM2FM,1.777087154
FM2FM,3.399854216
FM2FM,1.087741613
FM2FM,0.210674128
FM2FM,2.094772228
FM2FM,0.217062985
FM2FM,0.057865161
FM2FM,0.323945335
FM2FM,2.192169479
FM2FM,0.163130408
FM2FM,1.036050294
FM2FM,0.86315672
FM2FM,1.164887479
FM2FM,0.305240647
FM2FM,1.196899954
FM2FM,2.78848276
FM2FM,2.989286884
FM2FM,2.720871529
FM2FM,2.961584725
FM2FM,2.882052067
FM2FM,3.113261805
FM2FM,4.89160235
FM2FM,3.383135606
FM2FM,2.856140835
FM2FM,3.634632705
FM2FM,2.642741651
FM2FM,1.976175454
FM2FM,2.804450492
FM2FM,2.816602638
FM2FM,2.846067021
FM2FM,2.859550165
FM2FM,1.830141315
FM2FM,2.075412396
FM2FM,1.757664135
FM2FM,2.029203209
FM2FM,1.879524077
FM2FM,1.754731298
FM2FM,2.134294326
FM2FM,1.820797127
FM2FM,2.164044644
FM2FM,1.688519707
FM2FM,2.928974036
FM2FM,3.280830883
FM2FM,3.008749588
FM2FM,2.69937029
FM2FM,2.383988434
FM2FM,1.364034762
FM2FM,2.249191943
FM2FM,1.810142103
FM2FM,1.846564597
FM2FM,2.046045768
FM2FM,2.137936835
FM2FM,3.443680626
FM2FM,2.991040816
FM2FM,2.775598208
FM2FM,2.805573849
FM2FM,2.889748119
FM2FM,2.543538973
FM2FM,2.48313573
FM2FM,2.024187018
FM2FM,2.313905502
FM2FM,1.657794793
FM2FM,2.026986013
FM2FM,2.517838058
FM2FM,2.215691485
FM2FM,1.825024706
FM2FM,2.090924716
FM2FM,1.958575774
FM2FM,1.994871727
FM2FM,1.719959365
FM2FM,1.776561809
FM2FM,2.886096434
FM2FM,2.612103248
FM2FM,2.698033334
FM2FM,3.542979694
FM2FM,2.214866016
FM2FM,2.502350546
FM2FM,3.534410951
FM2FM,3.575280403
FM2FM,3.398170477
FM2FM,2.817450291
FM2FM,3.8383335
FM2FM,3.480681631
FM2FM,2.702766441
FM2FM,2.484574055
FM2FM,3.116486371
FM2FM,1.990273293
FM2FM,2.701611523
FM2FM,2.391572702
FM2FM,2.996208778
FM2FM,2.478373338
FM2FM,2.872471512
FM2FM,1.984651601
FM2FM,2.489186377
FM2FM,2.478016048
FM2FM,3.12731666
FM2FM,2.905950606
FM2FM,2.690739642
FM2FM,2.494242556
FM2FM,3.339532783
FM2FM,2.804073973
FM2FM,3.276740101
FM2FM,3.022894168
FM2FM,3.260741987
FM2FM,2.588731506
FM2FM,2.635422888
FM2FM,3.259831009
FM2FM,3.139034516
FM2FM,3.151780338
FM2FM,3.107899689
FM2FM,1.623601071
FM2FM,2.047534828
FM2FM,3.045473016
FM2FM,2.230264953
FM2FM,3.100548634
FM2FM,3.622188596
FM2FM,1.912287469
FM2FM,2.653660995
FM2FM,1.993326432
FM2FM,1.782618974
FM2FM,1.727562802
FM2FM,2.735319383
FM2FM,2.042415447
FM2FM,1.878728235
FM2FM,1.716795982
FM2FM,2.321102045
FM2FM,2.687210064
FM2FM,2.602166224
FM2FM,1.552358141
FM2FM,2.50804155
FM2FM,1.656460445
FM2FM,2.128693248
FM2FM,2.931179369
FM2FM,1.312735649
FM2FM,1.711733155
FM2FM,2.046489809
FM2FM,2.126652918
FM2FM,3.046066993
FM2FM,1.691575456
FM2FM,2.236443048
FM2FM,1.658394556
FM2FM,1.883568483
FM2FM,2.403326952
FM2FM,2.136040149
FM2FM,1.730937041
FM2FM,2.729272088
FM2FM,1.942557239
FM2FM,1.046629068
FM2FM,1.465029215
FM2FM,1.888122342
FM2FM,1.863052875
FM2FM,2.370584722
FM2FM,2.04552722
FM2FM,2.662379183
FM2FM,2.790407307
FM2FM,2.957759082
FM2FM,2.845192144
FM2FM,2.822005103
FM2FM,1.257864994
FM2FM,2.246939796
FM2FM,2.742696249
FM2FM,2.27260338
FM2FM,2.601049739
FM2FM,2.219940672
FM2FM,2.755958484
FM2FM,2.190168236
FM2FM,2.188659572
FM2FM,2.860881164
FM2FM,2.452950427
FM2FM,2.48890018
FM2FM,3.366853466
FM2FM,3.122768159
FM2FM,2.76495911
FM2FM,2.497471564
FM2FM,1.450842496
FM2FM,1.523467036
FM2FM,1.21874991
FM2FM,3.466614411
FM2FM,1.205432293
FM2FM,2.400296349
FM2FM,3.079582535
FM2FM,3.473875923
FM2FM,2.960424713
FM2FM,3.089887212
FM2FM,3.320500637
FM2FM,2.863772414
FM2FM,2.965339901
FM2FM,2.924700271
FM2FM,3.022474262
FM2FM,1.132821272
FM2FM,3.473028706
FM2FM,2.812621635
FM2FM,2.358598412
FM2FM,3.045505196
FM2FM,1.89999474
FM2FM,1.499645397
FM2FM,2.861419194
FM2FM,2.843108919
FM2FM,2.151820681
FM2FM,1.299298901
FM2FM,2.810954667
FM2FM,2.448449854
FM2FM,0.307512411
FM2FM,1.751218734
FM2FM,1.638139387
FM2FM,1.499989799
FM2FM,2.125270611
FM2FM,2.00382318
FM2FM,2.949718692
FM2FM,2.920166601
FM2FM,2.881667678
FM2FM,2.202076691
FM2FM,2.00925665
FM2FM,1.96535903
FM2FM,3.407232753
FM2FM,3.889074399
FM2FM,2.526665057
FM2FM,3.123850503
FM2FM,2.414357373
FM2FM,1.973075292
FM2FM,3.280966703
FM2FM,1.478057502
FM2FM,3.26765576
FM2FM,2.690190052
FM2FM,2.20575945
FM2FM,2.099533293
FM2FM,0.920821341
FM2FM,0.507374883
FM2FM,1.875376021
FM2FM,2.321479778
FM2FM,2.512189317
FM2FM,2.022005214
FM2FM,2.492955865
FM2FM,1.64604587
FM2FM,2.378750326
FM2FM,1.944772249
FM2FM,2.781592074
FM2FM,2.608792892
FM2FM,2.943799831
FM2FM,1.954079827
FM2FM,4.586581164
FM2FM,2.77419187
FM2FM,2.588335795
FM2FM,2.861222824
FM2FM,2.393118974
FM2FM,0.826685279
FM2FM,1.294620569
FM2FM,3.261431851
FM2FM,1.278512387
FM2FM,1.460360876
FM2FM,2.616387154
FM2FM,3.944578886
FM2FM,3.60686177
FM2FM,0.211618139
FM2FM,2.263659562
FM2FM,3.191840756
FM2FM,1.902589416
FM2FM,2.384757634
FM2FM,3.540198043
FM2FM,1.881872621
FM2FM,3.607222815
FM2FM,1.879838222
FM2FM,2.89719061
FM2FM,2.108383173
FM2FM,3.453512086
FM2FM,2.231811225
FM2FM,3.895226836
FM2FM,1.642838179
FM2FM,0.089606729
FM2FM,1.526420066
FM2FM,3.911587894
FM2FM,4.091010669
FM2FM,3.676953048
FM2FM,2.142993014
FM2FM,1.779691545
FM2FM,3.608287345
FM2FM,2.497020931
FM2FM,1.861707359
FM2FM,3.762058145
FM2FM,2.000141501
FM2FM,1.809620272
FM2FM,1.751362079
FM2FM,1.438528335
FM2FM,3.337266298
FM2FM,1.686972741
FM2FM,1.981767944
FM2FM,2.130293282
FM2FM,2.197752504
FM2FM,3.811282627
FM2FM,1.858467566
FM2FM,1.729420646
FM2FM,1.096915751
FM2FM,2.551466098
FM2FM,2.483577313
FM2FM,3.134787525
FM2FM,3.292343457
FM2FM,1.933006678
FM2FM,1.974999726
FM2FM,2.609076919
FM2FM,3.28167358
FM2FM,3.401425908
FM2FM,2.349645279
FM2FM,2.455617637
FM2FM,2.600591432
FM2FM,1.91437771
FM2FM,2.643879848
FM2FM,1.776819054
FM2FM,1.853368344
FM2FM,2.310524723
FM2FM,1.932005807
FM2FM,2.422177941
FM2FM,2.555315407
FM2FM,1.197824226
FM2FM,2.775068591
FM2FM,1.683944791
FM2FM,2.455151221
FM2FM,2.009575242
FM2FM,2.196178276
FM2FM,2.777422029
FM2FM,2.090697867
FM2FM,1.432844984
FM2FM,2.044276063
FM2FM,1.223647468
FM2FM,3.10272507
FM2FM,2.165305479
FM2FM,1.751265131
FM2FM,0.086235943
FM2FM,2.459841983
FM2FM,2.172471609
FM2FM,3.241218189
FM2FM,2.906836552
FM2FM,3.074427783
FM2FM,3.438524809
FM2FM,3.034787301
FM2FM,2.553858734
FM2FM,2.491995365
FM2FM,2.192590649
FM2FM,2.753266235
FM2FM,2.371337993
FM2FM,2.403693492
FM2FM,1.575624781
FM2FM,2.450019662
FM2FM,2.835319369
FM2FM,4.332048597
FM2FM,3.450314561
FM2FM,2.826714996
FM2FM,2.961584725
FM2FM,3.006261486
FM2FM,3.39971863
FM2FM,2.868953734
FM2FM,2.736126449
FM2FM,0.582653165
FM2FM,2.763158363
FM2FM,1.886162198
FM2FM,2.114683258
FM2FM,2.253673259
FM2FM,2.388461498
FM2FM,1.497332581
FM2FM,1.678416332
FM2FM,2.452711386
FM2FM,0.618186525
FM2FM,1.835504169
FM2FM,2.751113221
FM2FM,2.222085027
FM2FM,3.037389124
FM2FM,2.782886668
FM2FM,2.82358238
FM2FM,1.953157532
FM2FM,2.595699541
FM2FM,3.162374895
FM2FM,1.950561527
FM2FM,3.178465728
FM2FM,3.401264902
FM2FM,2.87047304
FM2FM,2.645150856
FM2FM,3.03148214
FM2FM,3.07699586
FM2FM,2.068328102
FM2FM,2.465029077
FM2FM,2.322648317
FM2FM,4.853370114
FM2FM,2.828079503
FM2FM,2.213592437
FM2FM,2.556179421
FM2FM,2.087359261
FM2FM,4.141291561
FM2FM,4.595927658
FM2FM,3.6735215
FM2FM,4.952246505
FM2FM,2.520399592
FM2FM,2.999285931
FM2FM,2.033584245
FM2FM,1.002367749
FM2FM,2.687775663
FM2FM,2.49328304
FM2FM,2.692415357
FM2FM,3.06629171
FM2FM,2.094772228
FM2FM,3.634476562
FM2FM,3.095525191
FM2FM,2.980928458
FM2FM,3.691779925
FM2FM,3.031824869
FM2FM,2.461303529
FM2FM,1.909972974
SoftWorx,1.191393284
SoftWorx,1.414325647
SoftWorx,1.262141678
SoftWorx,1.461903795
SoftWorx,1.789328251
SoftWorx,1.840310062
SoftWorx,3.155826622
SoftWorx,2.37995168
SoftWorx,1.984926567
SoftWorx,3.935741893
SoftWorx,2.644804333
SoftWorx,1.09690996
SoftWorx,1.596067194
SoftWorx,1.689888276
SoftWorx,1.616837311
SoftWorx,1.76913583
SoftWorx,1.719834455
SoftWorx,1.707403167
SoftWorx,1.741658181
SoftWorx,1.594943599
SoftWorx,1.772847945
SoftWorx,2.090906776
SoftWorx,1.708707628
SoftWorx,2.848344207
SoftWorx,2.165697857
SoftWorx,2.160564731
SoftWorx,4.598303977
SoftWorx,2.235777774
SoftWorx,2.488761514
SoftWorx,2.498832319
SoftWorx,2.778078139
SoftWorx,2.108943557
SoftWorx,0.320293809
SoftWorx,2.287207378
SoftWorx,3.074999574
SoftWorx,1.601746761
SoftWorx,1.305574057
SoftWorx,3.194103338
SoftWorx,1.755249847
SoftWorx,1.883988503
SoftWorx,1.022166063
SoftWorx,1.298563145
SoftWorx,0.333848377
SoftWorx,1.232022301
SoftWorx,1.290658342
SoftWorx,0.306281047
SoftWorx,1.321973131
SoftWorx,1.424157106
SoftWorx,1.05333846
SoftWorx,1.759353135
SoftWorx,1.254494208
SoftWorx,1.239116355
SoftWorx,1.180617814
SoftWorx,1.597894365
SoftWorx,1.631231682
SoftWorx,2.106499784
SoftWorx,1.49158369
SoftWorx,1.506709184
SoftWorx,1.807434905
SoftWorx,1.704505009
SoftWorx,2.295054336
SoftWorx,3.017441958
SoftWorx,0.968539192
SoftWorx,1.063832179
SoftWorx,1.329155586
SoftWorx,2.525672612
SoftWorx,1.259327129
SoftWorx,3.36768617
SoftWorx,1.874017922
SoftWorx,2.037556678
SoftWorx,0.953793331
SoftWorx,3.547670508
SoftWorx,2.476908236
SoftWorx,1.189877483
SoftWorx,2.344338196
SoftWorx,2.036500174
SoftWorx,3.625583181
SoftWorx,2.034113858
SoftWorx,4.346066813
SoftWorx,3.508041584
SoftWorx,2.53304004
SoftWorx,2.376892467
SoftWorx,2.494226154
SoftWorx,2.255930429
SoftWorx,2.238624614
SoftWorx,2.645150856
SoftWorx,2.366596271
SoftWorx,1.760237492
SoftWorx,2.051879019
SoftWorx,2.33594474
SoftWorx,2.437990913
SoftWorx,2.518758207
SoftWorx,2.052613194
SoftWorx,2.511700142
SoftWorx,1.626300272
SoftWorx,1.037921204
SoftWorx,1.510815726
SoftWorx,2.108634077
SoftWorx,1.626300272
SoftWorx,1.782605908
SoftWorx,2.56155145
SoftWorx,4.153922016
SoftWorx,2.697613314
SoftWorx,4.776320343
SoftWorx,2.326963784
SoftWorx,1.929354993
SoftWorx,1.923197799
SoftWorx,1.9645023
SoftWorx,1.784747724
SoftWorx,2.139606445
SoftWorx,1.979194784
SoftWorx,3.502288564
SoftWorx,2.254104044
SoftWorx,2.776394117
SoftWorx,2.421690468
SoftWorx,3.141281707
SoftWorx,2.042517025
SoftWorx,1.179546351
SoftWorx,1.705263346
SoftWorx,2.441132006
SoftWorx,0.955866564
SoftWorx,0.91172581
SoftWorx,1.458892173
SoftWorx,2.362046144
SoftWorx,0.148314586
SoftWorx,3.925310349
SoftWorx,4.395495016
SoftWorx,3.06294757
SoftWorx,3.975206852
SoftWorx,4.088225246
SoftWorx,1.617759606
SoftWorx,1.54884401
SoftWorx,1.436622899
SoftWorx,2.540309965
SoftWorx,3.988378596
SoftWorx,1.53239854
SoftWorx,1.313466567
SoftWorx,2.574860522
SoftWorx,3.969834144
SoftWorx,1.580628621
SoftWorx,3.195742334
SoftWorx,1.890544558
SoftWorx,3.299724434
SoftWorx,1.763343781
SoftWorx,2.787553074
SoftWorx,1.193929657
SoftWorx,4.116856019
SoftWorx,1.599059327
SoftWorx,1.963535006
SoftWorx,1.532906814
SoftWorx,1.573690669
SoftWorx,3.297774237
SoftWorx,1.470928091
SoftWorx,2.758405267
SoftWorx,3.006989875
SoftWorx,3.665871607
SoftWorx,2.030700142
SoftWorx,3.621836114
SoftWorx,2.941291727
SoftWorx,1.288763866
SoftWorx,3.11498259
SoftWorx,1.341925329
SoftWorx,2.908498146
SoftWorx,2.944943412
SoftWorx,1.37465455
SoftWorx,0.741540751
SoftWorx,1.182519745
SoftWorx,1.573737065
SoftWorx,0.586629466
SoftWorx,1.700474573
SoftWorx,1.498876197
SoftWorx,0.902454469
SoftWorx,1.594416753
SoftWorx,1.488343819
SoftWorx,1.130336922
SoftWorx,1.522969136
SoftWorx,1.437511992
SoftWorx,1.368321439
SoftWorx,0.908759872
SoftWorx,2.292176372
SoftWorx,1.446724395
SoftWorx,0.235674125
SoftWorx,1.316404645
SoftWorx,1.497297048
SoftWorx,1.415263725
SoftWorx,2.431147258
SoftWorx,1.001192432
SoftWorx,1.059831314
SoftWorx,0.890168182
SoftWorx,1.287984165
SoftWorx,2.020244391
SoftWorx,1.141864637
SoftWorx,0.940939289
SoftWorx,1.833707611
SoftWorx,1.16273567
SoftWorx,1.056793559
SoftWorx,1.891220056
SoftWorx,2.320505296
SoftWorx,0.19109933
SoftWorx,0.083426955
SoftWorx,2.200517753
SoftWorx,0.699697687
SoftWorx,0.619071079
SoftWorx,1.196629048
SoftWorx,0.073977709
SoftWorx,0.127453652
SoftWorx,0.074507168
SoftWorx,2.1030161
SoftWorx,2.957093645
SoftWorx,3.804646575
SoftWorx,3.48542277
SoftWorx,2.955336669
SoftWorx,2.728922213
SoftWorx,2.825596358
SoftWorx,2.688763672
SoftWorx,3.319125622
SoftWorx,1.796067167
SoftWorx,2.570712664
SoftWorx,1.742405496
SoftWorx,2.817523007
SoftWorx,2.967276198
SoftWorx,4.043538765
SoftWorx,2.750095
SoftWorx,3.909691798
SoftWorx,2.984269249
SoftWorx,3.607573777
SoftWorx,3.322332328
SoftWorx,4.144035729
SoftWorx,3.188654477
SoftWorx,3.130446242
SoftWorx,1.624364481
SoftWorx,1.69436539
SoftWorx,3.656037456
SoftWorx,3.308245381
SoftWorx,2.734434681
SoftWorx,2.595642974
SoftWorx,2.869308129
SoftWorx,1.377877773
SoftWorx,3.996325581
SoftWorx,3.989569324
SoftWorx,1.127737016
SoftWorx,2.241572723
SoftWorx,1.876966032
SoftWorx,2.135944767
SoftWorx,1.854213226
SoftWorx,2.168109013
SoftWorx,1.488517891
SoftWorx,2.793429812
SoftWorx,1.970319828
SoftWorx,1.848044315
SoftWorx,1.317345402
SoftWorx,2.020764873
SoftWorx,2.579635802
SoftWorx,4.285275815
SoftWorx,4.421586779
SoftWorx,4.705659183
SoftWorx,2.68634518
SoftWorx,1.657574047
SoftWorx,1.524648744
SoftWorx,2.83187842
SoftWorx,2.183520654
SoftWorx,2.830097646
SoftWorx,2.435815597
SoftWorx,2.01727633
SoftWorx,0.787682198
SoftWorx,2.705087371
SoftWorx,2.589497256
SoftWorx,1.362078463
SoftWorx,0.955151429
SoftWorx,1.618703103
SoftWorx,1.505222935
SoftWorx,1.563766599
SoftWorx,3.240729888
SoftWorx,3.085954628
SoftWorx,3.741354818
SoftWorx,4.576965658
SoftWorx,4.659618198
SoftWorx,3.800529091
SoftWorx,2.75926928
SoftWorx,1.389737858
SoftWorx,2.104377549
SoftWorx,4.45199567
SoftWorx,4.469662302
SoftWorx,4.353672968
SoftWorx,2.215340005
SoftWorx,2.800280511
SoftWorx,1.993326432
SoftWorx,4.276601312
SoftWorx,2.285742122
SoftWorx,2.074955973
SoftWorx,2.575085032
SoftWorx,4.740656184
SoftWorx,2.299427891
SoftWorx,2.636892769
SoftWorx,2.820011711
SoftWorx,2.250591867
SoftWorx,3.364393658
SoftWorx,2.67102393
SoftWorx,2.045192255
SoftWorx,1.626169148
SoftWorx,3.10019698
SoftWorx,3.289325387
SoftWorx,2.526175378
SoftWorx,2.907605752
SoftWorx,2.312210116
SoftWorx,1.780400033
SoftWorx,1.602097379
SoftWorx,4.082608662
SoftWorx,2.854982288
SoftWorx,1.929354993
SoftWorx,1.80453599
SoftWorx,1.840340057
SoftWorx,2.146836319
SoftWorx,3.951536232
SoftWorx,0.32198165
SoftWorx,0.188833153
SoftWorx,2.140563508
SoftWorx,2.196257875
SoftWorx,2.228932275
SoftWorx,2.682063958
SoftWorx,0.167977505
SoftWorx,1.235243973
SoftWorx,3.034540148
SoftWorx,0.423325411
SoftWorx,2.174252384
SoftWorx,2.361519183
SoftWorx,2.247487382
SoftWorx,1.610221734
SoftWorx,2.357759165
SoftWorx,2.106948684
SoftWorx,2.042044413
SoftWorx,1.872567032
SoftWorx,2.037534491
SoftWorx,2.395219867
SoftWorx,1.890472741
SoftWorx,1.677107837
SoftWorx,1.998190992
SoftWorx,2.20680025
SoftWorx,2.525280549
SoftWorx,3.163725062
SoftWorx,2.003350523
SoftWorx,2.660005609
SoftWorx,2.360038536
SoftWorx,0.78148746
SoftWorx,0.320574549
SoftWorx,2.74968654
SoftWorx,2.009659881
SoftWorx,1.881195298
SoftWorx,1.377299132
SoftWorx,1.898217081
SoftWorx,3.362950877
SoftWorx,3.146347878
SoftWorx,1.283426788
SoftWorx,1.796479851
SoftWorx,2.891572633
SoftWorx,2.772678929
SoftWorx,2.072086727
SoftWorx,2.220356196
SoftWorx,2.983707452
SoftWorx,3.375733102
SoftWorx,2.719125705
SoftWorx,2.50730568
SoftWorx,4.295526908
SoftWorx,2.302507785
SoftWorx,0.281460635
SoftWorx,3.140483954
SoftWorx,3.144943384
SoftWorx,2.852788608
SoftWorx,4.197190429
SoftWorx,4.260038273
SoftWorx,1.204258705
SoftWorx,2.903231263
SoftWorx,3.809659631
SoftWorx,4.682894514
SoftWorx,1.019933686
SoftWorx,1.607303148
SoftWorx,2.419381687
SoftWorx,1.92542241
SoftWorx,3.046586618
SoftWorx,2.816602638
SoftWorx,3.048640861
SoftWorx,3.069441586
SoftWorx,1.953900133
SoftWorx,2.685916139
SoftWorx,2.379354931
SoftWorx,2.404169649
SoftWorx,2.633244673
SoftWorx,2.031220351
SoftWorx,3.114628527
SoftWorx,2.483248996
SoftWorx,2.348128764
SoftWorx,2.794090743
SoftWorx,3.319534101
SoftWorx,2.455617637
SoftWorx,2.242341923
SoftWorx,3.164131589
SoftWorx,2.853225837
SoftWorx,2.544103819
SoftWorx,2.160673858
SoftWorx,3.75521322
SoftWorx,2.864870846
SoftWorx,2.675784613
SoftWorx,2.852808593
SoftWorx,3.48313285
SoftWorx,3.798174959
SoftWorx,2.546067063
SoftWorx,2.664325473
SoftWorx,2.957074783
SoftWorx,3.149916074
SoftWorx,3.116000811
SoftWorx,2.33122131
SoftWorx,3.086377305
SoftWorx,4.077246626
SoftWorx,3.289127135
SoftWorx,2.235996604
SoftWorx,2.493902006
SoftWorx,2.934757558
SoftWorx,2.789360408
SoftWorx,4.810392592
SoftWorx,3.51206543
SoftWorx,3.103338176
SoftWorx,3.076123169
SoftWorx,2.407303037
SoftWorx,3.224380042
SoftWorx,3.263690096
SoftWorx,2.957398343
SoftWorx,3.747710116
SoftWorx,2.37336641
SoftWorx,2.618171075
SoftWorx,2.521648866
SoftWorx,2.982163836
SoftWorx,2.595776164
SoftWorx,2.557854821
SoftWorx,2.222427863
SoftWorx,2.694565285
SoftWorx,3.431242501
SoftWorx,2.920786112
SoftWorx,2.878954071
SoftWorx,2.268529019
SoftWorx,2.665520651
SoftWorx,3.599364207
SoftWorx,3.144277417
SoftWorx,2.395073821
SoftWorx,2.484831116
SoftWorx,2.946485146
SoftWorx,2.673906029
SoftWorx,2.919975281
SoftWorx,3.768465307
SoftWorx,2.704307099
SoftWorx,2.658967078
SoftWorx,2.603577828
SoftWorx,3.002517681
SoftWorx,2.648175119
SoftWorx,2.917791606
SoftWorx,2.099459637
SoftWorx,3.10855832
SoftWorx,3.004916642
SoftWorx,2.163006437
SoftWorx,3.371377842
SoftWorx,3.408464899
SoftWorx,2.86863025
SoftWorx,3.071489667
SoftWorx,2.467791669
SoftWorx,3.143184495
SoftWorx,2.031460393
SoftWorx,2.803703429
SoftWorx,2.899814081
SoftWorx,3.05332819
SoftWorx,2.787468762
SoftWorx,2.576205886
SoftWorx,2.482163906
SoftWorx,3.978900395
SoftWorx,1.993236833
SoftWorx,3.229493934
SoftWorx,2.251218665
SoftWorx,1.414155761
SoftWorx,0.967276475
SoftWorx,2.334083822
SoftWorx,3.403092073
SoftWorx,2.359873273
SoftWorx,2.969899669
SoftWorx,2.022710356
SoftWorx,2.483617385
SoftWorx,3.324877894
SoftWorx,1.836096579
SoftWorx,1.836658377
SoftWorx,3.388970978
SoftWorx,2.401535946
SoftWorx,2.343235375
SoftWorx,4.146363523
SoftWorx,2.02570373
SoftWorx,1.632022246
SoftWorx,4.053500558
SoftWorx,2.012203749
SoftWorx,2.287973164
SoftWorx,1.821692162
SoftWorx,2.782714217
SoftWorx,3.946382719
SoftWorx,2.481159446
SoftWorx,1.678409956
SoftWorx,3.900238185
SoftWorx,3.268538873
SoftWorx,4.747258635
SoftWorx,1.744642694
SoftWorx,3.805478329
SoftWorx,3.31620154
SoftWorx,1.802897319
SoftWorx,3.366814921
SoftWorx,0.773230297
SoftWorx,1.945564331
SoftWorx,2.475901202
SoftWorx,2.829528941
SoftWorx,1.98738284
SoftWorx,2.252724126
SoftWorx,2.242621023
SoftWorx,2.39004487
SoftWorx,3.505378451
SoftWorx,2.907022069
SoftWorx,2.34817516
SoftWorx,2.710427834
SoftWorx,2.265136045
SoftWorx,1.700492001
SoftWorx,3.620507773
SoftWorx,3.617696128
SoftWorx,2.971961833
SoftWorx,3.109968269
SoftWorx,1.556274941
SoftWorx,2.795234009
SoftWorx,1.676832675
SoftWorx,3.194085692
SoftWorx,1.796138749
SoftWorx,1.821326745
SoftWorx,3.73019744
SoftWorx,1.910038599
SoftWorx,1.364293473
SoftWorx,1.361085201
SoftWorx,1.781327042
SoftWorx,1.38182677
SoftWorx,1.580617758
SoftWorx,1.939887372
SoftWorx,1.496720328
SoftWorx,2.037941068
SoftWorx,3.249405572
SoftWorx,1.743669417
SoftWorx,1.550914064
SoftWorx,1.804631372
SoftWorx,1.785911069
SoftWorx,1.539367487
SoftWorx,1.720134345
SoftWorx,1.563332364
SoftWorx,1.3389165
SoftWorx,1.487782021
SoftWorx,0.898366615
SoftWorx,1.86168356
SoftWorx,1.359506634
SoftWorx,1.801404245
SoftWorx,1.773737038
SoftWorx,1.549472939
SoftWorx,0.141573014
SoftWorx,1.639397198
SoftWorx,1.538578314
SoftWorx,2.220348771
SoftWorx,2.830617585
SoftWorx,2.304589444
SoftWorx,3.141152578
SoftWorx,3.35902325
SoftWorx,4.040966936
SoftWorx,1.174159797
SoftWorx,1.240745948
SoftWorx,2.864154144
SoftWorx,2.684862954
SoftWorx,2.151971784
SoftWorx,3.799860352
SoftWorx,2.828231273
SoftWorx,2.513062778
SoftWorx,4.131105707
SoftWorx,2.102292677
SoftWorx,2.329627966
SoftWorx,2.802859335
SoftWorx,2.80354562
SoftWorx,2.646826257
SoftWorx,1.779174692
SoftWorx,2.948910947
SoftWorx,4.384549954
SoftWorx,4.171628635
SoftWorx,1.630544255
SoftWorx,2.969933416
SoftWorx,1.734866172
SoftWorx,3.665574307
SoftWorx,1.908214085
SoftWorx,0.284613724
SoftWorx,0.448499054
SoftWorx,0.231529618
SoftWorx,0.075349864
SoftWorx,1.814044692
SoftWorx,0.616315615
SoftWorx,0.22724716
SoftWorx,0.586023951
SoftWorx,4.04092054
SoftWorx,1.639321095
SoftWorx,3.583036444
SoftWorx,0.857996359
SoftWorx,0.819258571
SoftWorx,4.068961438
SoftWorx,1.954457246
SoftWorx,4.888236521
SoftWorx,3.493287937
SoftWorx,3.172678873
SoftWorx,3.341888421
SoftWorx,2.767622749
SoftWorx,2.834747579
SoftWorx,3.259691888
SoftWorx,2.637942868
SoftWorx,2.546912416
SoftWorx,2.111191923
SoftWorx,0.612746899
SoftWorx,2.960954646
SoftWorx,2.690590843
SoftWorx,1.562660185
SoftWorx,1.764907348
SoftWorx,1.990362174
SoftWorx,1.717526657
SoftWorx,2.166070925
SoftWorx,2.177484287
SoftWorx,2.31333097
SoftWorx,2.58974816
SoftWorx,2.5556472
SoftWorx,2.311611915
SoftWorx,3.815729808
SoftWorx,2.281463015
SoftWorx,2.907542122
SoftWorx,2.054731257
SoftWorx,3.143378688
SoftWorx,1.793588096
SoftWorx,1.772451679
SoftWorx,2.424009975
SoftWorx,1.584280306
SoftWorx,1.853465911
SoftWorx,1.83777198
SoftWorx,2.074646997
SoftWorx,2.089606452
SoftWorx,2.057259346
SoftWorx,2.087231003
SoftWorx,1.800561548
SoftWorx,2.177495608
SoftWorx,2.036139284
SoftWorx,0.939044814
SoftWorx,2.423521674
SoftWorx,4.606274518
SoftWorx,2.30170696
SoftWorx,2.587847494
SoftWorx,2.060243859
SoftWorx,2.065253642
SoftWorx,1.651265144
SoftWorx,0.264325806
SoftWorx,2.070744057
SoftWorx,0.248102649
SoftWorx,4.076049534
SoftWorx,2.057373047
SoftWorx,0.131179757
SoftWorx,0.110393243
SoftWorx,1.794068695
SoftWorx,3.10316104
SoftWorx,1.040449294
SoftWorx,0.162147605
SoftWorx,1.488905616
SoftWorx,0.20597043
SoftWorx,0.098977705
SoftWorx,0.209550533
SoftWorx,1.971348041
SoftWorx,2.998663372
SoftWorx,2.806826573
SoftWorx,3.031528536
SoftWorx,3.162908175
SoftWorx,3.143558892
SoftWorx,5.028961882
SoftWorx,3.4328547
SoftWorx,2.84401892
SoftWorx,3.788049867
SoftWorx,2.65285401
SoftWorx,1.991343991
SoftWorx,2.83394487
SoftWorx,2.761516471
SoftWorx,2.870786119
SoftWorx,2.874437804
SoftWorx,1.753131784
SoftWorx,1.984948283
SoftWorx,1.648551538
SoftWorx,1.959259399
SoftWorx,1.791088634
SoftWorx,1.712231055
SoftWorx,2.040484107
SoftWorx,1.753089645
SoftWorx,2.213062819
SoftWorx,1.572439512
SoftWorx,2.923690482
SoftWorx,3.14119531
SoftWorx,2.883967047
SoftWorx,2.49186445
SoftWorx,1.075031452
SoftWorx,1.520296091
SoftWorx,1.911584871
SoftWorx,1.944772249
SoftWorx,2.107562614
SoftWorx,2.236532327
SoftWorx,3.60463566
SoftWorx,3.055085751
SoftWorx,2.889817094
SoftWorx,2.959056636
SoftWorx,2.95941103
SoftWorx,2.618258064
SoftWorx,2.451182239
SoftWorx,2.072501618
SoftWorx,2.365309989
SoftWorx,3.564748025
SoftWorx,2.051153306
SoftWorx,2.599718741
SoftWorx,2.15912075
SoftWorx,2.018748128
SoftWorx,1.988173661
SoftWorx,2.068961716
SoftWorx,1.735207501
SoftWorx,1.800577331
SoftWorx,2.848175091
SoftWorx,2.628786907
SoftWorx,2.739532866
SoftWorx,3.620052916
SoftWorx,2.279635844
SoftWorx,2.473282084
SoftWorx,3.891010697
SoftWorx,3.716572519
SoftWorx,3.723242274
SoftWorx,0.661516762
SoftWorx,3.862837324
SoftWorx,3.50733309
SoftWorx,2.763747265
SoftWorx,2.481545719
SoftWorx,3.091311708
SoftWorx,2.07415483
SoftWorx,2.71716445
SoftWorx,2.48623561
SoftWorx,3.089674595
SoftWorx,2.488191909
SoftWorx,2.867415333
SoftWorx,2.019022574
SoftWorx,2.555825026
SoftWorx,2.410673823
SoftWorx,3.213482701
SoftWorx,2.944196097
SoftWorx,2.734559861
SoftWorx,2.511969177
SoftWorx,3.380013889
SoftWorx,2.930789344
SoftWorx,3.312976051
SoftWorx,3.108041467
SoftWorx,3.241637738
SoftWorx,2.644804333
SoftWorx,2.669745199
SoftWorx,3.298128632
SoftWorx,3.203922147
SoftWorx,3.138297194
SoftWorx,3.150877211
SoftWorx,1.502273629
SoftWorx,2.006242699
SoftWorx,3.138062691
SoftWorx,2.284259353
SoftWorx,3.077174948
SoftWorx,3.649989501
SoftWorx,1.952811375
SoftWorx,2.768225863
SoftWorx,1.972689902
SoftWorx,1.793225998
SoftWorx,1.74591806
SoftWorx,2.76108858
SoftWorx,2.052315882
SoftWorx,1.847548464
SoftWorx,1.634847017
SoftWorx,2.522005144
SoftWorx,2.710805567
SoftWorx,2.608907796
SoftWorx,1.480728937
SoftWorx,1.215203322
SoftWorx,1.551372099
SoftWorx,2.202496147
SoftWorx,2.995786102
SoftWorx,1.208520789
SoftWorx,1.671692183
SoftWorx,1.987496515
SoftWorx,0.226685362
SoftWorx,3.199113552
SoftWorx,2.201965987
SoftWorx,2.228860459
SoftWorx,1.932444881
SoftWorx,2.353296964
SoftWorx,2.151208686
SoftWorx,1.67475382
SoftWorx,2.820283311
SoftWorx,1.157444988
SoftWorx,1.601810548
SoftWorx,1.932986513
SoftWorx,1.963565521
SoftWorx,2.395714368
SoftWorx,2.121770697
SoftWorx,2.66593737
SoftWorx,2.840701087
SoftWorx,2.891259554
SoftWorx,2.865871718
SoftWorx,1.791995462
SoftWorx,1.192276444
SoftWorx,2.353780402
SoftWorx,2.642664083
SoftWorx,2.323092369
SoftWorx,2.774497807
SoftWorx,2.278932268
SoftWorx,2.260663851
SoftWorx,2.898240709
SoftWorx,2.470776182
SoftWorx,2.63986885
SoftWorx,3.285867985
SoftWorx,3.107292947
SoftWorx,2.851529476
SoftWorx,2.549718748
SoftWorx,1.563212893
SoftWorx,1.678502339
SoftWorx,1.268469005
SoftWorx,3.527063137
SoftWorx,1.252143021
SoftWorx,2.46251677
SoftWorx,3.027417062
SoftWorx,3.521034747
SoftWorx,3.002007734
SoftWorx,3.107778122
SoftWorx,3.366356614
SoftWorx,2.941287207
SoftWorx,3.007919914
SoftWorx,2.901298416
SoftWorx,3.175109157
SoftWorx,1.174956098
SoftWorx,3.748234031
SoftWorx,2.8752805
SoftWorx,2.491780091
SoftWorx,3.142945454
SoftWorx,1.941853663
SoftWorx,1.585673938
SoftWorx,2.964325432
SoftWorx,2.910360675
SoftWorx,2.185642216
SoftWorx,1.313192072
SoftWorx,2.549506131
SoftWorx,2.763624541
SoftWorx,0.069285624
SoftWorx,1.718003936
SoftWorx,1.538033313
SoftWorx,2.250315538
SoftWorx,2.236443048
SoftWorx,3.187607827
SoftWorx,3.014408072
SoftWorx,2.878739803
SoftWorx,2.227617046
SoftWorx,2.212679541
SoftWorx,2.016714532
SoftWorx,3.577929601
SoftWorx,4.023521452
SoftWorx,2.687582364
SoftWorx,3.088999601
SoftWorx,2.577203094
SoftWorx,2.091010946
SoftWorx,3.462777685
SoftWorx,1.541011022
SoftWorx,3.291749307
SoftWorx,2.785769153
SoftWorx,2.33132123
SoftWorx,2.277315157
SoftWorx,1.372487503
SoftWorx,2.45316113
SoftWorx,2.118343522
SoftWorx,2.587349199
SoftWorx,1.671326766
SoftWorx,2.54152918
SoftWorx,2.005828453
SoftWorx,2.777763536
SoftWorx,2.683429251
SoftWorx,3.068518915
SoftWorx,2.002113529
SoftWorx,4.676423848
SoftWorx,2.828370394
SoftWorx,2.551965938
SoftWorx,2.800770492
SoftWorx,3.329690268
SoftWorx,1.282271013
SoftWorx,1.525656968
SoftWorx,3.983727315
SoftWorx,3.617816824
SoftWorx,1.221909943
SoftWorx,3.27200504
SoftWorx,2.002525899
SoftWorx,2.234269353
SoftWorx,3.588793542
SoftWorx,1.931591716
SoftWorx,3.649357641
SoftWorx,1.959548105
SoftWorx,2.868045412
SoftWorx,2.12102362
SoftWorx,3.51172377
SoftWorx,4.071416032
SoftWorx,1.679581515
SoftWorx,1.6829761
SoftWorx,3.965250117
SoftWorx,4.167748184
SoftWorx,3.768006129
SoftWorx,2.257428434
SoftWorx,1.853438811
SoftWorx,3.66980419
SoftWorx,2.441668077
SoftWorx,1.893776223
SoftWorx,3.848319864
SoftWorx,2.124364412
SoftWorx,1.84786215
SoftWorx,1.757106987
SoftWorx,3.328512103
SoftWorx,3.367683428
SoftWorx,1.672212665
SoftWorx,2.112596655
SoftWorx,2.442871513
SoftWorx,3.779148139
SoftWorx,1.86750023
SoftWorx,1.839955667
SoftWorx,1.319885924
SoftWorx,2.745776143
SoftWorx,2.569532358
SoftWorx,3.112356934
SoftWorx,3.386442888
SoftWorx,1.965517447
SoftWorx,1.989574286
SoftWorx,2.6043549
SoftWorx,3.320437619
SoftWorx,3.358382761
SoftWorx,2.53498867
SoftWorx,2.580628483
SoftWorx,2.758633987
SoftWorx,1.914044445
SoftWorx,2.651464116
SoftWorx,1.791987591
SoftWorx,1.814219915
SoftWorx,2.225242784
SoftWorx,1.813482895
SoftWorx,2.424431323
SoftWorx,2.504388359
SoftWorx,1.149790524
SoftWorx,2.898309685
SoftWorx,1.608944802
SoftWorx,2.474051284
SoftWorx,2.093174648
SoftWorx,2.130141273
SoftWorx,2.764393741
SoftWorx,2.254635847
SoftWorx,1.339034765
SoftWorx,1.994589149
SoftWorx,1.241551544
SoftWorx,3.015927329
SoftWorx,2.253561238
SoftWorx,2.515730858
SoftWorx,3.421836142
SoftWorx,3.011257423
SoftWorx,3.114394387
SoftWorx,3.414939299
SoftWorx,3.015263503
SoftWorx,2.579843205
SoftWorx,2.592977169
SoftWorx,2.178932282
SoftWorx,2.869242504
SoftWorx,2.478349079
SoftWorx,2.385488309
SoftWorx,1.520463234
SoftWorx,2.544017282
SoftWorx,2.910180238
SoftWorx,4.524636658
SoftWorx,3.476630348
SoftWorx,2.884018359
SoftWorx,2.961723846
SoftWorx,2.982665983
SoftWorx,3.404774809
SoftWorx,1.197960046
SoftWorx,2.829523985
SoftWorx,2.66961905
SoftWorx,1.827173442
SoftWorx,2.102007859
SoftWorx,2.278954154
SoftWorx,2.452669528
SoftWorx,1.75226695
SoftWorx,2.123175191
SoftWorx,1.891248133
SoftWorx,2.774989623
SoftWorx,0.709084047
SoftWorx,3.023031103
SoftWorx,2.899225183
SoftWorx,2.745881518
SoftWorx,2.038185567
SoftWorx,2.519558575
SoftWorx,2.841433519
SoftWorx,3.183145626
SoftWorx,3.416045714
SoftWorx,2.919349438
SoftWorx,2.683914896
SoftWorx,3.092156288
SoftWorx,3.035641556
SoftWorx,2.152495611
SoftWorx,2.522332439
SoftWorx,2.352613153
SoftWorx,4.928961896
SoftWorx,2.878641294
SoftWorx,2.233817153
SoftWorx,2.619662558
SoftWorx,2.18426936
SoftWorx,4.138763471
SoftWorx,4.665094397
SoftWorx,3.674228377
SoftWorx,5.063482444
SoftWorx,2.505575457
SoftWorx,1.377854186
SoftWorx,1.946979804
SoftWorx,2.703786897
SoftWorx,2.453888743
SoftWorx,2.7797014
SoftWorx,1.555438178
SoftWorx,1.523662248
SoftWorx,2.207151209
SoftWorx,3.717903517
SoftWorx,3.107322942
SoftWorx,2.935006276
SoftWorx,3.650832198
SoftWorx,3.110382834
SoftWorx,2.456667736