,Method,Width
1072,FP2FM,0.7724962788799571
1073,FP2FM,0.7424788312272637
1074,FP2FM,0.7666454051636004
1075,FP2FM,0.7823044824961602
1076,FP2FM,0.7587279054938716
1077,FP2FM,0.7310671588269305
1078,FP2FM,0.7895641425131683
1079,FP2FM,0.7970437085014243
1080,FP2FM,0.786201335476165
1081,FP2FM,0.7805800753998262
1083,FP2FM,0.6913619392581445
1084,FP2FM,0.822369987324291
1085,FP2FM,0.7869578526968222
1086,FP2FM,0.7834080530098476
1087,FP2FM,0.7783809781455882
1088,FP2FM,0.8496011697210301
1089,FP2FM,0.7683212970257053
1090,FP2FM,0.8130525768125912
1092,FP2FM,0.8569551961269987
1093,FP2FM,0.7964663900964507
1094,FP2FM,0.7847536703585265
1095,FP2FM,0.7145900863608495
1096,FP2FM,0.7678927793002431
1097,FP2FM,0.8010512781270346
1098,FP2FM,0.7682950907795902
1099,FP2FM,0.7768251963590043
1100,FP2FM,0.8332725646640211
1101,FP2FM,0.8910281347379613
1102,FP2FM,0.846078921320845
1103,FP2FM,0.8772648035811945
1104,FP2FM,0.8519858659696882
1105,FP2FM,0.8159672870783999
1106,FP2FM,0.8716786935600563
1107,FP2FM,0.9350876497930667
1108,FP2FM,0.9171162457371558
1109,FP2FM,0.955402033798928
1110,FP2FM,0.8474467072859628
1111,FP2FM,0.8198014944857672
1112,FP2FM,0.786189742677143
1113,FP2FM,0.8064348061845757
1114,FP2FM,0.8269243304862485
1115,FP2FM,0.8766371816817236
1116,FP2FM,0.906571327907728
1117,FP2FM,0.9094549168683114
1118,FP2FM,0.8693238225298334
1119,FP2FM,0.7661204291445173
1120,FP2FM,0.7934706920357305
1121,FP2FM,0.7896214161888649
1122,FP2FM,0.7704576832405398
1123,FP2FM,0.7333951161223647
1124,FP2FM,0.7213033789747384
1125,FP2FM,0.7888824372121339
1126,FP2FM,0.7864590491011746
1127,FP2FM,0.7407109638232288
1128,FP2FM,0.7668627045410519
1129,FP2FM,0.7835555434623928
1130,FP2FM,0.7482795119589977
1131,FP2FM,0.8077113231975956
1132,FP2FM,0.8087653544637748
1133,FP2FM,0.8022667619167224
1134,FP2FM,0.7585532818501785
1135,FP2FM,0.6716041011060448
1136,FP2FM,0.7465619434148841
1137,FP2FM,0.8124586426197429
1138,FP2FM,0.7867237413230442
1139,FP2FM,0.7991581184527248
1140,FP2FM,0.7991444959841245
1141,FP2FM,0.8061286354642829
1142,FP2FM,0.7906802637812405
1143,FP2FM,0.8127466241980428
1144,FP2FM,0.8407884431274928
1145,FP2FM,0.7823589243618609
1146,FP2FM,0.7713361150636309
1147,FP2FM,0.841727935616405
1148,FP2FM,0.8011987961896682
1149,FP2FM,0.8720198235957666
1150,FP2FM,0.8941371068325036
1152,FP2FM,0.7384377781627646
1153,FP2FM,0.8839764128621548
1154,FP2FM,0.8649999067579203
1155,FP2FM,0.925510141314305
1156,FP2FM,0.8727451656949564
1157,FP2FM,0.9248571916632713
1158,FP2FM,0.8343602238838497
1159,FP2FM,0.7648838338481471
1160,FP2FM,0.8919427530799191
1161,FP2FM,0.8802496502074679
1162,FP2FM,0.8926748274371173
1163,FP2FM,0.8775076707911664
1164,FP2FM,0.8703955721189514
1165,FP2FM,0.909068851174511
1166,FP2FM,0.8552413890371693
1167,FP2FM,0.8971260087811413
1168,FP2FM,0.8043827752133215
1169,FP2FM,0.9290171034973235
1170,FP2FM,0.8677648203277917
1171,FP2FM,0.8187524933732151
1172,FP2FM,0.8078475601131536
1174,FP2FM,0.8181048773519582
1175,FP2FM,0.7736437442853007
1176,FP2FM,0.8107632848223429
1177,FP2FM,0.7762365225264921
1178,FP2FM,0.7908940746794212
1179,FP2FM,0.8622886373448874
1180,FP2FM,0.8549174104736946
1181,FP2FM,0.858244525695198
1182,FP2FM,0.8568749128068217
1183,FP2FM,0.8490866638066652
1184,FP2FM,0.8378069639916943
1185,FP2FM,0.8065196232576737
1186,FP2FM,0.770613348433812
1187,FP2FM,0.9113109133368479
1188,FP2FM,0.8987274071636739
1189,FP2FM,0.8685059958350111
1190,FP2FM,0.9133774739064985
1191,FP2FM,0.8733797553663907
1192,FP2FM,0.9126494133447557
1193,FP2FM,0.8297443552118421
1194,FP2FM,0.8900729204319586
1195,FP2FM,0.8156448966911065
1196,FP2FM,0.8869493126541942
1197,FP2FM,0.8668388888505636
1198,FP2FM,0.8029960607119575
1199,FP2FM,0.799284828783374
1200,FP2FM,0.8000611544691919
1202,FP2FM,0.8172523383602106
1203,FP2FM,0.8468979408089077
1204,FP2FM,0.8499657770879284
1205,FP2FM,0.9026388856995378
1206,FP2FM,0.8799951473172062
1207,FP2FM,0.8722056392612632
1208,FP2FM,0.8545085338272735
1209,FP2FM,0.8543976354923108
1210,FP2FM,0.7977001300647704
1211,FP2FM,0.7768754941282429
1212,FP2FM,0.768033985740725
1213,FP2FM,0.8059071258768519
1214,FP2FM,0.8516810719408054
1215,FP2FM,0.8314290110312266
1216,FP2FM,0.8375892551101087
1217,FP2FM,0.8177540450851827
1218,FP2FM,0.8712632148689478
1219,FP2FM,0.8405787450108129
1220,FP2FM,0.8408774975341415
1221,FP2FM,0.8136305039698943
1222,FP2FM,0.864979412228969
1223,FP2FM,0.7816309404073729
1224,FP2FM,0.8829090732789605
1225,FP2FM,0.8042429418009189
1226,FP2FM,0.8976896112410532
1227,FP2FM,0.7722674065139149
1228,FP2FM,0.7813840531524862
1229,FP2FM,0.7995182533701484
1230,FP2FM,0.8917991995985977
1231,FP2FM,0.7856505010261184
1232,FP2FM,0.8446033937252856
1233,FP2FM,0.8679185473186981
1234,FP2FM,0.8682051741133612
1235,FP2FM,0.7860187806385
1236,FP2FM,0.8917831138230284
1237,FP2FM,0.8158318769112537
1238,FP2FM,0.767398738240334
1239,FP2FM,0.8482538769807709
1240,FP2FM,0.7627456943873772
1241,FP2FM,0.8574389057105818
1242,FP2FM,0.8272266832725259
1243,FP2FM,0.8295947221142796
1244,FP2FM,0.7779485855926803
1245,FP2FM,0.8328921748648258
1246,FP2FM,0.807253037555192
1247,FP2FM,0.8301348751755995
1248,FP2FM,0.8491132204945356
1249,FP2FM,0.7550098510093706
1250,FP2FM,0.9072386306432323
1251,FP2FM,0.8650033343232937
1252,FP2FM,0.8271808159141839
1253,FP2FM,0.8229943700854422
1254,FP2FM,0.8140888192455977
1255,FP2FM,0.8187699578323853
1256,FP2FM,0.8423861507383673
1257,FP2FM,0.8094669152523906
1258,FP2FM,0.8171091280965154
1259,FP2FM,0.811694254759784
1260,FP2FM,0.8285349072999542
1261,FP2FM,0.8002519656477095
1262,FP2FM,0.8583582573847195
1263,FP2FM,0.8764862111199258
1264,FP2FM,0.8072178028788944
1265,FP2FM,0.7936952226775009
1266,FP2FM,0.8651932628469174
1267,FP2FM,0.8195496201091595
1268,FP2FM,0.6849674357846962
1269,FP2FM,0.8383938662464784
1271,FP2FM,0.8535939998169935
1272,FP2FM,0.8748213263517628
1273,FP2FM,0.828480103367827
1274,FP2FM,0.8124059424288084
1275,FP2FM,0.8506339637663161
1276,FP2FM,0.7973180344408697
1277,FP2FM,0.739465076442115
1279,FP2FM,0.8674246342614877
1281,FP2FM,0.7228115388514609
1282,FP2FM,0.6601464152676622
1285,FP2FM,0.7448565504808978
1286,FP2FM,0.8154379907001992
1287,FP2FM,0.8105236144808486
1288,FP2FM,0.8423885749234676
1289,FP2FM,0.8417644332639226
1290,FP2FM,0.7996515536309179
1291,FP2FM,0.8216328771569141
1292,FP2FM,0.8090761479202659
1293,FP2FM,0.8804651798790007
1294,FP2FM,0.7832741665370176
1295,FP2FM,0.7580275025650095
1296,FP2FM,0.8556041059996984
1297,FP2FM,0.7668598580489571
1298,FP2FM,0.8895330795099776
1299,FP2FM,0.7783451849989865
1300,FP2FM,0.8916017772464362
1301,FP2FM,0.8229634540934804
1302,FP2FM,0.8831327569547879
1303,FP2FM,0.8570375994039238
1304,FP2FM,0.9083865526217649
1305,FP2FM,0.8212087899247038
1306,FP2FM,0.8986700381623681
1308,FP2FM,0.8762079417773391
1309,FP2FM,0.9033039823190709
1310,FP2FM,0.9154488421586796
1311,FP2FM,0.8786223210825936
1312,FP2FM,0.9521187655701158
1313,FP2FM,0.9263018789363072
1314,FP2FM,0.8676003768754879
1315,FP2FM,0.8847825185630858
1316,FP2FM,0.8347802066212401
1317,FP2FM,0.7900747234141107
1318,FP2FM,0.7942694135794612
1319,FP2FM,0.8505150268911689
1320,FP2FM,0.8410650380365637
1321,FP2FM,0.7905979238297061
1322,FP2FM,0.8545455204651788
1323,FP2FM,0.8639750665158932
1324,FP2FM,0.8624314439449969
1325,FP2FM,0.8009262986685487
1326,FP2FM,0.8411146410295703
1327,FP2FM,0.9090414176267831
1328,FP2FM,0.8018001204916553
1329,FP2FM,0.8392173731168833
1330,FP2FM,0.8719525788223521
1331,FP2FM,0.8648848904746526
1332,FP2FM,0.8846407270870049
1333,FP2FM,0.8592753436190393
1334,FP2FM,0.8756272764333954
1335,FP2FM,0.8185862624630864
1336,FP2FM,0.8446960372676221
1337,FP2FM,0.8548278467703136
1338,FP2FM,0.8273262006981923
1339,FP2FM,0.8321348592758646
1340,FP2FM,0.8529836366888431
1341,FP2FM,0.776400850237575
1343,FP2FM,0.765146070301919
1344,FP2FM,0.827932664751092
1345,FP2FM,0.8868852018845975
1346,FP2FM,0.8246458800847751
1347,FP2FM,0.7315806671870775
1348,FP2FM,0.6785924415986766
1349,FP2FM,0.7413852754611473
1350,FP2FM,0.8087830310678444
1351,FP2FM,0.7186930802072791
1352,FP2FM,0.8905661146902002
1353,FP2FM,0.8628701117904779
1354,FP2FM,0.863276340147007
1355,FP2FM,0.794129510201816
1356,FP2FM,0.889126580359144
1357,FP2FM,0.8553611990246847
1358,FP2FM,0.8839465658826219
1359,FP2FM,0.8879711705101426
1360,FP2FM,0.7363226026950489
1361,FP2FM,0.881380140594521
1362,FP2FM,0.8728300971709764
1363,FP2FM,0.8300435276290908
1364,FP2FM,0.8513089552692368
1365,FP2FM,0.8398867854300442
1366,FP2FM,0.8835828890130337
1367,FP2FM,0.8800741633885916
1368,FP2FM,0.84044635725234
1369,FP2FM,0.8014479496634584
1370,FP2FM,0.7898777391173546
1371,FP2FM,0.8363724696814875
1372,FP2FM,0.8331916511113417
1373,FP2FM,0.8610166694597577
1374,FP2FM,0.8384623024063976
1375,FP2FM,0.793775176313578
1376,FP2FM,0.8947571511658677
1377,FP2FM,0.8902249261198
1378,FP2FM,0.7998129505430641
1379,FP2FM,0.8778899701713493
1380,FP2FM,0.8921469861852773
1381,FP2FM,0.8908487643656743
1382,FP2FM,0.8867537227478699
1383,FP2FM,0.8435074433715049
1384,FP2FM,0.8506776394382917
1385,FP2FM,0.8781751360275383
1386,FP2FM,0.9079375017136453
1387,FP2FM,0.9319907370733572
1388,FP2FM,0.9144859456873204
1389,FP2FM,0.8733368565955943
1390,FP2FM,0.8521677346344877
1391,FP2FM,0.8745561584784722
1392,FP2FM,0.9380322833798198
1393,FP2FM,0.7458430249102979
1397,FP2FM,0.7594403492390239
1398,FP2FM,0.7089877780719306
1399,FP2FM,0.7811521641000639
1400,FP2FM,0.7897281893073804
1401,FP2FM,0.8040747670115271
1402,FP2FM,0.7840692753798375
1403,FP2FM,0.857560197228831
1404,FP2FM,0.7337984682946916
1405,FP2FM,0.8013848473878901
1406,FP2FM,0.6513897412077406
1408,FP2FM,0.7777950545060063
1409,FP2FM,0.769800792526466
1410,FP2FM,0.7895837694761572
1411,FP2FM,0.8074568567989858
1412,FP2FM,0.8235241704258959
1413,FP2FM,0.7508084682761462
1414,FP2FM,0.789101440434811
1415,FP2FM,0.77238422380831
1416,FP2FM,0.8339462343975457
1417,FP2FM,0.7733326733002381
1418,FP2FM,0.7931553986938766
1419,FP2FM,0.7739143473833379
1420,FP2FM,0.8491248961707193
1421,FP2FM,0.8262590089053752
1422,FP2FM,0.8195669499053669
1423,FP2FM,0.8368937357381528
1424,FP2FM,0.8128619196131334
1425,FP2FM,0.7919099938274184
1426,FP2FM,0.8246885007143563
1428,FP2FM,0.8107725207815794
1429,FP2FM,0.8323328878729854
1430,FP2FM,0.75558632919077
1431,FP2FM,0.8222387503793062
1432,FP2FM,0.7994683658677812
1433,FP2FM,0.7760656557606772
1434,FP2FM,0.8418517373923106
1435,FP2FM,0.8093062066905872
1436,FP2FM,0.7177414602908773
1437,FP2FM,0.8750574776584655
1438,FP2FM,0.7766528188334626
1439,FP2FM,0.8875733877602376
1440,FP2FM,0.7495641416946925
1441,FP2FM,0.8864306872975313
1442,FP2FM,0.8023598114741952
1443,FP2FM,0.8785576675360427
1444,FP2FM,0.8469747644783018
1445,FP2FM,0.8506669639553788
1446,FP2FM,0.8677120954245711
1447,FP2FM,0.907258417906673
1448,FP2FM,0.887534586775184
1449,FP2FM,0.7961426145527137
1450,FP2FM,0.8759171319756326
1451,FP2FM,0.8750281927814016
1452,FP2FM,0.8877318835793723
1453,FP2FM,0.9048856252142135
1454,FP2FM,0.8471621610610521
1455,FP2FM,0.8019351723451573
1456,FP2FM,0.7972263718264289
1457,FP2FM,0.9161210589692725
1458,FP2FM,0.9126644328905994
1459,FP2FM,0.7824330034824294
1461,FP2FM,0.7109823189485375
1462,FP2FM,0.6822602418081921
1465,FP2FM,0.8101561910455088
1467,FP2FM,0.8317576185918183
1468,FP2FM,0.8648067331270963
1469,FP2FM,0.7892547211657613
1470,FP2FM,0.8518704866626583
1471,FP2FM,0.8469942749217099
1472,FP2FM,0.7854239309024689
1473,FP2FM,0.8319817893724231
1474,FP2FM,0.8655207000246449
1475,FP2FM,0.8953010695064259
1476,FP2FM,0.7922959315392888
1477,FP2FM,0.7215130012669209
1478,FP2FM,0.8792650064773797
1479,FP2FM,0.7775673131439296
1480,FP2FM,0.874013242712644
1481,FP2FM,0.8273491928539902
1482,FP2FM,0.8604502696161179
1483,FP2FM,0.8496628459545817
1484,FP2FM,0.8455644167617606
1485,FP2FM,0.7898908559236171
1486,FP2FM,0.7861284459388186
1487,FP2FM,0.8874884758734312
1488,FP2FM,0.8637802304092713
1489,FP2FM,0.8173250592740947
1490,FP2FM,0.7872184990550717
1491,FP2FM,0.8792311859223353
1492,FP2FM,0.8535534357026694
1493,FP2FM,0.7935387918058918
1494,FP2FM,0.8575351178603766
1495,FP2FM,0.8455980153141733
1496,FP2FM,0.8025321182275054
1497,FP2FM,0.8308029184327802
1498,FP2FM,0.8837264587443597
1499,FP2FM,0.7857871655941514
1500,FP2FM,0.8228271349013937
1501,FP2FM,0.861780853384601
1502,FP2FM,0.7845256773386363
1503,FP2FM,0.9004338282771381
1504,FP2FM,0.9275291790183638
1505,FP2FM,0.7774535552104076
1506,FP2FM,0.7560771837930177
1507,FP2FM,0.8352326869904596
1508,FP2FM,0.9365197632880415
1509,FP2FM,0.9119734342831443
1510,FP2FM,0.7862016642534245
1511,FP2FM,0.8994649853318204
1512,FP2FM,0.7826547075245897
1513,FP2FM,0.7853893457337623
1514,FP2FM,0.9064319984039967
1515,FP2FM,0.8515600943532531
1516,FP2FM,0.9353551204808724
1517,FP2FM,0.8343721244148363
1518,FP2FM,0.843465282538605
1519,FP2FM,0.905028052775509
1520,FP2FM,0.8629827175218033
1521,FP2FM,0.8190197722625646
1522,FP2FM,0.846942671248605
1523,FP2FM,0.8004516295493224
1524,FP2FM,0.8350334421820949
1525,FP2FM,0.8626357483663205
1526,FP2FM,0.893440639523919
1527,FP2FM,0.916751914258272
1528,FP2FM,0.8293490105392342
1529,FP2FM,0.824651415851434
1530,FP2FM,0.8125893072436547
1531,FP2FM,0.8773129541531864
1532,FP2FM,0.8224793936419764
1533,FP2FM,0.8490477523169756
1534,FP2FM,0.7811650630040873
1535,FP2FM,0.76951183435871
1536,FP2FM,0.9065900455834407
1537,FP2FM,0.8596929562456797
1538,FP2FM,0.7702675144321939
1539,FP2FM,0.8719425529996595
1540,FP2FM,0.8060336106842231
1541,FP2FM,0.8255885360571699
1542,FP2FM,0.8781455326582591
1543,FP2FM,0.9078833108316441
1544,FP2FM,0.8882872850959949
1545,FP2FM,0.7089624458282726
1546,FP2FM,0.7848351005518286
1547,FP2FM,0.8452428760619415
1548,FP2FM,0.8871911523338153
1549,FP2FM,0.8219836669120251
1550,FP2FM,0.8529117912726917
1551,FP2FM,0.8251954022476566
1552,FP2FM,0.879989574580162
1553,FP2FM,0.8277923883336064
1554,FP2FM,0.8963025141319254
1555,FP2FM,0.8601119699101537
1556,FP2FM,0.8877755387790305
1557,FP2FM,0.8998845133002749
1558,FP2FM,0.8746867685020797
1559,FP2FM,0.8863443644495341
1560,FP2FM,0.8344816103130099
1561,FP2FM,0.8575657700501537
1562,FP2FM,0.901742646025825
1563,FP2FM,0.854537883419558
1564,FP2FM,0.8431902429236361
1565,FP2FM,0.8850839412127955
1566,FP2FM,0.8901940140486169
1568,FP2FM,0.8378233736066516
1569,FP2FM,0.90912805373317
1570,FP2FM,0.8277873816978937
1571,FP2FM,0.9118342708776108
1572,FP2FM,0.8711738102125755
1573,FP2FM,0.9116876558340288
1574,FP2FM,0.7896676482123992
1575,FP2FM,0.7537481204038995
1576,FP2FM,0.7636514953234562
1577,FP2FM,0.7807851798293031
1578,FP2FM,0.7284181096247383
1579,FP2FM,0.822000128507928
1580,FP2FM,0.7499096399180465
1581,FP2FM,0.779147745389197
1582,FP2FM,0.7671647983748455
1583,FP2FM,0.7641013571997588
1584,FP2FM,0.8000812844596485
1585,FP2FM,0.812335481648876
1586,FP2FM,0.7344609748376788
1587,FP2FM,0.8386391196777101
1588,FP2FM,0.8287963245286603
1589,FP2FM,0.8291732014100207
1590,FP2FM,0.8168538860072382
1591,FP2FM,0.8436632190675858
1592,FP2FM,0.8029442574610096
1593,FP2FM,0.7359901057153013
1594,FP2FM,0.8095826156560034
1595,FP2FM,0.7785436337429436
1596,FP2FM,0.7885205948758339
1597,FP2FM,0.7429251136569786
1598,FP2FM,0.8198800225096299
1599,FP2FM,0.8285344346004603
1600,FP2FM,0.8250207923320463
1601,FP2FM,0.8099915469198093
1602,FP2FM,0.8240195141620049
1603,FP2FM,0.8631865595926802
1604,FP2FM,0.9315233489695919
1605,FP2FM,0.7834751693824896
1606,FP2FM,0.8331714507406013
1607,FP2FM,0.8273943154451523
1608,FP2FM,0.8931766118599082
1609,FP2FM,0.9375492213010121
1610,FP2FM,0.7801160537727115
1611,FP2FM,0.8694494310138733
1612,FP2FM,0.8839890418130034
1613,FP2FM,0.9798340387484148
1615,FP2FM,0.7955904347328517
1616,FP2FM,0.8899163769230687
1617,FP2FM,0.892992619158004
1618,FP2FM,0.905927325794969
1619,FP2FM,0.8101121678138239
1620,FP2FM,0.757764302840033
1621,FP2FM,0.9060136023021741
1622,FP2FM,0.8661609740099633
1623,FP2FM,0.8262017738345406
1624,FP2FM,0.8508372194417514
1625,FP2FM,0.8061601279607183
1626,FP2FM,0.784755812033584
1627,FP2FM,0.8384810560284143
1628,FP2FM,0.9009754352483444
1629,FP2FM,0.8575869279566424
1630,FP2FM,0.7667406481178088
1631,FP2FM,0.8184280910048196
1632,FP2FM,0.889569260333884
1633,FP2FM,0.8885866402594098
1634,FP2FM,0.8361369872857817
1635,FP2FM,0.8484053596165142
1636,FP2FM,0.9079043877038361
1637,FP2FM,0.8079720034168888
1638,FP2FM,0.7757280997239472
1639,FP2FM,0.7836999536835267
1640,FP2FM,0.810876373287146
1641,FP2FM,0.7779889740011604
1642,FP2FM,0.8075171097196291
1643,FP2FM,0.8812543572617157
1644,FP2FM,0.8347345249366115
1645,FP2FM,0.8132748883779045
1646,FP2FM,0.8532740094679871
1647,FP2FM,0.7233895702876711
1648,FP2FM,0.8835097503411425
1649,FP2FM,0.8537856879449172
1650,FP2FM,0.7547047035603969
1651,FP2FM,0.8617755231340873
1652,FP2FM,0.8548002795079611
1653,FP2FM,0.8574759651618237
1654,FP2FM,0.8163762829716623
1655,FP2FM,0.8678108004989505
1656,FP2FM,0.8652567501798774
1658,FP2FM,0.8752176833713271
1659,FP2FM,0.6534228874505543
1660,FP2FM,0.8457703725008984
1661,FP2FM,0.738758557084022
1662,FP2FM,0.8041803406231557
1663,FP2FM,0.7850910928129202
1664,FP2FM,0.7848634472153116
1665,FP2FM,0.7878295661841106
1666,FP2FM,0.7886818042351047
1667,FP2FM,0.7914422418198389
1668,FP2FM,0.7616067924066162
1669,FP2FM,0.8087278250825607
1670,FP2FM,0.7679045223671441
1671,FP2FM,0.8284165767286302
1672,FP2FM,0.8053293264203303
1673,FP2FM,0.7916035538279064
1674,FP2FM,0.8172651676930954
1675,FP2FM,0.8123561812628245
1676,FP2FM,0.8441914730069177
1677,FP2FM,0.8327206429128405
1678,FP2FM,0.8077732760906244
1679,FP2FM,0.8596330261354963
1680,FP2FM,0.801390335085395
1681,FP2FM,0.8441135004637588
1682,FP2FM,0.7929188274359215
1683,FP2FM,0.8736341939427336
1684,FP2FM,0.8973349121433349
1685,FP2FM,0.8977698113274393
1686,FP2FM,0.8494179581178436
1687,FP2FM,0.8940842014087355
1688,FP2FM,0.8154821831747524
1689,FP2FM,0.8035201382065552
1690,FP2FM,0.824675004507747
1691,FP2FM,0.6806026343027168
1692,FP2FM,0.8110022577482034
1694,FP2FM,0.7988706465289506
1697,FP2FM,0.6697619959601198
1698,FP2FM,0.8799279760140629
1699,FP2FM,0.8675869942345777
1700,FP2FM,0.8838118936740241
1701,FP2FM,0.8165594088767927
1702,FP2FM,0.7809689491210631
1703,FP2FM,0.884805116950708
1704,FP2FM,0.8403201474325261
1705,FP2FM,0.8604003704516576
1706,FP2FM,0.8915445571173992
1707,FP2FM,0.8699233358564531
1708,FP2FM,0.8824103048119933
1709,FP2FM,0.8484628755656528
1710,FP2FM,0.8894396282116561
1711,FP2FM,0.8973138471597251
1712,FP2FM,0.8720288778097902
1713,FP2FM,0.8122084380690286
1714,FP2FM,0.8381369829887128
1715,FP2FM,0.8854367336037053
1717,FP2FM,0.8630802457337831
1718,FP2FM,0.8557286388930065
1719,FP2FM,0.7379751520408826
1720,FP2FM,0.8339190923065527
1721,FP2FM,0.8149502189555786
1722,FP2FM,0.8670067354616362
1723,FP2FM,0.7485841654521495
1724,FP2FM,0.8383899337935002
1725,FP2FM,0.896091064903821
1726,FP2FM,0.9120572622960862
1727,FP2FM,0.9120572622960863
1728,FP2FM,0.898904421749799
1729,FP2FM,0.899139014206398
1730,FP2FM,0.9449777655689094
1731,FP2FM,0.9117902826936465
1732,FP2FM,0.7943399088683492
1733,FP2FM,0.8987384127602551
1734,FP2FM,0.8179355285224894
1735,FP2FM,0.8816808463034027
1736,FP2FM,0.8672947699652201
1737,FP2FM,0.8258690177380608
1738,FP2FM,0.8948855157413169
1739,FP2FM,0.8499281875091589
1740,FP2FM,0.8935096371091031
1741,FP2FM,0.8505584458728237
1742,FP2FM,0.9070964591822226
1743,FP2FM,0.8118653934938855
1744,FP2FM,0.8587452596065437
1745,FP2FM,0.809687433477357
1746,FP2FM,0.8323940505043464
1747,FP2FM,0.8207238453254561
1748,FP2FM,0.8439773679359326
1749,FP2FM,0.70014822501274
1750,FP2FM,0.906336005778112
1751,FP2FM,0.8971249792251696
1752,FP2FM,0.8915415576959654
1753,FP2FM,0.8384102532260257
1754,FP2FM,0.8271665236974618
1755,FP2FM,0.8480246503275491
1756,FP2FM,0.6740599627491772
1757,FP2FM,0.9286074424119553
1759,FP2FM,0.8979964743612355
1760,FP2FM,0.8042887135874349
1761,FP2FM,0.7777943733136633
1762,FP2FM,0.6432325132349986
1764,FP2FM,0.8740934157637104
1765,FP2FM,0.8993381508079316
1766,FP2FM,0.6659838924067608
1767,FP2FM,0.8785326495196224
1769,FP2FM,0.7243132409331152
1770,FP2FM,0.7297213179981956
1771,FP2FM,0.6523762763782548
1772,FP2FM,0.8503822657308495
1774,FP2FM,0.8367441266944159
1775,FP2FM,0.7842620913368922
1776,FP2FM,0.7620698482425757
1779,FP2FM,0.6986655185990939
1780,FP2FM,0.780926351716808
1781,FP2FM,0.7776967584478345
1782,FP2FM,0.835792961478456
1783,FP2FM,0.8446740325207359
1784,FP2FM,0.9004727767625698
1785,FP2FM,0.8887218120548019
1786,FP2FM,0.9157025810012895
1787,FP2FM,0.8755585848129125
1788,FP2FM,0.8792524920300477
1789,FP2FM,0.8646612821680558
1790,FP2FM,0.819909808362912
1791,FP2FM,0.8758882389711471
1792,FP2FM,0.9012745457415938
1793,FP2FM,0.8780880912283731
1794,FP2FM,0.8669443408991634
1795,FP2FM,0.8858618629617085
1796,FP2FM,0.8496358440947828
1797,FP2FM,0.9005004664001295
1798,FP2FM,0.8534805684897369
1799,FP2FM,0.8539162986409583
1800,FP2FM,0.8769672766788085
1801,FP2FM,0.832628977336716
1802,FP2FM,0.8513095777967978
1803,FP2FM,0.8565771424815515
1804,FP2FM,0.8359199662899242
1805,FP2FM,0.7868119030478687
1806,FP2FM,0.8346605360895843
1807,FP2FM,0.8991684967408486
1808,FP2FM,0.8909515152053207
1809,FP2FM,0.8393860538001273
1810,FP2FM,0.8379379426634472
1811,FP2FM,0.6422823950660538
1812,FP2FM,0.7600166359997983
1813,FP2FM,0.7741827633000674
1814,FP2FM,0.817661813914622
1815,FP2FM,0.8093585777604869
1816,FP2FM,0.7799440679249506
1817,FP2FM,0.7955332296999713
1818,FP2FM,0.832249609980397
1819,FP2FM,0.8282481092893016
1820,FP2FM,0.8088682217646515
1821,FP2FM,0.8231323363778209
1822,FP2FM,0.8047498667889932
1823,FP2FM,0.7839604130608099
1824,FP2FM,0.8821242940976017
1825,FP2FM,0.8142601477992797
1826,FP2FM,0.8730427331676656
1827,FP2FM,0.8002331469655111
1828,FP2FM,0.8828447931838986
1829,FP2FM,0.8343276839618937
1830,FP2FM,0.8853747725007897
1831,FP2FM,0.8785328273936944
1832,FP2FM,0.7937313407915023
1833,FP2FM,0.7942501156036125
1834,FP2FM,0.9028906250000001
1835,FP2FM,0.8791177881144722
1836,FP2FM,0.89626527193354
1837,FP2FM,0.8202832711597455
1838,FP2FM,0.8267822369828792
1839,FP2FM,0.8809980359266694
1840,FP2FM,0.8322108007590964
1841,FP2FM,0.79353283053693
1842,FP2FM,0.8157549801933167
1843,FP2FM,0.7872655231933255
1844,FP2FM,0.7604635752503212
1845,FP2FM,0.8624459411519919
1846,FP2FM,0.9039307177292903
1847,FP2FM,0.7852905565115407
1848,FP2FM,0.8594315630352752
1849,FP2FM,0.9117609667982972
1850,FP2FM,0.8539273897878982
1851,FP2FM,0.8793385737595348
1852,FP2FM,0.9085676016433334
1853,FP2FM,0.8519939678291127
1854,FP2FM,0.8569344015851305
1855,FP2FM,0.8416148015467885
1856,FP2FM,0.8632540484624549
1857,FP2FM,0.8250717046406442
1858,FP2FM,0.8573797777779737
1859,FP2FM,0.8726646564862904
1860,FP2FM,0.8628926599040796
1861,FP2FM,0.8729364097010388
1862,FP2FM,0.8269175001500988
1863,FP2FM,0.9596015573836858
1864,FP2FM,0.9303965357239927
1865,FP2FM,0.8618344566030874
1866,FP2FM,0.8535311558403949
1867,FP2FM,0.8787894097731825
1868,FP2FM,0.8810838506651728
1869,FP2FM,0.8637466674196422
1870,FP2FM,0.9166977458184509
1871,FP2FM,0.8700544843942098
1872,FP2FM,0.8813716724831032
1873,FP2FM,0.8679471316465219
1874,FP2FM,0.8107566729161116
1875,FP2FM,0.8649399465385956
1876,FP2FM,0.9310913414252624
1877,FP2FM,0.8532132403100438
1878,FP2FM,0.9585776527470375
1879,FP2FM,0.8473515738127462
1880,FP2FM,0.870719452298542
1881,FP2FM,0.796488506330132
1882,FP2FM,0.8546819510350464
1883,FP2FM,0.8376240744776401
1884,FP2FM,0.8469199585384944
1885,FP2FM,0.869581555425984
1886,FP2FM,0.8900257707887276
1887,FP2FM,0.833619082850137
1888,FP2FM,0.8467198486653568
1889,FP2FM,0.8696921100172983
1890,FP2FM,0.8887001789813289
1891,FP2FM,0.8637176411377724
1892,FP2FM,0.8949520455671328
1893,FP2FM,0.7772684904534986
1894,FP2FM,0.8417509714282092
1895,FP2FM,0.8399998867670954
1896,FP2FM,0.8534746550356269
1897,FP2FM,0.7207976790817633
1898,FP2FM,0.8284427032865657
1899,FP2FM,0.8723793866386691
1900,FP2FM,0.891850369977531
1901,FP2FM,0.8916413047584236
1902,FP2FM,0.891669146918376
1903,FP2FM,0.8816940638154156
1904,FP2FM,0.8184009861445138
1905,FP2FM,0.895515532598185
1906,FP2FM,0.8122672640737747
1907,FP2FM,0.845215580120701
1908,FP2FM,0.8471379042661227
1909,FP2FM,0.872685504456372
1910,FP2FM,0.7877615142149668
1911,FP2FM,0.8760163978040271
1912,FP2FM,0.8775412457166419
1913,FP2FM,0.8914133984064433
1914,FP2FM,0.8051132953077794
1915,FP2FM,0.8779716704089414
1916,FP2FM,0.8375472534719517
1917,FP2FM,0.8750016689272458
1918,FP2FM,0.8629193825126812
1919,FP2FM,0.8367728100736801
1920,FP2FM,0.7557200808764879
1921,FP2FM,0.8494993378371276
1923,FP2FM,0.7866190491131508
1924,FP2FM,0.8830653264038759
1925,FP2FM,0.8340514856723015
1926,FP2FM,0.8546993834819893
1927,FP2FM,0.8403923892695969
1928,FP2FM,0.8838854183608839
1929,FP2FM,0.8095030556310899
1930,FP2FM,0.8078799243040305
1931,FP2FM,0.8390426020905907
1932,FP2FM,0.8037339433644919
1933,FP2FM,0.8291314938095119
1934,FP2FM,0.9029887946698391
1935,FP2FM,0.910868888430582
1936,FP2FM,0.8200469777612571
1937,FP2FM,0.7766458704961625
1938,FP2FM,0.7560125530342063
1939,FP2FM,0.7325182764213584
1940,FP2FM,0.7707726638553806
1941,FP2FM,0.8894930446982589
1942,FP2FM,0.9079447062176206
1943,FP2FM,0.9236566818006041
1944,FP2FM,0.9052992704742442
1945,FP2FM,0.876247015681323
1946,FP2FM,0.883951884123932
1947,FP2FM,0.8941403281943955
1948,FP2FM,0.8290942046914771
1949,FP2FM,0.8763223957515279
1950,FP2FM,0.8905179579801272
1951,FP2FM,0.8971729897499905
1952,FP2FM,0.769178751609904
1953,FP2FM,0.8873288773533334
1954,FP2FM,0.8905063746220634
1955,FP2FM,0.8663834615589046
1956,FP2FM,0.775045687931897
1957,FP2FM,0.7470734871646633
1958,FP2FM,0.783418792358712
1959,FP2FM,0.7754599492526668
1960,FP2FM,0.8300187539986216
1961,FP2FM,0.8402318546473615
1962,FP2FM,0.8767466089492147
1963,FP2FM,0.8637367584900604
1965,FP2FM,0.8585555544952457
1966,FP2FM,0.8108191485835641
1967,FP2FM,0.8039705691724306
1968,FP2FM,0.8054276861558197
1969,FP2FM,0.9072330913519427
1970,FP2FM,0.8985311729665312
1971,FP2FM,0.9279776561309516
1972,FP2FM,0.9677090369619679
1973,FP2FM,0.9875139146818255
1974,FP2FM,0.902470772911103
1975,FP2FM,0.8394527554102267
1976,FP2FM,0.8611411409174943
1977,FP2FM,0.9022262752460493
1978,FP2FM,0.87371725776336
1979,FP2FM,0.9035853493950488
1980,FP2FM,0.8554937566430337
1981,FP2FM,0.7448526821076141
1982,FP2FM,0.8694919876721726
1983,FP2FM,0.7276383770600541
1984,FP2FM,0.8844901921621611
1985,FP2FM,0.8044771127982467
1986,FP2FM,0.8359612081640307
1987,FP2FM,0.8056738195960629
1988,FP2FM,0.6780781552256939
1989,FP2FM,0.6896708831618586
1990,FP2FM,0.6688854838628484
1991,FP2FM,0.755090745449949
1992,FP2FM,0.7829947518928728
1993,FP2FM,0.8466814778956135
1994,FP2FM,0.7450511943115994
1995,FP2FM,0.7824900052588813
1996,FP2FM,0.8041419983741516
1997,FP2FM,0.8460334502472969
1998,FP2FM,0.810774671851881
1999,FP2FM,0.8249511024686115
2000,FP2FM,0.7873403113001214
2001,FP2FM,0.796207455175968
2002,FP2FM,0.8273690794322411
2003,FP2FM,0.816295409482296
2004,FP2FM,0.8128909466017272
2005,FP2FM,0.8508656807417464
2006,FP2FM,0.879888841356084
2007,FP2FM,0.7855195171933232
2008,FP2FM,0.8233792114075997
2009,FP2FM,0.9356018508617221
2010,FP2FM,0.8013634390681523
2011,FP2FM,0.7673675947162731
2012,FP2FM,0.79243132475627
2013,FP2FM,0.8196935963488825
2014,FP2FM,0.8938752274657232
2015,FP2FM,0.8070994193493772
2016,FP2FM,0.8477485357968724
2017,FP2FM,0.8240043550220424
2018,FP2FM,0.8332374188064517
2019,FP2FM,0.8821805780348424
2020,FP2FM,0.8330384110186219
2021,FP2FM,0.8692185572095138
2022,FP2FM,0.8487619589771574
2023,FP2FM,0.8252137595630191
2024,FP2FM,0.8602153424078413
2025,FP2FM,0.7795116393777161
2026,FP2FM,0.8249283513557992
2027,FP2FM,0.8312484618677517
2029,FP2FM,0.8205237217421912
2030,FP2FM,0.8961583973108546
2031,FP2FM,0.8223002355876063
2032,FP2FM,0.7751812705957276
2033,FP2FM,0.9284763603658241
2034,FP2FM,0.8311585609796204
2035,FP2FM,0.9017479008129775
2036,FP2FM,0.8830984440197724
2037,FP2FM,0.8502575069810451
2038,FP2FM,0.8947460553547112
2039,FP2FM,0.8550877587581871
2040,FP2FM,0.899677528445119
2041,FP2FM,0.8512406758860243
2042,FP2FM,0.9066042195914984
2043,FP2FM,0.8986973117269085
2044,FP2FM,0.9006133667938496
2045,FP2FM,0.8363124387207697
2046,FP2FM,0.8872328141369396
2047,FP2FM,0.8934426288818831
2048,FP2FM,0.845960614087649
2049,FP2FM,0.8593908318881254
2050,FP2FM,0.9220241907592298
2051,FP2FM,0.9792561035253744
2052,FP2FM,0.8898109962128075
2053,FP2FM,0.9074210153374356
2054,FP2FM,0.840122050491225
2055,FP2FM,0.7657604499703186
2056,FP2FM,0.9789203794199286
2057,FP2FM,0.9174133251973912
2058,FP2FM,0.8573171493817893
2059,FP2FM,0.8439575104611118
2060,FP2FM,0.8210142425020202
2061,FP2FM,0.9552281749332262
2062,FP2FM,0.8898738296113559
2063,FP2FM,0.8910096804407275
2064,FP2FM,0.9114290749962283
2065,FP2FM,0.86839336949094
2066,FP2FM,0.8103724034194939
2067,FP2FM,0.8122335204312735
2068,FP2FM,0.8842377941259106
2069,FP2FM,0.9078731537951196
2070,FP2FM,0.7275993123159968
2071,FP2FM,0.9077451908485976
2072,FP2FM,0.811209370496844
2073,FP2FM,0.8986806070770318
2074,FP2FM,0.8646467785632679
2075,FP2FM,0.9477339861977152
2076,FP2FM,0.8675592643309011
2077,FP2FM,0.8528846713366233
2078,FP2FM,0.8201340535833243
2079,FP2FM,0.902450082584068
2080,FP2FM,0.9160012292405784
2081,FP2FM,0.8482093994641168
2082,FP2FM,0.8693237515069155
2084,FP2FM,0.8466121229676635
2085,FP2FM,0.8067587690440726
2086,FP2FM,0.7908039799327814
2087,FP2FM,0.804862428897697
2088,FP2FM,0.8223341977432086
2089,FP2FM,0.8581051495285948
2090,FP2FM,0.7941063590546518
2091,FP2FM,0.8556229948366848
2093,FP2FM,0.8668112260342777
2094,FP2FM,0.8253889710986886
2095,FP2FM,0.8590193846693687
2096,FP2FM,0.8224762148003949
2097,FP2FM,0.7857399007811117
2098,FP2FM,0.8432080837485754
2099,FP2FM,0.8736360067488267
2100,FP2FM,0.8329300718976171
2101,FP2FM,0.8423841536166627
2102,FP2FM,0.8840961607041489
2103,FP2FM,0.9163173291923605
2104,FP2FM,0.8641372752691745
2105,FP2FM,0.8770550291678235
2106,FP2FM,0.888205553649549
2107,FP2FM,0.8703422031311336
2108,FP2FM,0.8447392755389455
2109,FP2FM,0.811045574913734
2111,FP2FM,0.8947759717434552
2112,FP2FM,0.8380941011573597
2113,FP2FM,0.8251352287791328
2114,FP2FM,0.8257057860060888
2115,FP2FM,0.8500348433109788
2116,FP2FM,0.6480288216250948
2117,FP2FM,0.838134298654503
2118,FP2FM,0.8307104426786531
2119,FP2FM,0.6602843268047209
2120,FP2FM,0.8263251973705065
2121,FP2FM,0.8417454144809363
2122,FP2FM,0.8407238688302335
2123,FP2FM,0.8868294511157293
2124,FP2FM,0.7879844345262417
2125,FP2FM,0.835039578895812
2126,FP2FM,0.8267769413664084
2127,FP2FM,0.8650382379079402
2128,FP2FM,0.8755709520646214
2129,FP2FM,0.7971831548309157
2130,FP2FM,0.862783539505115
2131,FP2FM,0.8751149496596694
2132,FP2FM,0.8546418080053835
2133,FP2FM,0.8496068855298635
2134,FP2FM,0.8413921994995192
2135,FP2FM,0.872170531669752
2136,FP2FM,0.835539436702568
2137,FP2FM,0.922105545973846
2138,FP2FM,0.8452931069280128
2139,FP2FM,0.9460976215418777
2140,FP2FM,0.8880403831674973
2141,FP2FM,0.8191729122871974
2142,FP2FM,0.9193275156729803
2143,FP2FM,0.8995205657036689
2144,FP2FM,0.8877522453623913
2145,FP2FM,0.8833687496015761
2146,FP2FM,0.8799499447122796
2147,FP2FM,0.851437996425153
2148,FP2FM,0.9121156366552658
2149,FP2FM,0.8659809770119291
2150,FP2FM,0.8632767450351714
2151,FP2FM,0.9131102346367087
2152,FP2FM,0.8926877785990908
2153,FP2FM,0.9047268362358002
2154,FP2FM,0.8251413277580791
2155,FP2FM,0.8184409631107882
2156,FP2FM,0.887400817158218
2157,FP2FM,0.859880826033013
2158,FP2FM,0.8528797503561671
2159,FP2FM,0.7986688856185097
2160,FP2FM,0.8319831895281402
2161,FP2FM,0.7861150481554012
2162,FP2FM,0.7610599702083413
0,SoftWorx,0.6946160639122892
1,SoftWorx,0.6864944120627925
2,SoftWorx,0.7012204787100939
3,SoftWorx,0.7228553684036797
4,SoftWorx,0.7862836050408226
5,SoftWorx,0.7769406946914474
6,SoftWorx,0.7990658719137905
7,SoftWorx,0.8320226237809296
8,SoftWorx,0.8236048064115222
9,SoftWorx,0.8201413048289508
10,SoftWorx,0.716450264354633
12,SoftWorx,0.7495626499569336
13,SoftWorx,0.7958490481539081
14,SoftWorx,0.8057890541573903
15,SoftWorx,0.8120219285000699
16,SoftWorx,0.8334592534845433
17,SoftWorx,0.7898203893249349
19,SoftWorx,0.7718462202898858
20,SoftWorx,0.7720347286335901
21,SoftWorx,0.7404517570320056
22,SoftWorx,0.7936562580590615
23,SoftWorx,0.8464098791330826
24,SoftWorx,0.9054744998426117
25,SoftWorx,0.870287755203897
26,SoftWorx,0.9005117206092006
27,SoftWorx,0.8696081529761596
28,SoftWorx,0.8540926825298408
29,SoftWorx,0.894634718535111
30,SoftWorx,0.9318370789865168
31,SoftWorx,0.9430743893698852
32,SoftWorx,0.9702220358432271
33,SoftWorx,0.8980723515926909
34,SoftWorx,0.6003624788204546
35,SoftWorx,0.8708407403530117
36,SoftWorx,0.8046706588543868
37,SoftWorx,0.7990546677949293
38,SoftWorx,0.8383124448466283
39,SoftWorx,0.865926790957468
40,SoftWorx,0.8760075886562849
41,SoftWorx,0.8467100885890073
42,SoftWorx,0.6122772473009868
43,SoftWorx,0.6440129701236292
45,SoftWorx,0.6408290187954527
46,SoftWorx,0.6852305778715908
48,SoftWorx,0.6898732905521049
49,SoftWorx,0.6204444831503185
50,SoftWorx,0.6315237787485362
51,SoftWorx,0.7256609416907115
53,SoftWorx,0.6374196310220086
54,SoftWorx,0.6846248236710673
58,SoftWorx,0.618653381486606
59,SoftWorx,0.7352672236423783
60,SoftWorx,0.6885396949490895
61,SoftWorx,0.6688724802587191
62,SoftWorx,0.7519061350126244
63,SoftWorx,0.7780198898342985
64,SoftWorx,0.7822076308588675
65,SoftWorx,0.7575976722064246
66,SoftWorx,0.7687743231463746
67,SoftWorx,0.811063339467996
68,SoftWorx,0.6881770531819194
69,SoftWorx,0.8374133608294486
70,SoftWorx,0.8299737206188359
71,SoftWorx,0.8270266033806678
72,SoftWorx,0.8533430816117757
73,SoftWorx,0.8126551034992685
74,SoftWorx,0.7713441070533704
75,SoftWorx,0.8254027203563116
76,SoftWorx,0.7164333274009574
77,SoftWorx,0.8448778625299614
78,SoftWorx,0.8643226765424884
79,SoftWorx,0.7854129093299902
80,SoftWorx,0.8825297908858942
81,SoftWorx,0.858387645767666
82,SoftWorx,0.8887590928315554
83,SoftWorx,0.9156427576449612
84,SoftWorx,0.9251624975637147
85,SoftWorx,0.8335726641134379
86,SoftWorx,0.7687844291183478
87,SoftWorx,0.9080841985607032
88,SoftWorx,0.9514100348894529
89,SoftWorx,0.9333364882907413
90,SoftWorx,0.8907813086229612
91,SoftWorx,0.8579432752237535
92,SoftWorx,0.8942328419297199
93,SoftWorx,0.8856119479276259
94,SoftWorx,0.8808914651228484
95,SoftWorx,0.8882997654666637
96,SoftWorx,0.8404941324506615
97,SoftWorx,0.8945769405517546
98,SoftWorx,0.8559089991431095
99,SoftWorx,0.8209328382614495
100,SoftWorx,0.7641792172390468
101,SoftWorx,0.7021192305742424
102,SoftWorx,0.7294962151656369
103,SoftWorx,0.814621427363758
104,SoftWorx,0.8002325028674891
105,SoftWorx,0.8078955348447031
106,SoftWorx,0.8360369288093555
107,SoftWorx,0.8713190794273266
108,SoftWorx,0.8704142158969855
109,SoftWorx,0.8862340037553414
110,SoftWorx,0.857278824446234
111,SoftWorx,0.8449590678873554
112,SoftWorx,0.8503193433774824
113,SoftWorx,0.8330378880295476
114,SoftWorx,0.9379848909831904
115,SoftWorx,0.8395415180471072
116,SoftWorx,0.9156498467794326
117,SoftWorx,0.8646267371808612
118,SoftWorx,0.8919294451747207
119,SoftWorx,0.8934464782414885
120,SoftWorx,0.886302653202549
121,SoftWorx,0.826708583573289
122,SoftWorx,0.8860851302352033
123,SoftWorx,0.7768441639590367
124,SoftWorx,0.859745081644133
125,SoftWorx,0.8381381626412182
126,SoftWorx,0.7183572725278164
127,SoftWorx,0.6982776816078924
128,SoftWorx,0.6776315429886728
129,SoftWorx,0.8416397711543613
131,SoftWorx,0.8938070605364304
132,SoftWorx,0.9121061521386854
133,SoftWorx,0.8595979805307816
134,SoftWorx,0.8257604225099806
135,SoftWorx,0.8969703205087376
136,SoftWorx,0.7946694185502805
137,SoftWorx,0.7242534077933257
138,SoftWorx,0.7934590044607818
139,SoftWorx,0.7979378845227486
140,SoftWorx,0.8842045996009432
141,SoftWorx,0.8028054853759437
142,SoftWorx,0.8158119847396281
143,SoftWorx,0.7875757796393517
144,SoftWorx,0.9003085484451568
145,SoftWorx,0.7961869028251697
146,SoftWorx,0.8057429863266196
147,SoftWorx,0.7544862635285882
148,SoftWorx,0.8609554350962576
149,SoftWorx,0.7198952359696293
150,SoftWorx,0.892300849969642
151,SoftWorx,0.7335885078838199
152,SoftWorx,0.8893744040309786
153,SoftWorx,0.7394935580811348
154,SoftWorx,0.6870679567873953
155,SoftWorx,0.6718991291176669
156,SoftWorx,0.7119403757165055
157,SoftWorx,0.8762433017777778
158,SoftWorx,0.7239463478834438
159,SoftWorx,0.7430263741872732
160,SoftWorx,0.8293300086773647
161,SoftWorx,0.8385009444387143
162,SoftWorx,0.6232881765062506
163,SoftWorx,0.8737996875785163
164,SoftWorx,0.758488243582511
165,SoftWorx,0.5914586779954507
166,SoftWorx,0.7748518471777696
167,SoftWorx,0.625923707926711
168,SoftWorx,0.7518646835832997
169,SoftWorx,0.6980555306606852
170,SoftWorx,0.6579434819227267
171,SoftWorx,0.5720249157495185
172,SoftWorx,0.6163394677407036
173,SoftWorx,0.7262153119656806
175,SoftWorx,0.706343940227874
176,SoftWorx,0.7461057667413225
177,SoftWorx,0.6940589181833838
178,SoftWorx,0.793723591316558
179,SoftWorx,0.7497577830325618
180,SoftWorx,0.6452932628109772
181,SoftWorx,0.7332608476222627
182,SoftWorx,0.7576792568821649
183,SoftWorx,0.7107263777745846
184,SoftWorx,0.5961442555245013
185,SoftWorx,0.702003686643985
186,SoftWorx,0.7142002673444562
189,SoftWorx,0.6555776350429883
190,SoftWorx,0.7329713923734551
194,SoftWorx,0.7139252213266567
196,SoftWorx,0.680772046438392
197,SoftWorx,0.7022914413697342
198,SoftWorx,0.5882745715675389
199,SoftWorx,0.6190992452218017
201,SoftWorx,0.750202129897163
202,SoftWorx,0.6502508206098098
204,SoftWorx,0.7496172431528773
205,SoftWorx,0.6884606794258213
207,SoftWorx,0.7186457001799343
208,SoftWorx,0.6286160587152477
209,SoftWorx,0.6740899823617984
210,SoftWorx,0.792115511487786
211,SoftWorx,0.6457305343712095
215,SoftWorx,0.8103692826122124
216,SoftWorx,0.6700858195773414
218,SoftWorx,0.6645372178714681
219,SoftWorx,0.6372062297771249
224,SoftWorx,0.7826086567485104
225,SoftWorx,0.841384949873321
226,SoftWorx,0.8571230116686597
227,SoftWorx,0.8578808306291489
228,SoftWorx,0.8822542561027823
229,SoftWorx,0.8393668052592577
230,SoftWorx,0.8706878105223542
231,SoftWorx,0.8681866967474333
232,SoftWorx,0.9179448826517335
233,SoftWorx,0.8219253099953228
234,SoftWorx,0.7921580351320396
235,SoftWorx,0.8791891248307242
236,SoftWorx,0.8139657915952913
237,SoftWorx,0.9505093908958688
238,SoftWorx,0.815437668806877
239,SoftWorx,0.9208995800822549
240,SoftWorx,0.8304387101359688
241,SoftWorx,0.9297074367253375
242,SoftWorx,0.8877033406152217
243,SoftWorx,0.9506282396515352
244,SoftWorx,0.9011715467270731
245,SoftWorx,0.9113907333518638
246,SoftWorx,0.8873511977364006
247,SoftWorx,0.900748824151453
248,SoftWorx,0.9085097212788782
249,SoftWorx,0.9033179604630592
250,SoftWorx,0.8917384497820289
251,SoftWorx,0.9566661675299263
252,SoftWorx,0.9816493821226205
253,SoftWorx,0.9118243668449633
254,SoftWorx,0.8930766080951883
255,SoftWorx,0.7914330122278262
256,SoftWorx,0.8820135920803394
257,SoftWorx,0.898412673566475
258,SoftWorx,0.7704544230096229
259,SoftWorx,0.8721783956540191
260,SoftWorx,0.8422208937303182
261,SoftWorx,0.8064925419704249
262,SoftWorx,0.8074518052303034
263,SoftWorx,0.8167596223003941
264,SoftWorx,0.8271413323547636
265,SoftWorx,0.8953570540054617
266,SoftWorx,0.820114080605037
267,SoftWorx,0.8195947954388207
268,SoftWorx,0.7992225795355049
269,SoftWorx,0.8878669836089754
270,SoftWorx,0.8494542534386483
271,SoftWorx,0.9170990292187937
272,SoftWorx,0.8972757145410537
273,SoftWorx,0.9104525872214589
274,SoftWorx,0.8637009758339357
275,SoftWorx,0.8607633459866286
276,SoftWorx,0.8137059612944966
277,SoftWorx,0.8139335043956359
278,SoftWorx,0.8359883048831906
279,SoftWorx,0.7352274621631438
280,SoftWorx,0.7962861629458915
281,SoftWorx,0.7910448239275146
282,SoftWorx,0.7044804968250569
283,SoftWorx,0.6746313262867779
284,SoftWorx,0.865834040102041
285,SoftWorx,0.9133550059343842
286,SoftWorx,0.8503823704803147
287,SoftWorx,0.7499888207450041
288,SoftWorx,0.7101519406178909
289,SoftWorx,0.7516107382231019
290,SoftWorx,0.8188765764422556
291,SoftWorx,0.6989387533923624
292,SoftWorx,0.9060079806774547
293,SoftWorx,0.8700754621287313
294,SoftWorx,0.8912157827435564
295,SoftWorx,0.813248003379229
296,SoftWorx,0.8831208710173223
297,SoftWorx,0.8776521503924022
298,SoftWorx,0.8633789004475771
299,SoftWorx,0.8883334742306165
300,SoftWorx,0.8548939223270747
301,SoftWorx,0.7825154966501363
302,SoftWorx,0.8856207633605442
303,SoftWorx,0.8692542585828137
304,SoftWorx,0.8563512739541395
305,SoftWorx,0.9038151304734882
306,SoftWorx,0.8516695027981132
307,SoftWorx,0.8219821566167061
308,SoftWorx,0.8667593095824431
309,SoftWorx,0.8477706458229056
310,SoftWorx,0.8343025000155952
311,SoftWorx,0.8060241562643808
312,SoftWorx,0.828788944536782
313,SoftWorx,0.8710703510488224
314,SoftWorx,0.8638081583440074
315,SoftWorx,0.8457079865136161
316,SoftWorx,0.7822535041577481
317,SoftWorx,0.8884352664343544
318,SoftWorx,0.8841796073056141
319,SoftWorx,0.8693436718009037
320,SoftWorx,0.861005104247667
321,SoftWorx,0.89917838363455
322,SoftWorx,0.8983933733709877
323,SoftWorx,0.8717827011907165
324,SoftWorx,0.840045908615416
325,SoftWorx,0.8748018559378001
326,SoftWorx,0.88557499869467
327,SoftWorx,0.8618875285822427
328,SoftWorx,0.9387965340798509
329,SoftWorx,0.9153044833668789
330,SoftWorx,0.863925692334318
331,SoftWorx,0.8469663571971818
332,SoftWorx,0.9153742615700489
333,SoftWorx,0.8357352256547915
334,SoftWorx,0.9346395251885518
337,SoftWorx,0.788146837706106
338,SoftWorx,0.7542139161380677
339,SoftWorx,0.7544457575961343
340,SoftWorx,0.7761321658142943
342,SoftWorx,0.8467758969836211
343,SoftWorx,0.8781972086410081
344,SoftWorx,0.7092710791498688
345,SoftWorx,0.7596820532607504
346,SoftWorx,0.7596561652859757
347,SoftWorx,0.7932611603500119
348,SoftWorx,0.8235728779091555
349,SoftWorx,0.8578010816670214
350,SoftWorx,0.8726832313816238
351,SoftWorx,0.7636993389158864
352,SoftWorx,0.8123421525766001
353,SoftWorx,0.8291246484377529
354,SoftWorx,0.8698623593993616
355,SoftWorx,0.7756823034341901
356,SoftWorx,0.8421954706450275
357,SoftWorx,0.789369042297659
358,SoftWorx,0.8664097793276058
359,SoftWorx,0.7838618974842799
360,SoftWorx,0.8512396899704776
361,SoftWorx,0.8315682621317316
362,SoftWorx,0.7770651980519417
363,SoftWorx,0.8551396992154328
364,SoftWorx,0.6366149783102968
365,SoftWorx,0.6142094489786206
366,SoftWorx,0.8411495657871448
367,SoftWorx,0.7786746295430992
368,SoftWorx,0.8265200450529401
369,SoftWorx,0.7371434701678274
370,SoftWorx,0.8596902900503967
371,SoftWorx,0.7977141566953803
373,SoftWorx,0.8658852878422729
374,SoftWorx,0.7993284010029894
375,SoftWorx,0.7186406103287106
376,SoftWorx,0.7643717249318475
377,SoftWorx,0.9077782042137346
378,SoftWorx,0.8618649775912884
379,SoftWorx,0.7626447716238112
380,SoftWorx,0.8877559039272631
381,SoftWorx,0.8249900575741411
382,SoftWorx,0.8841689061705098
383,SoftWorx,0.8859886596950359
384,SoftWorx,0.8754812385137261
385,SoftWorx,0.8658804207124674
386,SoftWorx,0.8919916427458796
387,SoftWorx,0.8208895188233708
388,SoftWorx,0.6948241595151392
389,SoftWorx,0.9047140196759453
390,SoftWorx,0.8638272066857141
391,SoftWorx,0.9262644853623407
392,SoftWorx,0.8935904213251448
393,SoftWorx,0.8243965619636681
394,SoftWorx,0.7152741481341958
395,SoftWorx,0.8242514226369331
396,SoftWorx,0.9188283419689376
397,SoftWorx,0.911270659315273
398,SoftWorx,0.6978572637735391
399,SoftWorx,0.827405257650242
400,SoftWorx,0.8362714719568387
401,SoftWorx,0.8606519546641466
402,SoftWorx,0.8228668185189768
403,SoftWorx,0.8927913878714838
404,SoftWorx,0.8785450750108946
405,SoftWorx,0.9073782913290571
406,SoftWorx,0.7334917966495241
407,SoftWorx,0.9172381104392606
408,SoftWorx,0.7718648168623438
409,SoftWorx,0.905521685038288
410,SoftWorx,0.8939801151316767
411,SoftWorx,0.8515440950366603
412,SoftWorx,0.9250789464162259
413,SoftWorx,0.9203559750054016
414,SoftWorx,0.8012603524406371
415,SoftWorx,0.8048774037565909
416,SoftWorx,0.9414281893655765
417,SoftWorx,0.8901278006621773
418,SoftWorx,0.8427714374654105
419,SoftWorx,0.8090857523135169
420,SoftWorx,0.9438270557696511
421,SoftWorx,0.9017779023489985
422,SoftWorx,0.8355744977740138
423,SoftWorx,0.9055939359661399
424,SoftWorx,0.8193856409817378
425,SoftWorx,0.8955670488563916
426,SoftWorx,0.8460388494108079
427,SoftWorx,0.9303233547094967
428,SoftWorx,0.8336099900854586
429,SoftWorx,0.8372755813470061
430,SoftWorx,0.8896410580052668
431,SoftWorx,0.8173127161056928
432,SoftWorx,0.9313392622427495
433,SoftWorx,0.9521382923945291
434,SoftWorx,0.8511223344656673
435,SoftWorx,0.7932682100202406
436,SoftWorx,0.8659693603806193
437,SoftWorx,0.9521333634275988
438,SoftWorx,0.8384733692703666
439,SoftWorx,0.9485162098598234
440,SoftWorx,0.9323244393785097
441,SoftWorx,0.8333106915287317
442,SoftWorx,0.8449324925408269
443,SoftWorx,0.9228295223194825
444,SoftWorx,0.8543316316262621
445,SoftWorx,0.9743717342268241
446,SoftWorx,0.9040105688182234
447,SoftWorx,0.8312738517664611
448,SoftWorx,0.8863238012620823
449,SoftWorx,0.8729635402500152
450,SoftWorx,0.8006330238156227
451,SoftWorx,0.8361798254738538
452,SoftWorx,0.8737942075349209
453,SoftWorx,0.8093777522541956
454,SoftWorx,0.8681691140892247
455,SoftWorx,0.901572328205299
456,SoftWorx,0.9186294940468602
457,SoftWorx,0.8339448987325065
458,SoftWorx,0.8514778996273565
459,SoftWorx,0.8340712671055552
460,SoftWorx,0.8431123778978762
461,SoftWorx,0.8519904184748657
462,SoftWorx,0.8705508552824497
463,SoftWorx,0.8214642680222386
464,SoftWorx,0.7722181095660908
465,SoftWorx,0.902898960014252
466,SoftWorx,0.8458605627932834
467,SoftWorx,0.8758263217886011
468,SoftWorx,0.7894884778078325
469,SoftWorx,0.7894620358773995
470,SoftWorx,0.888569419873435
471,SoftWorx,0.7561696509882735
472,SoftWorx,0.9108110361302598
473,SoftWorx,0.792992750502084
474,SoftWorx,0.7403723209612613
475,SoftWorx,0.8716684529694311
476,SoftWorx,0.8793938063969274
477,SoftWorx,0.8050988734444602
478,SoftWorx,0.8613482213513884
479,SoftWorx,0.8097851343595172
480,SoftWorx,0.8603305658296125
481,SoftWorx,0.7946453480335866
482,SoftWorx,0.7967495615086923
483,SoftWorx,0.9080083715532117
484,SoftWorx,0.7883185824245398
485,SoftWorx,0.8820559208547457
486,SoftWorx,0.9112131067742401
487,SoftWorx,0.8062977523314546
488,SoftWorx,0.9245053188413399
489,SoftWorx,0.6774143419018166
490,SoftWorx,0.8039999773687969
491,SoftWorx,0.9099115549426946
492,SoftWorx,0.774384739305417
493,SoftWorx,0.8906423935130976
494,SoftWorx,0.9077800004768724
495,SoftWorx,0.7522051170668806
496,SoftWorx,0.9141826440564649
497,SoftWorx,0.7242168315685193
498,SoftWorx,0.9052311307177585
499,SoftWorx,0.7840993140122313
500,SoftWorx,0.8123257692559062
502,SoftWorx,0.7092417876530872
503,SoftWorx,0.7564108817001839
504,SoftWorx,0.8479462532606987
505,SoftWorx,0.766505406725738
506,SoftWorx,0.8460512089938094
507,SoftWorx,0.7880276934207728
508,SoftWorx,0.7948758803919183
509,SoftWorx,0.8616827664127824
510,SoftWorx,0.8145129448383228
511,SoftWorx,0.7843056001740935
512,SoftWorx,0.8976463305661995
513,SoftWorx,0.8773522445936675
514,SoftWorx,0.8855183490867525
515,SoftWorx,0.8932110240379606
516,SoftWorx,0.8376351687044516
517,SoftWorx,0.773589692282367
518,SoftWorx,0.8527314069282199
519,SoftWorx,0.8409606710585207
520,SoftWorx,0.8108512235195354
521,SoftWorx,0.7906491814258184
522,SoftWorx,0.849065385089827
523,SoftWorx,0.8406162771008839
524,SoftWorx,0.8497858502123893
525,SoftWorx,0.7912147470801627
526,SoftWorx,0.8414377959704682
527,SoftWorx,0.8931586962371973
528,SoftWorx,0.9570250768968455
529,SoftWorx,0.8092836136098129
530,SoftWorx,0.856073422362709
531,SoftWorx,0.8963862467393763
532,SoftWorx,0.89441365535324
533,SoftWorx,0.8809535294356425
534,SoftWorx,0.675640164134465
535,SoftWorx,0.8693772369848398
536,SoftWorx,0.9412193933142275
537,SoftWorx,0.8239365134601757
538,SoftWorx,0.8912130215731161
539,SoftWorx,0.8799076367730584
540,SoftWorx,0.9099233257209387
541,SoftWorx,0.9095300992370683
542,SoftWorx,0.7932421935844395
543,SoftWorx,0.7226684533332423
544,SoftWorx,0.9053361406049447
545,SoftWorx,0.8854076789359084
546,SoftWorx,0.7987692264962738
547,SoftWorx,0.8862416274386217
548,SoftWorx,0.7838768578501444
549,SoftWorx,0.8123726701458724
550,SoftWorx,0.8143158148608309
551,SoftWorx,0.8736301530660396
552,SoftWorx,0.8229034560617072
553,SoftWorx,0.846025957493378
554,SoftWorx,0.7882359689277425
555,SoftWorx,0.7204457288456103
556,SoftWorx,0.7386982139468451
557,SoftWorx,0.7795580705615356
558,SoftWorx,0.8921575809812035
559,SoftWorx,0.7549629837512011
560,SoftWorx,0.6882463546757794
561,SoftWorx,0.8398438753554015
562,SoftWorx,0.8953045362447503
563,SoftWorx,0.7451096274326757
564,SoftWorx,0.7515798309165196
565,SoftWorx,0.755443872129411
566,SoftWorx,0.762507567680499
567,SoftWorx,0.6765453865711575
568,SoftWorx,0.7739062499999998
569,SoftWorx,0.7389458668411099
570,SoftWorx,0.8526241705764829
571,SoftWorx,0.7650644722486816
572,SoftWorx,0.7521314996282911
573,SoftWorx,0.6325646712757723
574,SoftWorx,0.7470406802775414
575,SoftWorx,0.7905325940194016
576,SoftWorx,0.7191111955367028
577,SoftWorx,0.7190874402071133
578,SoftWorx,0.7591465985419498
579,SoftWorx,0.7960882351487836
580,SoftWorx,0.7647020135472716
581,SoftWorx,0.6310749793998479
582,SoftWorx,0.7630147456400972
583,SoftWorx,0.7757203008414679
584,SoftWorx,0.6562607125460086
585,SoftWorx,0.783815635236977
586,SoftWorx,0.7692671609213818
588,SoftWorx,0.6253902530703532
589,SoftWorx,0.7043973893600638
590,SoftWorx,0.6318660907977999
591,SoftWorx,0.7081182814899095
592,SoftWorx,0.7608156968896608
593,SoftWorx,0.7638872074100508
594,SoftWorx,0.7911795861607
595,SoftWorx,0.8144368843913888
596,SoftWorx,0.8188217850507631
597,SoftWorx,0.819695793482863
598,SoftWorx,0.8004331530040699
599,SoftWorx,0.8221524376067991
600,SoftWorx,0.8173296282937859
601,SoftWorx,0.8330600360964788
602,SoftWorx,0.8259412766571391
603,SoftWorx,0.8187685869511196
604,SoftWorx,0.8834337375144999
605,SoftWorx,0.8581053360300409
606,SoftWorx,0.868590205797034
607,SoftWorx,0.8692584008926595
608,SoftWorx,0.8289239476452394
609,SoftWorx,0.8613474594822903
610,SoftWorx,0.8338158856620579
611,SoftWorx,0.8861212284645231
612,SoftWorx,0.8901835961134746
613,SoftWorx,0.9044668724888513
614,SoftWorx,0.857094313928092
615,SoftWorx,0.9230745547015741
616,SoftWorx,0.8358798524101263
617,SoftWorx,0.8497050451217908
618,SoftWorx,0.833745845098434
619,SoftWorx,0.6924962207369557
620,SoftWorx,0.6049079627497853
621,SoftWorx,0.6171414708134753
623,SoftWorx,0.7197387149383887
624,SoftWorx,0.6659187461391802
626,SoftWorx,0.67604679161353
627,SoftWorx,0.895290207820334
628,SoftWorx,0.8626709887491595
629,SoftWorx,0.9039602779129537
630,SoftWorx,0.7623493411511435
631,SoftWorx,0.8309604689003242
632,SoftWorx,0.8977979553532486
633,SoftWorx,0.8375828796956151
634,SoftWorx,0.8890557206076953
635,SoftWorx,0.9033860860061268
636,SoftWorx,0.8706954679654689
637,SoftWorx,0.8790729602897331
638,SoftWorx,0.8472765973945807
639,SoftWorx,0.9029724678256517
640,SoftWorx,0.8918560860879716
641,SoftWorx,0.8309665627984336
642,SoftWorx,0.7763731551189391
643,SoftWorx,0.8269033176021586
644,SoftWorx,0.725213209311667
645,SoftWorx,0.8568660387265162
646,SoftWorx,0.8632407389205642
647,SoftWorx,0.7749945504132993
648,SoftWorx,0.8259775942233593
649,SoftWorx,0.8847059813190462
650,SoftWorx,0.9126355806342948
651,SoftWorx,0.9118029960080485
652,SoftWorx,0.9113888558450666
653,SoftWorx,0.9545540900973525
654,SoftWorx,0.8793194134765667
655,SoftWorx,0.9190584971043355
656,SoftWorx,0.9188908729926871
657,SoftWorx,0.9143708413543022
658,SoftWorx,0.8020960152801805
659,SoftWorx,0.934554584302721
660,SoftWorx,0.8305704371115863
661,SoftWorx,0.8939705185421385
662,SoftWorx,0.8569921125226685
663,SoftWorx,0.8669736589936543
664,SoftWorx,0.9161303606103844
665,SoftWorx,0.7691387333477978
666,SoftWorx,0.8908209515229009
667,SoftWorx,0.8244415530311574
668,SoftWorx,0.8594361808855104
669,SoftWorx,0.7433912128846276
670,SoftWorx,0.823613607915931
671,SoftWorx,0.8118155170533369
672,SoftWorx,0.7321573890535068
673,SoftWorx,0.7494443682402528
674,SoftWorx,0.7361874216184466
675,SoftWorx,0.63792737009242
676,SoftWorx,0.8670866358354071
677,SoftWorx,0.867463666729204
678,SoftWorx,0.8407271109302052
679,SoftWorx,0.8234728322353999
680,SoftWorx,0.7836724243864525
681,SoftWorx,0.7701169582057176
682,SoftWorx,0.8021998634431273
684,SoftWorx,0.8423877319962092
686,SoftWorx,0.8461476878648577
687,SoftWorx,0.7323237886312092
691,SoftWorx,0.7738908287904102
692,SoftWorx,0.8053613952271703
693,SoftWorx,0.5923960216999016
695,SoftWorx,0.7220247243332375
701,SoftWorx,0.7487195228036778
702,SoftWorx,0.8237969727966915
703,SoftWorx,0.8640611726145383
704,SoftWorx,0.8996931926581522
705,SoftWorx,0.9341869017008507
706,SoftWorx,0.9153399182556422
707,SoftWorx,0.920237356079866
708,SoftWorx,0.9004276023894713
709,SoftWorx,0.8982368897996245
710,SoftWorx,0.8807436842856715
711,SoftWorx,0.8017163839784074
712,SoftWorx,0.8846842942285644
713,SoftWorx,0.9158440693991269
714,SoftWorx,0.8767105880024422
715,SoftWorx,0.9093210239010733
716,SoftWorx,0.8968293170435989
717,SoftWorx,0.8369542883910657
718,SoftWorx,0.8116755973519137
719,SoftWorx,0.824820090481592
720,SoftWorx,0.8380672675777359
721,SoftWorx,0.8191233383575365
722,SoftWorx,0.7931281737347048
723,SoftWorx,0.7654597614461306
724,SoftWorx,0.7550220425029073
725,SoftWorx,0.7694288747752575
726,SoftWorx,0.7018660561638961
727,SoftWorx,0.778055598310507
728,SoftWorx,0.7871349377268909
729,SoftWorx,0.8153738767124765
730,SoftWorx,0.7248905670723066
731,SoftWorx,0.6746424581491015
732,SoftWorx,0.7894016336403581
733,SoftWorx,0.8745764136340578
734,SoftWorx,0.8545185778224212
735,SoftWorx,0.8389851764510636
736,SoftWorx,0.8246915902689885
737,SoftWorx,0.8380507999514096
738,SoftWorx,0.8656071617317574
739,SoftWorx,0.8601005441486813
740,SoftWorx,0.8677216393126516
741,SoftWorx,0.8839179478431949
742,SoftWorx,0.8649803270034198
743,SoftWorx,0.8304553273151347
744,SoftWorx,0.8851695116979748
745,SoftWorx,0.8894848862588458
746,SoftWorx,0.8489765094790453
747,SoftWorx,0.8978141835700506
748,SoftWorx,0.8346651013731585
749,SoftWorx,0.8935974705044051
750,SoftWorx,0.8412093966126923
751,SoftWorx,0.9005679527792589
752,SoftWorx,0.8828003749550782
753,SoftWorx,0.8494243721794095
754,SoftWorx,0.7981755008096196
755,SoftWorx,0.8148426689488418
756,SoftWorx,0.8998514947970591
757,SoftWorx,0.8916307929014936
758,SoftWorx,0.8993689242795166
759,SoftWorx,0.8742709896669035
760,SoftWorx,0.8410651129341725
761,SoftWorx,0.8766478900665379
762,SoftWorx,0.8562321260779516
763,SoftWorx,0.8536921242989876
764,SoftWorx,0.8462453442614135
765,SoftWorx,0.7051543946125514
766,SoftWorx,0.876366026173802
767,SoftWorx,0.9212147678624834
768,SoftWorx,0.8206527189157783
769,SoftWorx,0.9233821830973975
770,SoftWorx,0.9281133446414858
771,SoftWorx,0.873313389144672
772,SoftWorx,0.896591720792561
773,SoftWorx,0.9015948393222328
774,SoftWorx,0.8891303078426067
775,SoftWorx,0.869117096618052
776,SoftWorx,0.8694772281858253
777,SoftWorx,0.8230812363702774
778,SoftWorx,0.8953029419347631
779,SoftWorx,0.8316848280811634
780,SoftWorx,0.901810244192952
781,SoftWorx,0.8991071535927111
782,SoftWorx,0.9089177005392639
783,SoftWorx,0.8647117745625136
784,SoftWorx,0.9449705629977937
785,SoftWorx,0.9272888116274741
786,SoftWorx,0.9034175232956907
787,SoftWorx,0.892692407685163
788,SoftWorx,0.9054556085586508
789,SoftWorx,0.8917401953685437
790,SoftWorx,0.8972868033942456
791,SoftWorx,0.927958391265622
792,SoftWorx,0.8921918733711841
793,SoftWorx,0.8777280226665166
794,SoftWorx,0.8978551820553984
795,SoftWorx,0.8169212547895088
796,SoftWorx,0.8176587614174816
797,SoftWorx,0.9565113354782677
798,SoftWorx,0.8209352043586065
799,SoftWorx,0.9605766673928091
800,SoftWorx,0.8792084476286646
801,SoftWorx,0.8020204328603143
802,SoftWorx,0.8610220901007126
803,SoftWorx,0.8932304558455209
804,SoftWorx,0.7734543134234515
805,SoftWorx,0.8082755157190312
806,SoftWorx,0.8999356593111297
807,SoftWorx,0.8740005213530615
808,SoftWorx,0.7821845784834333
809,SoftWorx,0.820635673224043
810,SoftWorx,0.888045608445691
811,SoftWorx,0.8986730471990891
812,SoftWorx,0.8653512597626484
813,SoftWorx,0.7931290729696799
814,SoftWorx,0.8175957749798122
815,SoftWorx,0.750077047067063
816,SoftWorx,0.8441234914995394
817,SoftWorx,0.8961462689660831
818,SoftWorx,0.6299173262791278
819,SoftWorx,0.7691338735682265
820,SoftWorx,0.7609573548565508
822,SoftWorx,0.9132156201266535
823,SoftWorx,0.7272509353196116
824,SoftWorx,0.8745254391992483
825,SoftWorx,0.7807169721956289
826,SoftWorx,0.9033902187772801
827,SoftWorx,0.8877727877454898
828,SoftWorx,0.7868618135701874
829,SoftWorx,0.8335282882082985
830,SoftWorx,0.7403462024824724
831,SoftWorx,0.8601293631662271
833,SoftWorx,0.9037519081649608
834,SoftWorx,0.8888126728703365
835,SoftWorx,0.9214033660528983
836,SoftWorx,0.8288642562887909
837,SoftWorx,0.8999773326462488
838,SoftWorx,0.879557759297858
839,SoftWorx,0.8483367639044097
840,SoftWorx,0.874519673398904
841,SoftWorx,0.8080180824515054
842,SoftWorx,0.6972921755316067
843,SoftWorx,0.9129709332417483
844,SoftWorx,0.8792639590128789
845,SoftWorx,0.8688909414075437
847,SoftWorx,0.9151872915573257
848,SoftWorx,0.8341710791482343
849,SoftWorx,0.8377383413767229
850,SoftWorx,0.8757703353279439
851,SoftWorx,0.8750288074058558
852,SoftWorx,0.9018941831887479
853,SoftWorx,0.9045548449273094
854,SoftWorx,0.9095013147773481
855,SoftWorx,0.8366612675107503
856,SoftWorx,0.8226283085597497
857,SoftWorx,0.7717558871457555
858,SoftWorx,0.7991725931225475
859,SoftWorx,0.7744779346493347
860,SoftWorx,0.9167234354647229
861,SoftWorx,0.7768695718287553
862,SoftWorx,0.9820613501933549
863,SoftWorx,0.8924431419641778
864,SoftWorx,0.9648680423409193
865,SoftWorx,0.9015156370625955
866,SoftWorx,0.9264166515915707
867,SoftWorx,0.9122502475706469
868,SoftWorx,0.8710955360850833
869,SoftWorx,0.908612670031282
870,SoftWorx,0.9141419533454437
871,SoftWorx,0.9263435346430021
872,SoftWorx,0.7747537567188012
873,SoftWorx,0.9526736285423456
874,SoftWorx,0.96580175747095
875,SoftWorx,0.9255249687858832
876,SoftWorx,0.8181118579240948
877,SoftWorx,0.8210598276645287
878,SoftWorx,0.817817672398603
879,SoftWorx,0.8298525699444186
880,SoftWorx,0.8414447777274987
881,SoftWorx,0.8827151374001319
882,SoftWorx,0.8464306260224612
883,SoftWorx,0.8856055921397765
884,SoftWorx,0.8633626329540913
886,SoftWorx,0.8727981706753188
887,SoftWorx,0.7758228083283447
888,SoftWorx,0.7874415570444131
889,SoftWorx,0.8955783190679263
890,SoftWorx,0.9068760336112837
891,SoftWorx,0.9359152814223793
892,SoftWorx,0.9867733558751989
893,SoftWorx,1.002210862090173
894,SoftWorx,0.9140823395599673
895,SoftWorx,0.8260321280418919
896,SoftWorx,0.8793132079993223
897,SoftWorx,0.9252143295960253
898,SoftWorx,0.8900626301801687
899,SoftWorx,0.9455625005145406
900,SoftWorx,0.8618587318137438
901,SoftWorx,0.7457043140210321
902,SoftWorx,0.9121158662017002
903,SoftWorx,0.7426152844055836
904,SoftWorx,0.901943687865978
905,SoftWorx,0.8098569751548758
906,SoftWorx,0.8613041475949457
907,SoftWorx,0.8303840305566961
908,SoftWorx,0.7246693142869727
909,SoftWorx,0.8348394487179979
911,SoftWorx,0.8080978452369031
912,SoftWorx,0.8110349355244187
913,SoftWorx,0.8244843952838198
914,SoftWorx,0.9075948084583653
915,SoftWorx,0.8247036242397535
916,SoftWorx,0.8537005942474829
917,SoftWorx,0.8202741598121818
918,SoftWorx,0.8608335814523084
919,SoftWorx,0.8411629970257866
920,SoftWorx,0.8538142030750614
921,SoftWorx,0.8543544478518681
922,SoftWorx,0.8667612147838752
923,SoftWorx,0.8865879674546358
924,SoftWorx,0.9650911330990902
925,SoftWorx,0.8388367843673668
926,SoftWorx,0.7823189909965852
927,SoftWorx,0.860322393139982
928,SoftWorx,0.9361033076607332
931,SoftWorx,0.8986408788194865
932,SoftWorx,0.8243490243987589
933,SoftWorx,0.8074565405082951
934,SoftWorx,0.8967984778344599
935,SoftWorx,0.850978880883391
936,SoftWorx,0.8886040123076333
937,SoftWorx,0.8943084716684395
938,SoftWorx,0.8650185405022953
939,SoftWorx,0.8865279328287521
940,SoftWorx,0.8910665891878077
942,SoftWorx,0.8559989633465883
943,SoftWorx,0.8341398124787212
944,SoftWorx,0.8324355335989468
945,SoftWorx,0.9496929847873489
946,SoftWorx,0.8283567345878468
947,SoftWorx,0.9688835201644687
948,SoftWorx,0.8180693021139938
949,SoftWorx,0.8692413540383482
950,SoftWorx,0.934597760959682
951,SoftWorx,0.8801991814896971
952,SoftWorx,0.8909921553973751
953,SoftWorx,0.9425207395420805
954,SoftWorx,0.8788425580437427
955,SoftWorx,0.8872712512338322
956,SoftWorx,0.8053792249303443
957,SoftWorx,0.8669110084088677
958,SoftWorx,0.9383095677803946
959,SoftWorx,0.867574082145489
960,SoftWorx,0.9053710093403557
961,SoftWorx,0.8597016542526101
962,SoftWorx,0.9320610481854087
963,SoftWorx,0.8672413551718666
964,SoftWorx,0.8546135625268301
965,SoftWorx,0.8717204189270463
966,SoftWorx,0.9286482290835704
967,SoftWorx,0.9867687399878722
968,SoftWorx,0.9231068159867413
969,SoftWorx,0.9078229291754077
970,SoftWorx,0.8686306699226517
971,SoftWorx,0.7184345423181022
972,SoftWorx,0.9306035850744557
973,SoftWorx,0.9050929690835476
974,SoftWorx,0.8507650020484588
975,SoftWorx,0.8711471149567112
976,SoftWorx,0.851830931494358
977,SoftWorx,0.9489787364228246
978,SoftWorx,0.8331624062173263
979,SoftWorx,0.9076625414007259
980,SoftWorx,0.9181595958495519
981,SoftWorx,0.8837858071323439
982,SoftWorx,0.7775486132910695
983,SoftWorx,0.7535799998574926
984,SoftWorx,0.8688640667855491
985,SoftWorx,0.8801417965495968
986,SoftWorx,0.6952545654091548
987,SoftWorx,0.8761408457146361
988,SoftWorx,0.8038166410792663
989,SoftWorx,0.8524912931648876
990,SoftWorx,0.8374022724150556
991,SoftWorx,0.8328314371945142
992,SoftWorx,0.9188346106283374
993,SoftWorx,0.8244699790105477
994,SoftWorx,0.7961714356750612
995,SoftWorx,0.8461425933554831
996,SoftWorx,0.7401775441937521
997,SoftWorx,0.866648159715096
998,SoftWorx,0.7649148411419334
999,SoftWorx,0.7776867053334678
1000,SoftWorx,0.8385870786913582
1001,SoftWorx,0.8392201742986087
1002,SoftWorx,0.8824245274134462
1003,SoftWorx,0.8574983459126834
1004,SoftWorx,0.823087597048266
1005,SoftWorx,0.8685859999553769
1006,SoftWorx,0.8641686583181865
1007,SoftWorx,0.8024862735135297
1008,SoftWorx,0.8961870110271463
1009,SoftWorx,0.8143551446511311
1010,SoftWorx,0.7910619976251435
1011,SoftWorx,0.8374431508639548
1012,SoftWorx,0.9289389790596553
1013,SoftWorx,0.860115262533089
1014,SoftWorx,0.8717101422575348
1015,SoftWorx,0.9040210313563912
1016,SoftWorx,0.9314214679788737
1017,SoftWorx,0.9127516599732172
1018,SoftWorx,0.9011889334310119
1019,SoftWorx,0.8971850674748002
1020,SoftWorx,0.9093675810618351
1021,SoftWorx,0.7704926817482659
1022,SoftWorx,0.8654841189472887
1023,SoftWorx,0.9087276614149834
1024,SoftWorx,0.8395163122732122
1025,SoftWorx,0.8224276647269038
1026,SoftWorx,0.8507463394736956
1027,SoftWorx,0.8849640791843206
1028,SoftWorx,0.8789503138117897
1029,SoftWorx,0.8146787364414533
1030,SoftWorx,0.8420988900016577
1031,SoftWorx,0.8879418933042569
1032,SoftWorx,0.7063837746083731
1033,SoftWorx,0.9226511344301052
1034,SoftWorx,0.8295352462536335
1035,SoftWorx,0.8911212183083778
1036,SoftWorx,0.8507890293846794
1037,SoftWorx,0.8707373903492155
1038,SoftWorx,0.8840403802979306
1039,SoftWorx,0.8850491711443259
1040,SoftWorx,0.8953623218515547
1041,SoftWorx,0.8857913593083903
1042,SoftWorx,0.8964532591844729
1043,SoftWorx,0.8997020292765814
1044,SoftWorx,0.88595079941019
1045,SoftWorx,0.8741667146527221
1046,SoftWorx,0.9395019965315446
1047,SoftWorx,0.8638150512345553
1048,SoftWorx,0.9576537552747207
1049,SoftWorx,0.912918502217038
1050,SoftWorx,0.8767248047008354
1051,SoftWorx,0.9522010005297953
1052,SoftWorx,0.914576165971017
1053,SoftWorx,0.902325505825508
1054,SoftWorx,0.8944175940194415
1055,SoftWorx,0.8812085726295124
1056,SoftWorx,0.8985309865725839
1057,SoftWorx,0.9013023412622145
1058,SoftWorx,0.7645404033333706
1059,SoftWorx,0.8681461328230694
1060,SoftWorx,0.9047979192598082
1061,SoftWorx,0.9165842168937913
1062,SoftWorx,0.9289822241094765
1063,SoftWorx,0.7639003717716886
1064,SoftWorx,0.8682387010745405
1065,SoftWorx,0.8449156034815034
1066,SoftWorx,0.8927990511794688
1067,SoftWorx,0.8956874223277335
1068,SoftWorx,0.9064734302539877
1069,SoftWorx,0.8770083861262169
1070,SoftWorx,0.8781646615070418
1071,SoftWorx,0.8330690525103752
